{
"type": "FeatureCollection",
"name": "mahalle",
"crs": { "type": "name", "properties": { "name": "urn:ogc:def:crs:EPSG::3857" } },
"features": [
{ "type": "Feature", "properties": { "fid": 1, "OBJECTID": 1, "AD": "YÜKSEK", "KIMLIKNO": 21155, "TANITIMKOD": "11", "SHAPE_Leng": 18793.1346787, "SHAPE_Area": 12262604.682399999 }, "geometry": { "type": "MultiPolygon", "coordinates": [ [ [ [ 4570913.583057049661875, 4598620.442598422989249 ], [ 4570894.93539703078568, 4598579.492446616292 ], [ 4570881.373444170691073, 4598551.473977723158896 ], [ 4570855.945034885779023, 4598516.989840025082231 ], [ 4570820.345080012455583, 4598484.660975567996502 ], [ 4570776.268992006778717, 4598458.798009359277785 ], [ 4570762.707144076004624, 4598435.090392482466996 ], [ 4570755.926235279068351, 4598409.227565043605864 ], [ 4570754.230910459533334, 4598372.588544898666441 ], [ 4570752.535721422173083, 4598340.260177186690271 ], [ 4570752.535733145661652, 4598307.931966310366988 ], [ 4570745.754674246534705, 4598266.983013613149524 ], [ 4570735.58338188752532, 4598228.189270100556314 ], [ 4570728.802410640753806, 4598195.861421797424555 ], [ 4570728.802455150522292, 4598150.602680347859859 ], [ 4570733.888243556022644, 4598111.809390311129391 ], [ 4570737.278702517040074, 4598092.412893179804087 ], [ 4570752.535754252225161, 4598070.86118193063885 ], [ 4570761.011909928172827, 4598053.619936711154878 ], [ 4570766.097577978856862, 4598029.913194118067622 ], [ 4570764.402308937162161, 4598001.89615086466074 ], [ 4570761.011878093704581, 4597967.413880494423211 ], [ 4570764.402277518995106, 4597935.086682002060115 ], [ 4570762.707133394666016, 4597896.294340628199279 ], [ 4570752.111880959011614, 4597870.702231174334884 ], [ 4570752.111821218393743, 4597849.689803563058376 ], [ 4570750.840509756468236, 4597814.130395771935582 ], [ 4570750.840495484881103, 4597776.954809969291091 ], [ 4570754.654686203226447, 4597754.326295640319586 ], [ 4570759.74045074544847, 4597739.779369879513979 ], [ 4570758.468960856087506, 4597717.150764035061002 ], [ 4570749.569101834669709, 4597696.138754237443209 ], [ 4570745.754679304547608, 4597681.591898716986179 ], [ 4570744.483402876183391, 4597654.114592244848609 ], [ 4570743.211979261599481, 4597634.718877213075757 ], [ 4570748.297568960115314, 4597616.939678514376283 ], [ 4570759.740421728231013, 4597595.927670834586024 ], [ 4570772.454712677747011, 4597578.148457545787096 ], [ 4570776.268978911451995, 4597553.904151044785976 ], [ 4570776.616657290607691, 4597545.064008645713329 ], [ 4570776.930071283131838, 4597537.096798374317586 ], [ 4570820.267999181523919, 4597536.55701258033514 ], [ 4570943.25709386728704, 4597535.067326420918107 ], [ 4571011.153132345527411, 4597534.150985515676439 ], [ 4571008.163056823424995, 4597525.867334089241922 ], [ 4570998.777692338451743, 4597499.866458279080689 ], [ 4570979.679934937506914, 4597486.801977764815092 ], [ 4570953.181935193948448, 4597463.110201031900942 ], [ 4570894.775312379933894, 4597373.576670326292515 ], [ 4570879.159458274021745, 4597315.466162338852882 ], [ 4570880.213935538195074, 4597282.166179643012583 ], [ 4570871.719916729256511, 4597222.098579994402826 ], [ 4570840.627631031908095, 4597193.113387349061668 ], [ 4570808.342063999734819, 4597150.664582964032888 ], [ 4570784.88923332374543, 4597102.622720452025533 ], [ 4570759.387156564742327, 4597083.405832416377962 ], [ 4570746.934968288056552, 4597046.810290107503533 ], [ 4570733.647408805787563, 4597012.931666927412152 ], [ 4570712.263767282478511, 4596977.434837724082172 ], [ 4570700.846194907091558, 4596947.111879669129848 ], [ 4570690.3239043392241, 4596916.76916753128171 ], [ 4570689.429746689274907, 4596876.319221103563905 ], [ 4570680.459419180639088, 4596835.150191862136126 ], [ 4570657.663543802686036, 4596816.772463026456535 ], [ 4570625.836804976686835, 4596794.998709225095809 ], [ 4570626.713328698650002, 4596753.610523635521531 ], [ 4570612.471782729960978, 4596717.055834343656898 ], [ 4570598.786584716290236, 4596705.66973050031811 ], [ 4570596.499802345409989, 4596683.237904607318342 ], [ 4570603.104690334759653, 4596657.910051727667451 ], [ 4570601.574070303700864, 4596629.166331577114761 ], [ 4570605.175840524025261, 4596589.516672392375767 ], [ 4570602.888949362561107, 4596567.08497216552496 ], [ 4570586.141226336359978, 4596538.680530624464154 ], [ 4570578.185969672165811, 4596502.88583883177489 ], [ 4570568.698578859679401, 4596478.816281898878515 ], [ 4570570.748523795045912, 4596449.99328442197293 ], [ 4570565.518358864821494, 4596415.936737145297229 ], [ 4570554.659377556294203, 4596370.315029420889914 ], [ 4570553.964428855106235, 4596338.85559390578419 ], [ 4570581.676019158214331, 4596255.504753202199936 ], [ 4570544.91904495190829, 4596213.158357243053615 ], [ 4570479.47596833948046, 4596250.586734289303422 ], [ 4570463.405951862223446, 4596212.275899699889123 ], [ 4570402.978088109754026, 4596192.937857650220394 ], [ 4570341.038109008222818, 4596186.223029688932002 ], [ 4570301.537666015326977, 4596141.239372947253287 ], [ 4570252.166092090308666, 4596176.509931683540344 ], [ 4570228.494158856570721, 4596199.518183735199273 ], [ 4570181.073947036638856, 4596201.472154954448342 ], [ 4570126.730696462094784, 4596214.370975263416767 ], [ 4570070.458559510298073, 4596221.017619182355702 ], [ 4570031.192981712520123, 4596227.285899131558836 ], [ 4569994.77126729208976, 4596240.685088382102549 ], [ 4570001.750029599294066, 4596272.903863730840385 ], [ 4570014.158975108526647, 4596307.700066945515573 ], [ 4570030.049225783906877, 4596337.922443103976548 ], [ 4570034.111018906347454, 4596359.684711552225053 ], [ 4569992.615342021919787, 4596386.686181190423667 ], [ 4569971.021702912636101, 4596402.453901998698711 ], [ 4569970.174209578894079, 4596424.954922959208488 ], [ 4569972.419953584671021, 4596445.588699555955827 ], [ 4569981.220679829828441, 4596458.882468385621905 ], [ 4569984.032886206172407, 4596484.899565146304667 ], [ 4569987.69064150378108, 4596508.649684878066182 ], [ 4569962.56974121555686, 4596486.275802520103753 ], [ 4569934.722045205533504, 4596482.39798650611192 ], [ 4569881.981259199790657, 4596466.48288148548454 ], [ 4569845.461606846190989, 4596455.153483375906944 ], [ 4569826.157128521241248, 4596452.884232613258064 ], [ 4569821.333016973920166, 4596457.487830786034465 ], [ 4569801.45001913048327, 4596469.620056253857911 ], [ 4569752.354535110294819, 4596497.239259488880634 ], [ 4569724.234900427050889, 4596521.694711151532829 ], [ 4569727.296227647922933, 4596538.71347236726433 ], [ 4569745.453551664948463, 4596570.235681511461735 ], [ 4569760.935573141090572, 4596602.266893197782338 ], [ 4569767.767045247368515, 4596614.255846416577697 ], [ 4569753.587198486551642, 4596631.207797189243138 ], [ 4569733.842422818765044, 4596649.632324506528676 ], [ 4569705.101638766936958, 4596666.23293038085103 ], [ 4569691.107098005712032, 4596671.264924424700439 ], [ 4569675.565733435563743, 4596677.230466328561306 ], [ 4569643.867364624515176, 4596681.531163616105914 ], [ 4569622.214676545932889, 4596684.484565570950508 ], [ 4569608.066807175055146, 4596682.550141252577305 ], [ 4569605.169019659981132, 4596632.253163590095937 ], [ 4569604.632821338251233, 4596587.524522427469492 ], [ 4569594.230054109357297, 4596582.809066351503134 ], [ 4569570.435632162727416, 4596602.896780289709568 ], [ 4569514.016753183677793, 4596643.717524755746126 ], [ 4569477.13247477542609, 4596676.910607602447271 ], [ 4569386.815956993959844, 4596723.878299413248897 ], [ 4569373.165331408381462, 4596754.757577276788652 ], [ 4569356.289636738598347, 4596801.896294356323779 ], [ 4569319.641299575567245, 4596845.875911075621843 ], [ 4569280.767897553741932, 4596870.119689514860511 ], [ 4569248.89755797944963, 4596887.013562591746449 ], [ 4569247.58114139828831, 4596908.626716996543109 ], [ 4569271.131822609342635, 4596920.695711285807192 ], [ 4569305.029531820677221, 4596914.548805925995111 ], [ 4569309.084156279452145, 4596936.042897033505142 ], [ 4569345.364811791107059, 4596956.82309821434319 ], [ 4569370.62700068205595, 4596965.256677287630737 ], [ 4569400.023102565668523, 4596998.779940667562187 ], [ 4569381.001086052507162, 4597029.779229092411697 ], [ 4569332.175190287642181, 4597090.217964649200439 ], [ 4569302.845283905975521, 4597141.231453696265817 ], [ 4569269.57878714799881, 4597176.14394289534539 ], [ 4569233.495071039535105, 4597164.352262946777046 ], [ 4569197.529757720418274, 4597157.953914947807789 ], [ 4569181.37701032590121, 4597156.512926726602018 ], [ 4569112.829878704622388, 4597134.647414813749492 ], [ 4569058.921695611439645, 4597126.847232144325972 ], [ 4569012.056729281321168, 4597113.494747277349234 ], [ 4568955.94734260905534, 4597097.88175274990499 ], [ 4568922.042647212743759, 4597073.638508452102542 ], [ 4568894.4951779153198, 4597060.169910173863173 ], [ 4568843.638089973479509, 4597049.395070670172572 ], [ 4568784.304904556833208, 4597035.926757360808551 ], [ 4568744.043101803399622, 4597014.37722743768245 ], [ 4568697.424142103642225, 4596995.521567272953689 ], [ 4568652.924197928979993, 4596965.891201234422624 ], [ 4568612.662405984476209, 4596930.873507052659988 ], [ 4568574.519557220861316, 4596895.85600802116096 ], [ 4568536.376881079748273, 4596858.144914544187486 ], [ 4568502.472149886190891, 4596828.514981442131102 ], [ 4568470.686513221822679, 4596798.885020551271737 ], [ 4568441.019984487444162, 4596747.706372180022299 ], [ 4568413.472340085543692, 4596707.302377220243216 ], [ 4568383.805693179368973, 4596661.51115810032934 ], [ 4568366.853417227044702, 4596634.575367798097432 ], [ 4568337.186753729358315, 4596604.946067150682211 ], [ 4568307.520212748087943, 4596569.929653014987707 ], [ 4568271.496512422338128, 4596524.139091689139605 ], [ 4568246.067999887280166, 4596494.510176863521338 ], [ 4568233.353762501850724, 4596454.107002262957394 ], [ 4568210.044242989271879, 4596416.39764033164829 ], [ 4568180.377524652518332, 4596386.768874411471188 ], [ 4568163.425245139747858, 4596357.140135869383812 ], [ 4568133.758701097220182, 4596314.044141103513539 ], [ 4568106.211144106462598, 4596287.109314842149615 ], [ 4568065.949328674003482, 4596292.49620221927762 ], [ 4568029.925528650172055, 4596300.576677254401147 ], [ 4567959.997135004960001, 4596314.044079312123358 ], [ 4567894.306769238784909, 4596316.73769639711827 ], [ 4567843.449715504422784, 4596338.285717946477234 ], [ 4567849.420763556845486, 4596310.71171382535249 ], [ 4567854.506460540927947, 4596291.318583546206355 ], [ 4567867.220726676285267, 4596268.693248508498073 ], [ 4567888.834909281693399, 4596255.764417107217014 ], [ 4567897.734915902838111, 4596233.139355154708028 ], [ 4567895.192089344374835, 4596200.817571465857327 ], [ 4567879.934955134056509, 4596183.040732017718256 ], [ 4567876.120766555890441, 4596158.799578079022467 ], [ 4567872.306474947370589, 4596132.942352186888456 ], [ 4567877.392085365951061, 4596102.237053070217371 ], [ 4567879.93494063615799, 4596089.308681793510914 ], [ 4567883.749339373782277, 4596068.299905071035028 ], [ 4567893.920740130357444, 4596042.442948533222079 ], [ 4567896.463582651689649, 4596013.354043918661773 ], [ 4567892.649180125445127, 4595987.497187986969948 ], [ 4567887.563538551330566, 4595960.024365463294089 ], [ 4567877.392122096382082, 4595932.551663586869836 ], [ 4567876.120743866078556, 4595895.382832387462258 ], [ 4567876.120739013887942, 4595863.062191029079258 ], [ 4567876.12074052542448, 4595830.741776974871755 ], [ 4567882.477796128951013, 4595779.029199976474047 ], [ 4567883.749281859025359, 4595745.092899872921407 ], [ 4567881.206442189402878, 4595707.924813195131719 ], [ 4567871.034979039803147, 4595670.756672607734799 ], [ 4567867.220743635669351, 4595631.972868531942368 ], [ 4567868.492161980830133, 4595596.421130677685142 ], [ 4567873.577857844531536, 4595585.109156491234899 ], [ 4567893.920718085020781, 4595564.101428625173867 ], [ 4567909.177767072804272, 4595535.013712813146412 ], [ 4567912.992092267610133, 4595501.078427578322589 ], [ 4567910.449143611826003, 4595446.13546799775213 ], [ 4567909.177783546969295, 4595402.504562272690237 ], [ 4567912.992046341300011, 4595381.49716311134398 ], [ 4567899.00634203478694, 4595355.641987663693726 ], [ 4567872.306475255638361, 4595342.71437287516892 ], [ 4567867.220776602625847, 4595331.402629267424345 ], [ 4567874.849285012111068, 4595312.01142230629921 ], [ 4567895.192079169675708, 4595303.931607917882502 ], [ 4567911.720660050399601, 4595297.467995473183692 ], [ 4567915.534994975663722, 4595284.540406891144812 ], [ 4567916.806334021501243, 4595268.381005488336086 ], [ 4567909.17778485827148, 4595250.60580649971962 ], [ 4567895.192123676650226, 4595231.214645954780281 ], [ 4567886.292143306694925, 4595202.127925250679255 ], [ 4567883.74926538951695, 4595184.352897821925581 ], [ 4567877.392148543149233, 4595163.345783131197095 ], [ 4567876.120723237283528, 4595143.954768464900553 ], [ 4567887.563615217804909, 4595119.716141595505178 ], [ 4567901.549257602542639, 4595100.325184802524745 ], [ 4567907.90628906339407, 4595072.854765015654266 ], [ 4567907.906370526179671, 4595050.232175014913082 ], [ 4567899.006359798833728, 4595030.84145768545568 ], [ 4567878.663638464175165, 4595011.450677044689655 ], [ 4567867.220698717050254, 4594987.212170134298503 ], [ 4567865.949276273138821, 4594958.126176448538899 ], [ 4567879.934935574419796, 4594930.656216776929796 ], [ 4567888.83493660017848, 4594908.033792788162827 ], [ 4567900.277820722199976, 4594882.179895415902138 ], [ 4567902.820683871395886, 4594862.789429373107851 ], [ 4567538.472825592383742, 4595099.739223731681705 ], [ 4567420.423741242848337, 4595176.507250258699059 ], [ 4567350.583490910939872, 4595258.968111090362072 ], [ 4567294.976072893477976, 4595583.903611735440791 ], [ 4566964.15748358797282, 4595195.5113720074296 ], [ 4566813.565191146917641, 4595270.746722456999123 ], [ 4566399.136490012519062, 4595567.563999829813838 ], [ 4566120.110150679014623, 4595501.724444861523807 ], [ 4566044.420427483506501, 4595728.183573699556291 ], [ 4565916.970178517512977, 4595632.050108292140067 ], [ 4565828.993539240211248, 4595544.734147327020764 ], [ 4565817.776511564850807, 4595566.751178576610982 ], [ 4565759.382468493655324, 4595744.423294632695615 ], [ 4565757.92276188544929, 4595759.742194222286344 ], [ 4565746.850430198945105, 4595786.061620006337762 ], [ 4565642.081327708438039, 4596101.313516238704324 ], [ 4565711.325502601452172, 4596100.943222100846469 ], [ 4565711.877255141735077, 4596084.102058339864016 ], [ 4565752.900672795251012, 4596117.604569927789271 ], [ 4565763.860714474692941, 4596127.48231344204396 ], [ 4565774.30978748947382, 4596144.790249384008348 ], [ 4565784.569338257424533, 4596153.334283336997032 ], [ 4565800.798007583245635, 4596158.37602511420846 ], [ 4565818.150693328119814, 4596153.276309031061828 ], [ 4565834.569468466565013, 4596136.056812701746821 ], [ 4565848.186141917482018, 4596113.502894897013903 ], [ 4565864.137636240571737, 4596105.735853625461459 ], [ 4565886.277080011554062, 4596104.5784334493801 ], [ 4565912.867457900196314, 4596122.88283097743988 ], [ 4565929.242036212235689, 4596134.665593024343252 ], [ 4565938.976362463086843, 4596149.965484881773591 ], [ 4565946.90087425801903, 4596174.74732041079551 ], [ 4565945.777124523185194, 4596184.888782268390059 ], [ 4565938.801033943891525, 4596203.925816076807678 ], [ 4565933.809621373191476, 4596221.570566842332482 ], [ 4565929.095548251643777, 4596252.024166171438992 ], [ 4565924.863025511614978, 4596273.699190564453602 ], [ 4565927.956976693123579, 4596292.516603949479759 ], [ 4565929.678987478837371, 4596310.015110461041331 ], [ 4565933.205139202065766, 4596329.007968299090862 ], [ 4565941.507027016952634, 4596337.541185904294252 ], [ 4565948.316940730437636, 4596344.5406389599666 ], [ 4565960.015901120379567, 4596356.565470605157316 ], [ 4565961.739507204852998, 4596381.381931521929801 ], [ 4565957.501428394578397, 4596408.317065260373056 ], [ 4565968.096683574840426, 4596448.719931379891932 ], [ 4565970.215735332109034, 4596481.042350004427135 ], [ 4565970.215675625950098, 4596518.7520811567083 ], [ 4565978.691805794835091, 4596542.994015366770327 ], [ 4565985.049010017886758, 4596561.848996912129223 ], [ 4565982.929908791556954, 4596594.171748221851885 ], [ 4565980.810853105969727, 4596629.188238014467061 ], [ 4565972.334621076472104, 4596683.059997700154781 ], [ 4565955.38239954598248, 4596704.608649618923664 ], [ 4565932.07279872149229, 4596718.076790566556156 ], [ 4565897.693167127668858, 4596737.908387745730579 ], [ 4565913.586046516895294, 4596766.191350939683616 ], [ 4565926.300290017388761, 4596795.821052996441722 ], [ 4565945.371683550998569, 4596818.716961755417287 ], [ 4565963.383447393774986, 4596834.878773476928473 ], [ 4565982.454951792955399, 4596849.693728061392903 ], [ 4566007.88340310100466, 4596864.508678468875587 ], [ 4566019.538124389015138, 4596877.977001912891865 ], [ 4566028.014303632080555, 4596896.832558150403202 ], [ 4566033.311908973380923, 4596922.422178899869323 ], [ 4566035.431024803780019, 4596931.849863141775131 ], [ 4566034.371413919143379, 4596948.011995950713754 ], [ 4566040.728565936908126, 4596962.827144604176283 ], [ 4566044.966569487936795, 4596969.561260423623025 ], [ 4566049.204754997976124, 4596980.335905824787915 ], [ 4566046.02616058755666, 4596999.191727763973176 ], [ 4566043.907197825610638, 4597012.660034905187786 ], [ 4566046.026142437942326, 4597026.128477998077869 ], [ 4566056.62145318556577, 4597038.249965262599289 ], [ 4566071.454808358103037, 4597059.799620407633483 ], [ 4566090.52609487529844, 4597085.38971402309835 ], [ 4566115.954662539996207, 4597109.632950258441269 ], [ 4566137.145062633790076, 4597129.835897302255034 ], [ 4566154.097407834604383, 4597155.426063852384686 ], [ 4566161.513999707996845, 4597175.62891045678407 ], [ 4566178.466437515802681, 4597209.300508852116764 ], [ 4566193.299754194915295, 4597238.931594007648528 ], [ 4566211.311502913013101, 4597257.787789615802467 ], [ 4566237.79959490057081, 4597276.644053832627833 ], [ 4566254.752033575437963, 4597284.725338710471988 ], [ 4566259.893059191294014, 4597289.249779034405947 ], [ 4566237.260426224209368, 4597296.96182613261044 ], [ 4566359.016471588984132, 4597955.356946351006627 ], [ 4566406.686391819268465, 4598048.072850305587053 ], [ 4566608.276384766213596, 4598400.623445664532483 ], [ 4566623.520215750671923, 4598408.539169592782855 ], [ 4566662.507972501218319, 4598401.604477722197771 ], [ 4566694.445976926013827, 4598387.413000520318747 ], [ 4566721.887707840651274, 4598372.420437769964337 ], [ 4566749.427161898463964, 4598361.922876485623419 ], [ 4566766.762373539619148, 4598362.742373541928828 ], [ 4566792.047431213781238, 4598392.769917966797948 ], [ 4566794.719591910019517, 4598402.380667665973306 ], [ 4566796.34583258908242, 4598415.38716494012624 ], [ 4566791.519315375946462, 4598419.990289109759033 ], [ 4566783.774221869185567, 4598434.551469913683832 ], [ 4566802.855862588621676, 4598467.638465389609337 ], [ 4566894.498070120811462, 4598605.281065407209098 ], [ 4566790.693810826167464, 4598656.432050561532378 ], [ 4566800.381064040586352, 4598671.265888393856585 ], [ 4566811.920863241888583, 4598688.93649819958955 ], [ 4566819.220342948101461, 4598695.072923321276903 ], [ 4566828.505142194218934, 4598706.615238212049007 ], [ 4566830.485974931158125, 4598713.333450051955879 ], [ 4566852.855059043504298, 4598702.026994597166777 ], [ 4566889.908465799875557, 4598686.72782647702843 ], [ 4566899.431449423544109, 4598691.331625447608531 ], [ 4566916.435322625562549, 4598699.551981243304908 ], [ 4566920.503747083246708, 4598705.399426148273051 ], [ 4566931.471453825011849, 4598723.688318605534732 ], [ 4566943.085376403294504, 4598742.862733632326126 ], [ 4566950.124642730690539, 4598753.502291119657457 ], [ 4566954.481303678825498, 4598760.242852385155857 ], [ 4566957.58056722022593, 4598766.831110457889736 ], [ 4566963.732298487797379, 4598777.849918506108224 ], [ 4566980.44638127554208, 4598800.870247239246964 ], [ 4566998.29549278691411, 4598826.65411545522511 ], [ 4567009.993894905783236, 4598849.694525082595646 ], [ 4567019.240762960165739, 4598862.984256824478507 ], [ 4567021.724690705537796, 4598865.988080059178174 ], [ 4567024.732609290629625, 4598872.488380757160485 ], [ 4567024.989914848469198, 4598876.080844657495618 ], [ 4567024.040661053732038, 4598881.858419295400381 ], [ 4567025.38024303689599, 4598885.786914142780006 ], [ 4567031.941091564483941, 4598899.135483902879059 ], [ 4567036.095742802135646, 4598908.938995137810707 ], [ 4567041.460996123962104, 4598916.736938023008406 ], [ 4567047.834066677838564, 4598921.454432868398726 ], [ 4567058.839470071718097, 4598924.990825802087784 ], [ 4567069.862322669476271, 4598945.797418916597962 ], [ 4567089.611750250682235, 4598988.90044979006052 ], [ 4567094.358580960892141, 4599001.20959027018398 ], [ 4567124.957308056764305, 4599073.578829960897565 ], [ 4567147.191697061993182, 4599123.82385584153235 ], [ 4567163.466909101232886, 4599159.560116221196949 ], [ 4567125.513025033287704, 4599175.235559131018817 ], [ 4567108.117340206168592, 4599241.092884593643248 ], [ 4567106.775103461928666, 4599246.174257750622928 ], [ 4567052.615990104153752, 4599370.344715771265328 ], [ 4567199.018685542978346, 4599540.811420548707247 ], [ 4567204.270548195578158, 4599546.926472209393978 ], [ 4567188.78590402752161, 4599558.030037298798561 ], [ 4567192.967164497822523, 4599580.358697658404708 ], [ 4567207.800423230975866, 4599595.177849496714771 ], [ 4567222.633694102987647, 4599607.302340865135193 ], [ 4567234.288478763774037, 4599619.427020642906427 ], [ 4567247.002682955004275, 4599628.857226335443556 ], [ 4567262.895497772842646, 4599632.898650486953557 ], [ 4567277.728739594109356, 4599634.245966956019402 ], [ 4567288.324128487147391, 4599642.328999347984791 ], [ 4567286.204974592663348, 4599655.800961587578058 ], [ 4567275.609785910695791, 4599671.967157610692084 ], [ 4567275.609779758378863, 4599689.480586158111691 ], [ 4567276.669206255115569, 4599724.507590414956212 ], [ 4567281.966983463615179, 4599764.923438090831041 ], [ 4567286.204983452335, 4599797.256154868751764 ], [ 4567294.681186429224908, 4599837.672447172924876 ], [ 4567298.919263705611229, 4599870.005381351336837 ], [ 4567296.800210129469633, 4599898.296941474080086 ], [ 4567292.562100546434522, 4599918.50514055788517 ], [ 4567289.383611219003797, 4599949.49126541800797 ], [ 4567285.145513985306025, 4599972.394058282487094 ], [ 4567283.026536232791841, 4599992.602507228031754 ], [ 4567286.205046177841723, 4600023.588806594721973 ], [ 4567290.443057159893215, 4600047.838893202133477 ], [ 4567291.502580006606877, 4600073.436448154971004 ], [ 4567295.740742580033839, 4600089.603312180377543 ], [ 4567304.216838500462472, 4600107.117493607103825 ], [ 4567307.39546028431505, 4600124.631683341227472 ], [ 4567309.514516188763082, 4600143.493183814920485 ], [ 4567314.812076495029032, 4600171.785476766526699 ], [ 4567319.050122091546655, 4600190.647038730792701 ], [ 4567323.288364864885807, 4600212.203060265630484 ], [ 4567321.169246307574213, 4600229.717419517226517 ], [ 4567319.050106131471694, 4600252.620947070419788 ], [ 4567320.10965268034488, 4600274.177071401849389 ], [ 4567321.169191731140018, 4600301.122404042631388 ], [ 4567323.288290745578706, 4600330.762319141998887 ], [ 4567327.526358865201473, 4600352.318758678622544 ], [ 4567333.883418107405305, 4600372.527978447265923 ], [ 4567345.538205674849451, 4600384.653406986035407 ], [ 4567364.609612569212914, 4600399.473521810956299 ], [ 4567376.26435389649123, 4600416.988042585551739 ], [ 4567393.216661192476749, 4600438.544664110057056 ], [ 4567399.573816984891891, 4600460.101253351196647 ], [ 4567416.526117524132133, 4600485.699931744486094 ], [ 4567419.704681291244924, 4600507.256480061449111 ], [ 4567432.418972403742373, 4600546.328297259286046 ], [ 4567444.073799864389002, 4600588.094604602083564 ], [ 4567456.787922527641058, 4600631.208504188805819 ], [ 4567479.037909362465143, 4600683.75381204020232 ], [ 4567497.049758215434849, 4600724.173404566943645 ], [ 4567504.466419982723892, 4600763.245771093294024 ], [ 4567516.121146420016885, 4600844.085937331430614 ], [ 4567522.47828858345747, 4600873.727467220276594 ], [ 4567528.83535369951278, 4600900.674341571517289 ], [ 4567535.192581155337393, 4600927.621277526952326 ], [ 4567800.575003638863564, 4600983.843649413436651 ], [ 4568117.380462691187859, 4601090.222631268203259 ], [ 4568684.401269357651472, 4601207.258301047608256 ], [ 4568962.114671933464706, 4601129.645746473222971 ], [ 4569533.930004930123687, 4600969.815366321243346 ], [ 4569984.462074448354542, 4600632.076447494328022 ], [ 4570224.036912634968758, 4600452.468330869451165 ], [ 4571056.263107092119753, 4599802.387829855084419 ], [ 4571166.172930507920682, 4599051.507553605362773 ], [ 4571135.658699239604175, 4599036.419960973784328 ], [ 4571113.620693695731461, 4599023.48774338979274 ], [ 4571100.058762385509908, 4598986.846670467406511 ], [ 4571100.058707850053906, 4598941.584397900849581 ], [ 4571089.887350811623037, 4598896.322073760442436 ], [ 4571072.935133303515613, 4598857.526098017580807 ], [ 4571055.982656256295741, 4598835.972897707484663 ], [ 4571025.468378937803209, 4598810.109045571647584 ], [ 4570962.7448341390118, 4598751.915500478819013 ], [ 4570944.097206445410848, 4598713.120076718740165 ], [ 4570932.230536985211074, 4598667.859061794355512 ], [ 4570913.583057049661875, 4598620.442598422989249 ] ] ] ] } },
{ "type": "Feature", "properties": { "fid": 2, "OBJECTID": 2, "AD": "BAĞLAR", "KIMLIKNO": 21145, "TANITIMKOD": "8", "SHAPE_Leng": 2711.5960608599999, "SHAPE_Area": 384358.47140600003 }, "geometry": { "type": "MultiPolygon", "coordinates": [ [ [ [ 4564759.225259435363114, 4601028.718020510859787 ], [ 4564800.489926527254283, 4601010.277344347909093 ], [ 4564831.647622880525887, 4601021.74615072272718 ], [ 4564860.938711917027831, 4601008.963561629876494 ], [ 4564918.090032099746168, 4600979.380958202295005 ], [ 4564942.15838763769716, 4600911.381203757598996 ], [ 4565032.949354186654091, 4600883.765800845809281 ], [ 4565102.189001370221376, 4600853.919451676309109 ], [ 4565264.584060672670603, 4600781.559468509629369 ], [ 4565315.657516376115382, 4600781.796663078479469 ], [ 4565409.22026458196342, 4600758.166433805599809 ], [ 4565490.168350687250495, 4600710.519337116740644 ], [ 4565482.606467748060822, 4600671.548741932958364 ], [ 4565487.75787100661546, 4600647.20600244961679 ], [ 4565492.009976745583117, 4600644.110832052305341 ], [ 4565493.725673755630851, 4600637.457814084365964 ], [ 4565496.396447696723044, 4600627.100721465423703 ], [ 4565477.945494494400918, 4600590.032291528768837 ], [ 4565441.616096711717546, 4600514.646919947117567 ], [ 4565428.586331638507545, 4600486.929435478523374 ], [ 4565418.487313793040812, 4600475.248490509577096 ], [ 4565403.250339890830219, 4600457.624895009212196 ], [ 4565403.202284034341574, 4600457.569328415207565 ], [ 4565379.869828311726451, 4600445.205593451857567 ], [ 4565379.819219200871885, 4600445.178771737031639 ], [ 4565354.158483940176666, 4600408.177799174562097 ], [ 4565345.241034737788141, 4600389.425455300137401 ], [ 4565342.778828226029873, 4600384.247844319790602 ], [ 4565338.331054005771875, 4600375.348451228812337 ], [ 4565321.505431958474219, 4600353.336413879878819 ], [ 4565319.334344683215022, 4600350.825018029659986 ], [ 4565311.831465442664921, 4600342.146206705830991 ], [ 4565309.100780948996544, 4600338.987533644773066 ], [ 4565289.437605258077383, 4600325.583948485553265 ], [ 4565272.918634604662657, 4600314.718110270798206 ], [ 4565268.421476007439196, 4600311.759958999231458 ], [ 4565254.61340478155762, 4600289.457317300140858 ], [ 4565247.607826234772801, 4600274.437136692926288 ], [ 4565246.980867836624384, 4600273.092848548665643 ], [ 4565234.635407044552267, 4600251.095925006084144 ], [ 4565219.170354602858424, 4600229.841574147343636 ], [ 4565207.746893962845206, 4600214.234449567273259 ], [ 4565196.894280035980046, 4600198.729919231496751 ], [ 4565182.930379688739777, 4600183.717837208881974 ], [ 4565161.518955267034471, 4600168.57279587071389 ], [ 4565142.790492262691259, 4600156.948015539906919 ], [ 4565129.171634510159492, 4600149.081151242367923 ], [ 4565110.346016862429678, 4600140.518039995804429 ], [ 4565092.099162503145635, 4600131.312565742991865 ], [ 4565073.702667505480349, 4600116.941051677800715 ], [ 4565054.144450282678008, 4600096.803314686752856 ], [ 4565043.771983713842928, 4600090.196901804767549 ], [ 4565041.006318543106318, 4600088.435285521671176 ], [ 4565037.581423184834421, 4600086.468573763035238 ], [ 4565028.02243213262409, 4600104.353483805432916 ], [ 4565019.167716302908957, 4600120.265273060649633 ], [ 4564984.181388588622212, 4600180.40076303947717 ], [ 4564948.012290200218558, 4600235.885808747261763 ], [ 4564925.220598615705967, 4600263.302632080391049 ], [ 4564899.126440966501832, 4600290.251534387469292 ], [ 4564857.565620762296021, 4600323.459924857132137 ], [ 4564836.62320230808109, 4600336.861460435204208 ], [ 4564820.59371423907578, 4600346.54343053791672 ], [ 4564794.085883668623865, 4600358.47736575640738 ], [ 4564765.405200464650989, 4600368.321687705814838 ], [ 4564725.698504976928234, 4600380.992059831507504 ], [ 4564701.727463285438716, 4600387.748338726349175 ], [ 4564672.135169661603868, 4600395.659324062056839 ], [ 4564657.034415510483086, 4600399.079685824923217 ], [ 4564645.833235016092658, 4600401.572017720900476 ], [ 4564612.808860992081463, 4600409.936064384877682 ], [ 4564590.698527358472347, 4600415.476468234322965 ], [ 4564578.23308461997658, 4600419.064563809894025 ], [ 4564544.482171311974525, 4600427.500280848704278 ], [ 4564528.738513665273786, 4600431.178086835891008 ], [ 4564465.074490322731435, 4600447.947232224978507 ], [ 4564407.386277637444437, 4600463.435503721237183 ], [ 4564348.965286694467068, 4600477.657523009926081 ], [ 4564262.675789784640074, 4600499.953216810710728 ], [ 4564263.963362189941108, 4600506.208434857428074 ], [ 4564267.559534348547459, 4600523.679422471672297 ], [ 4564370.233846475370228, 4600675.688084206543863 ], [ 4564439.601151960901916, 4600779.036977356299758 ], [ 4564488.404359925538301, 4600770.4493771456182 ], [ 4564489.849122489802539, 4600792.32680038549006 ], [ 4564500.102189536206424, 4600812.886805075220764 ], [ 4564509.460076227784157, 4600823.074991025961936 ], [ 4564521.741236413829029, 4600841.651037062518299 ], [ 4564529.602482870221138, 4600853.541625747457147 ], [ 4564530.129609685391188, 4600856.226705627515912 ], [ 4564537.753528649918735, 4600895.06490555498749 ], [ 4564540.584478585980833, 4600907.958853640593588 ], [ 4564545.114549933001399, 4600927.692638659849763 ], [ 4564546.071464875712991, 4600931.861342678777874 ], [ 4564559.706866002641618, 4600972.186204115860164 ], [ 4564568.018947469070554, 4600996.10477564111352 ], [ 4564577.315306823700666, 4601025.135788581334054 ], [ 4564581.714469640515745, 4601039.320214842446148 ], [ 4564586.778998865745962, 4601056.079544577747583 ], [ 4564587.932008320465684, 4601064.577276084572077 ], [ 4564652.399647491984069, 4601060.728392473421991 ], [ 4564759.225259435363114, 4601028.718020510859787 ] ] ] ] } },
{ "type": "Feature", "properties": { "fid": 3, "OBJECTID": 3, "AD": "YENİŞEHİR", "KIMLIKNO": 21154, "TANITIMKOD": "7", "SHAPE_Leng": 10922.928125799999, "SHAPE_Area": 3677131.31397 }, "geometry": { "type": "MultiPolygon", "coordinates": [ [ [ [ 4564587.932008320465684, 4601064.577276084572077 ], [ 4564586.778998865745962, 4601056.079544577747583 ], [ 4564581.714469640515745, 4601039.320214842446148 ], [ 4564577.315306823700666, 4601025.135788581334054 ], [ 4564568.018947469070554, 4600996.10477564111352 ], [ 4564559.706866002641618, 4600972.186204115860164 ], [ 4564546.071464875712991, 4600931.861342678777874 ], [ 4564545.114549933001399, 4600927.692638659849763 ], [ 4564540.584478585980833, 4600907.958853640593588 ], [ 4564537.753528649918735, 4600895.06490555498749 ], [ 4564530.129609685391188, 4600856.226705627515912 ], [ 4564529.602482870221138, 4600853.541625747457147 ], [ 4564521.741236413829029, 4600841.651037062518299 ], [ 4564509.460076227784157, 4600823.074991025961936 ], [ 4564500.102189536206424, 4600812.886805075220764 ], [ 4564489.849122489802539, 4600792.32680038549006 ], [ 4564488.404359925538301, 4600770.4493771456182 ], [ 4564439.601151960901916, 4600779.036977356299758 ], [ 4564370.233846475370228, 4600675.688084206543863 ], [ 4564267.559534348547459, 4600523.679422471672297 ], [ 4564263.963362189941108, 4600506.208434857428074 ], [ 4564262.675789784640074, 4600499.953216810710728 ], [ 4564158.458272972144186, 4600528.076619324274361 ], [ 4564138.953703049570322, 4600532.43528410885483 ], [ 4564109.892559358850121, 4600540.261984928511083 ], [ 4563847.022083639167249, 4600606.679632692597806 ], [ 4563549.851414512842894, 4600682.266585234552622 ], [ 4563350.522344849072397, 4600733.120107491500676 ], [ 4563255.797059210948646, 4600757.07162123080343 ], [ 4563177.188968289643526, 4600776.401201858185232 ], [ 4563070.275864129886031, 4600804.437748499214649 ], [ 4562645.951104111038148, 4600913.262776037678123 ], [ 4562435.897518188692629, 4600965.891873027198017 ], [ 4562377.326862199231982, 4600981.770976440049708 ], [ 4562366.404778350144625, 4600984.277547453530133 ], [ 4562303.561139088124037, 4601000.934134974144399 ], [ 4562098.24680264480412, 4601052.240385619923472 ], [ 4562025.480635770596564, 4601069.479601681232452 ], [ 4561797.394076153635979, 4601126.482682412490249 ], [ 4561595.471929938532412, 4601178.494129992090166 ], [ 4561498.606289610266685, 4601190.645302279852331 ], [ 4561450.546204253099859, 4601192.499831411056221 ], [ 4561381.042610085569322, 4601190.102637725882232 ], [ 4561355.535932347178459, 4601187.229531978257 ], [ 4561304.671058187261224, 4601180.040281536057591 ], [ 4561234.625789794139564, 4601164.084031343460083 ], [ 4561184.123103834688663, 4601148.60930094961077 ], [ 4561130.488096915185452, 4601126.865352456457913 ], [ 4560980.165391329675913, 4601060.98793108202517 ], [ 4560659.988885663449764, 4600921.533907526172698 ], [ 4560507.710910978727043, 4600854.26764546148479 ], [ 4560357.711934103630483, 4600783.464789994992316 ], [ 4560146.477955454960465, 4600687.197979527525604 ], [ 4559712.953059428371489, 4600498.187414101324975 ], [ 4559651.502899710088968, 4600476.211241230368614 ], [ 4559594.899845167063177, 4600459.014839744195342 ], [ 4559403.068734535016119, 4600408.288196138106287 ], [ 4559060.837006490677595, 4600314.317932691425085 ], [ 4558796.546226961538196, 4600244.819272677414119 ], [ 4558711.824037617072463, 4600221.940555598586798 ], [ 4558710.46847806032747, 4600228.346184412948787 ], [ 4558704.049284818582237, 4600258.680145550519228 ], [ 4558671.344649249687791, 4600931.000780238769948 ], [ 4559070.570844679139555, 4601214.891393715515733 ], [ 4559091.551641502417624, 4601229.810184122994542 ], [ 4559570.208518481813371, 4601387.235696150921285 ], [ 4559600.408472212962806, 4601397.167323066852987 ], [ 4560091.073497300036252, 4601573.942841121926904 ], [ 4560245.224561884999275, 4601605.637934464029968 ], [ 4560500.24092283193022, 4601857.949629442766309 ], [ 4560519.962343010120094, 4601843.247105152346194 ], [ 4560535.229107073508203, 4601840.627209505997598 ], [ 4560554.399837074801326, 4601851.015740811824799 ], [ 4560566.19595958199352, 4601862.236226277425885 ], [ 4560577.648630467243493, 4601882.641846367157996 ], [ 4560579.536151896230876, 4601901.33574877679348 ], [ 4560725.146716987714171, 4601981.003861946053803 ], [ 4560726.892582856118679, 4601981.959029157646 ], [ 4560733.397442911751568, 4601985.518019520677626 ], [ 4561159.699528997763991, 4602148.869835529476404 ], [ 4561377.452530671842396, 4602232.301220775581896 ], [ 4561444.96219252794981, 4602247.947065256536007 ], [ 4562048.584218978881836, 4602387.820143390446901 ], [ 4562947.635540918447077, 4602131.912679732777178 ], [ 4564268.574628723785281, 4601232.24216443952173 ], [ 4564587.932008320465684, 4601064.577276084572077 ] ] ] ] } },
{ "type": "Feature", "properties": { "fid": 4, "OBJECTID": 4, "AD": "BAHÇELİEVLER", "KIMLIKNO": 21146, "TANITIMKOD": "6", "SHAPE_Leng": 4241.3469659299999, "SHAPE_Area": 777608.25399100001 }, "geometry": { "type": "MultiPolygon", "coordinates": [ [ [ [ 4564262.675789784640074, 4600499.953216810710728 ], [ 4564256.715906501747668, 4600492.458781412802637 ], [ 4564245.744689240120351, 4600478.662600517272949 ], [ 4564205.532621497288346, 4600422.746652580797672 ], [ 4564170.466165838763118, 4600333.98217017762363 ], [ 4564130.477049830369651, 4600268.380065049044788 ], [ 4564129.26421504933387, 4600266.390468207187951 ], [ 4564143.979403469711542, 4600169.559120565652847 ], [ 4564162.851252437569201, 4600135.453847344964743 ], [ 4564166.20204031188041, 4600093.125985647551715 ], [ 4564163.96051826979965, 4600060.591996819712222 ], [ 4564157.55778818577528, 4600042.907523143105209 ], [ 4564153.283235122449696, 4600031.100891782902181 ], [ 4564178.359914113767445, 4600020.108454204164445 ], [ 4564177.993089411407709, 4599969.54921108763665 ], [ 4564187.975291487760842, 4599933.709198947064579 ], [ 4564218.201831758022308, 4599903.160664973780513 ], [ 4564212.530771357007325, 4599875.27468497119844 ], [ 4564211.779437248595059, 4599871.580043213441968 ], [ 4564210.254570889286697, 4599838.271449250169098 ], [ 4564205.428737749345601, 4599833.094302215613425 ], [ 4564205.309029312804341, 4599832.108765578828752 ], [ 4564205.047558764927089, 4599829.956354477442801 ], [ 4564203.428510808385909, 4599816.630776108242571 ], [ 4564200.900016406551003, 4599795.820889474824071 ], [ 4564201.695104399695992, 4599769.72797551099211 ], [ 4564160.755055910907686, 4599733.063518771901727 ], [ 4564155.359253243543208, 4599679.953326348215342 ], [ 4564137.217092014849186, 4599640.023108150810003 ], [ 4564106.390500920824707, 4599606.617691449820995 ], [ 4564077.972849387675524, 4599554.14119616150856 ], [ 4564062.748565875925124, 4599512.781110914424062 ], [ 4564018.183150020428002, 4599514.960440065711737 ], [ 4563986.004333652555943, 4599512.013826468959451 ], [ 4563940.016421580687165, 4599516.787315894849598 ], [ 4563909.786350625567138, 4599523.243643183261156 ], [ 4563885.657415265217423, 4599535.036867261864245 ], [ 4563849.413459556177258, 4599552.751367828808725 ], [ 4563821.817830745130777, 4599569.270583083853126 ], [ 4563786.107188585214317, 4599589.608637579716742 ], [ 4563747.627888169139624, 4599612.435189375653863 ], [ 4563716.12524040043354, 4599628.499129900708795 ], [ 4563698.47848888207227, 4599639.00083224568516 ], [ 4563679.218544016592205, 4599655.744402882643044 ], [ 4563638.718451206572354, 4599690.893810992129147 ], [ 4563610.410304687917233, 4599718.088179793208838 ], [ 4563587.038252266123891, 4599737.349441156722605 ], [ 4563564.333412389270961, 4599750.119404668919742 ], [ 4563535.852996128611267, 4599772.359606677666306 ], [ 4563532.877818878740072, 4599774.682927619665861 ], [ 4563493.904748728498816, 4599793.336711993440986 ], [ 4563446.535942330025136, 4599815.275185426697135 ], [ 4563375.658829624764621, 4599850.008925987407565 ], [ 4563371.93244825489819, 4599851.834988574497402 ], [ 4563319.925036544911563, 4599873.267513300292194 ], [ 4563302.133560107089579, 4599880.599296079017222 ], [ 4563260.622098250314593, 4599899.981788010336459 ], [ 4563233.181765883229673, 4599930.125715337693691 ], [ 4563224.926082536578178, 4599941.186133185401559 ], [ 4563215.676608514040709, 4599953.578082132153213 ], [ 4563187.551384431309998, 4599988.887040447443724 ], [ 4563139.815429642796516, 4600035.616527372971177 ], [ 4563115.269374815747142, 4600060.795221924781799 ], [ 4563092.571795864030719, 4600088.632814498618245 ], [ 4563041.71062349062413, 4600156.840794626623392 ], [ 4562995.495204671286047, 4600232.865428858436644 ], [ 4562957.202538170851767, 4600293.965898481197655 ], [ 4562926.125672227703035, 4600348.973359955474734 ], [ 4562917.276010948233306, 4600362.478601998649538 ], [ 4562890.054005710408092, 4600400.43157084658742 ], [ 4562864.975519587285817, 4600434.303562794812024 ], [ 4562832.498765227384865, 4600493.030354643240571 ], [ 4562793.367531852796674, 4600529.634058230556548 ], [ 4562733.374239139258862, 4600577.347997016273439 ], [ 4562645.625417252071202, 4600640.638466379605234 ], [ 4562616.484065278433263, 4600673.113594926893711 ], [ 4562586.811868718825281, 4600712.212666359730065 ], [ 4562559.164928836748004, 4600745.465410624630749 ], [ 4562513.58365523442626, 4600801.101013106293976 ], [ 4562484.210139947943389, 4600835.335724999196827 ], [ 4562434.990532848984003, 4600896.852615775540471 ], [ 4562420.845129772089422, 4600916.337665732949972 ], [ 4562381.461787550710142, 4600970.60818428080529 ], [ 4562366.404778350144625, 4600984.277547453530133 ], [ 4562377.326862199231982, 4600981.770976440049708 ], [ 4562435.897518188692629, 4600965.891873027198017 ], [ 4562645.951104111038148, 4600913.262776037678123 ], [ 4563070.275864129886031, 4600804.437748499214649 ], [ 4563177.188968289643526, 4600776.401201858185232 ], [ 4563255.797059210948646, 4600757.07162123080343 ], [ 4563350.522344849072397, 4600733.120107491500676 ], [ 4563549.851414512842894, 4600682.266585234552622 ], [ 4563847.022083639167249, 4600606.679632692597806 ], [ 4564109.892559358850121, 4600540.261984928511083 ], [ 4564138.953703049570322, 4600532.43528410885483 ], [ 4564158.458272972144186, 4600528.076619324274361 ], [ 4564262.675789784640074, 4600499.953216810710728 ] ] ] ] } },
{ "type": "Feature", "properties": { "fid": 5, "OBJECTID": 5, "AD": "FERİDUN", "KIMLIKNO": 21148, "TANITIMKOD": "9", "SHAPE_Leng": 5093.47864811, "SHAPE_Area": 1468435.7336800001 }, "geometry": { "type": "MultiPolygon", "coordinates": [ [ [ [ 4567188.78590402752161, 4599558.030037298798561 ], [ 4567204.270548195578158, 4599546.926472209393978 ], [ 4567199.018685542978346, 4599540.811420548707247 ], [ 4567052.615990104153752, 4599370.344715771265328 ], [ 4567106.775103461928666, 4599246.174257750622928 ], [ 4567108.117340206168592, 4599241.092884593643248 ], [ 4567125.513025033287704, 4599175.235559131018817 ], [ 4567163.466909101232886, 4599159.560116221196949 ], [ 4567147.191697061993182, 4599123.82385584153235 ], [ 4567124.957308056764305, 4599073.578829960897565 ], [ 4567094.358580960892141, 4599001.20959027018398 ], [ 4567089.611750250682235, 4598988.90044979006052 ], [ 4567069.862322669476271, 4598945.797418916597962 ], [ 4567058.839470071718097, 4598924.990825802087784 ], [ 4567047.834066677838564, 4598921.454432868398726 ], [ 4567041.460996123962104, 4598916.736938023008406 ], [ 4567036.095742802135646, 4598908.938995137810707 ], [ 4567031.941091564483941, 4598899.135483902879059 ], [ 4567025.38024303689599, 4598885.786914142780006 ], [ 4567024.040661053732038, 4598881.858419295400381 ], [ 4567024.989914848469198, 4598876.080844657495618 ], [ 4567024.732609290629625, 4598872.488380757160485 ], [ 4567021.724690705537796, 4598865.988080059178174 ], [ 4567019.240762960165739, 4598862.984256824478507 ], [ 4567009.993894905783236, 4598849.694525082595646 ], [ 4566998.29549278691411, 4598826.65411545522511 ], [ 4566980.44638127554208, 4598800.870247239246964 ], [ 4566963.732298487797379, 4598777.849918506108224 ], [ 4566957.58056722022593, 4598766.831110457889736 ], [ 4566954.481303678825498, 4598760.242852385155857 ], [ 4566950.124642730690539, 4598753.502291119657457 ], [ 4566943.085376403294504, 4598742.862733632326126 ], [ 4566931.471453825011849, 4598723.688318605534732 ], [ 4566920.503747083246708, 4598705.399426148273051 ], [ 4566916.435322625562549, 4598699.551981243304908 ], [ 4566899.431449423544109, 4598691.331625447608531 ], [ 4566889.908465799875557, 4598686.72782647702843 ], [ 4566852.855059043504298, 4598702.026994597166777 ], [ 4566830.485974931158125, 4598713.333450051955879 ], [ 4566788.875827014446259, 4598733.758738583885133 ], [ 4566784.242688848637044, 4598735.840534454211593 ], [ 4566768.306726270355284, 4598744.334537849761546 ], [ 4566686.987236009910703, 4598785.589178307913244 ], [ 4566631.780917339958251, 4598813.888296542689204 ], [ 4566531.854392561130226, 4598865.279173926450312 ], [ 4566388.020865172147751, 4598940.83731469605118 ], [ 4566270.552952609956264, 4599004.783474173396826 ], [ 4566087.262393351644278, 4599103.374638906680048 ], [ 4565927.15749553963542, 4599186.929632913321257 ], [ 4565861.960564321838319, 4599221.860612862743437 ], [ 4565752.139254981651902, 4599280.006121499463916 ], [ 4565678.815387677401304, 4599319.25152562558651 ], [ 4565639.756047271192074, 4599339.87084876652807 ], [ 4565561.553944589570165, 4599381.025319785811007 ], [ 4565548.76952010858804, 4599389.271552271209657 ], [ 4565532.003270815126598, 4599394.285995016805828 ], [ 4565526.413296918384731, 4599395.957794602029026 ], [ 4565482.154319647699594, 4599434.206620161421597 ], [ 4565439.082797055132687, 4599480.617713842540979 ], [ 4565413.038984903134406, 4599508.122174898162484 ], [ 4565382.984954372048378, 4599539.861472860909998 ], [ 4565355.228021916002035, 4599567.452987583354115 ], [ 4565322.146805569529533, 4599616.075437718071043 ], [ 4565307.772518172860146, 4599641.214110446162522 ], [ 4565281.110349605791271, 4599684.352758156135678 ], [ 4565270.855791443027556, 4599702.117700487375259 ], [ 4565254.987234844826162, 4599729.562992945313454 ], [ 4565248.458366438746452, 4599738.363609800115228 ], [ 4565233.582558419555426, 4599765.112752506509423 ], [ 4565216.981210371479392, 4599794.935407965444028 ], [ 4565209.110731645487249, 4599807.46697308961302 ], [ 4565193.089968314394355, 4599832.975715570151806 ], [ 4565177.088863628916442, 4599857.410511299036443 ], [ 4565115.384257641620934, 4599959.01315466221422 ], [ 4565084.562103930860758, 4600009.679096703417599 ], [ 4565069.986754095181823, 4600034.8253237856552 ], [ 4565052.7527024326846, 4600061.311343524605036 ], [ 4565037.581423184834421, 4600086.468573763035238 ], [ 4565041.006318543106318, 4600088.435285521671176 ], [ 4565043.771983713842928, 4600090.196901804767549 ], [ 4565054.144450282678008, 4600096.803314686752856 ], [ 4565073.702667505480349, 4600116.941051677800715 ], [ 4565092.099162503145635, 4600131.312565742991865 ], [ 4565110.346016862429678, 4600140.518039995804429 ], [ 4565129.171634510159492, 4600149.081151242367923 ], [ 4565142.790492262691259, 4600156.948015539906919 ], [ 4565161.518955267034471, 4600168.57279587071389 ], [ 4565182.930379688739777, 4600183.717837208881974 ], [ 4565196.894280035980046, 4600198.729919231496751 ], [ 4565207.746893962845206, 4600214.234449567273259 ], [ 4565219.170354602858424, 4600229.841574147343636 ], [ 4565234.635407044552267, 4600251.095925006084144 ], [ 4565246.980867836624384, 4600273.092848548665643 ], [ 4565247.607826234772801, 4600274.437136692926288 ], [ 4565254.61340478155762, 4600289.457317300140858 ], [ 4565268.421476007439196, 4600311.759958999231458 ], [ 4565272.918634604662657, 4600314.718110270798206 ], [ 4565289.437605258077383, 4600325.583948485553265 ], [ 4565309.100780948996544, 4600338.987533644773066 ], [ 4565311.831465442664921, 4600342.146206705830991 ], [ 4565319.334344683215022, 4600350.825018029659986 ], [ 4565321.505431958474219, 4600353.336413879878819 ], [ 4565338.331054005771875, 4600375.348451228812337 ], [ 4565342.778828226029873, 4600384.247844319790602 ], [ 4565345.241034737788141, 4600389.425455300137401 ], [ 4565354.158483940176666, 4600408.177799174562097 ], [ 4565379.819219200871885, 4600445.178771737031639 ], [ 4565379.869828311726451, 4600445.205593451857567 ], [ 4565403.202284034341574, 4600457.569328415207565 ], [ 4565403.250339890830219, 4600457.624895009212196 ], [ 4565418.487313793040812, 4600475.248490509577096 ], [ 4565428.586331638507545, 4600486.929435478523374 ], [ 4565441.616096711717546, 4600514.646919947117567 ], [ 4565477.945494494400918, 4600590.032291528768837 ], [ 4565496.396447696723044, 4600627.100721465423703 ], [ 4565493.725673755630851, 4600637.457814084365964 ], [ 4565500.159274731762707, 4600694.059320358559489 ], [ 4565518.677124083042145, 4600712.536098822951317 ], [ 4565572.956342064775527, 4600766.694610442966223 ], [ 4565750.470797015354037, 4600725.631147374399006 ], [ 4565801.618685765191913, 4600713.798801619559526 ], [ 4566648.494016291573644, 4600180.235216237604618 ], [ 4566612.37895985506475, 4600115.804406005889177 ], [ 4566659.789234798401594, 4600093.580827377736568 ], [ 4566683.75869622733444, 4600052.573251533322036 ], [ 4566716.255184820853174, 4599989.653672570362687 ], [ 4566748.206431380473077, 4599938.755820783786476 ], [ 4566761.636262062005699, 4599919.839882217347622 ], [ 4566797.191187400370836, 4599880.19805945083499 ], [ 4566827.759180177003145, 4599846.063206421211362 ], [ 4566861.695978200063109, 4599806.187133428640664 ], [ 4566879.759620137512684, 4599790.273148317821324 ], [ 4566882.031567576341331, 4599777.986416894011199 ], [ 4567188.78590402752161, 4599558.030037298798561 ] ] ] ] } },
{ "type": "Feature", "properties": { "fid": 6, "OBJECTID": 6, "AD": "SELAHATTİN", "KIMLIKNO": 21152, "TANITIMKOD": "5", "SHAPE_Leng": 15614.1465321, "SHAPE_Area": 7372624.0609299997 }, "geometry": { "type": "MultiPolygon", "coordinates": [ [ [ [ 4562366.404778350144625, 4600984.277547453530133 ], [ 4562381.461787550710142, 4600970.60818428080529 ], [ 4562420.845129772089422, 4600916.337665732949972 ], [ 4562434.990532848984003, 4600896.852615775540471 ], [ 4562484.210139947943389, 4600835.335724999196827 ], [ 4562513.58365523442626, 4600801.101013106293976 ], [ 4562559.164928836748004, 4600745.465410624630749 ], [ 4562586.811868718825281, 4600712.212666359730065 ], [ 4562616.484065278433263, 4600673.113594926893711 ], [ 4562645.625417252071202, 4600640.638466379605234 ], [ 4562733.374239139258862, 4600577.347997016273439 ], [ 4562793.367531852796674, 4600529.634058230556548 ], [ 4562832.498765227384865, 4600493.030354643240571 ], [ 4562864.975519587285817, 4600434.303562794812024 ], [ 4562890.054005710408092, 4600400.43157084658742 ], [ 4562917.276010948233306, 4600362.478601998649538 ], [ 4562926.125672227703035, 4600348.973359955474734 ], [ 4562957.202538170851767, 4600293.965898481197655 ], [ 4562995.495204671286047, 4600232.865428858436644 ], [ 4563041.71062349062413, 4600156.840794626623392 ], [ 4563092.571795864030719, 4600088.632814498618245 ], [ 4563115.269374815747142, 4600060.795221924781799 ], [ 4563139.815429642796516, 4600035.616527372971177 ], [ 4563187.551384431309998, 4599988.887040447443724 ], [ 4563215.676608514040709, 4599953.578082132153213 ], [ 4563224.926082536578178, 4599941.186133185401559 ], [ 4563233.181765883229673, 4599930.125715337693691 ], [ 4563260.622098250314593, 4599899.981788010336459 ], [ 4563302.133560107089579, 4599880.599296079017222 ], [ 4563319.925036544911563, 4599873.267513300292194 ], [ 4563371.93244825489819, 4599851.834988574497402 ], [ 4563375.658829624764621, 4599850.008925987407565 ], [ 4563446.535942330025136, 4599815.275185426697135 ], [ 4563493.904748728498816, 4599793.336711993440986 ], [ 4563532.877818878740072, 4599774.682927619665861 ], [ 4563535.852996128611267, 4599772.359606677666306 ], [ 4563564.333412389270961, 4599750.119404668919742 ], [ 4563587.038252266123891, 4599737.349441156722605 ], [ 4563610.410304687917233, 4599718.088179793208838 ], [ 4563638.718451206572354, 4599690.893810992129147 ], [ 4563679.218544016592205, 4599655.744402882643044 ], [ 4563698.47848888207227, 4599639.00083224568516 ], [ 4563716.12524040043354, 4599628.499129900708795 ], [ 4563747.627888169139624, 4599612.435189375653863 ], [ 4563786.107188585214317, 4599589.608637579716742 ], [ 4563821.817830745130777, 4599569.270583083853126 ], [ 4563849.413459556177258, 4599552.751367828808725 ], [ 4563885.657415265217423, 4599535.036867261864245 ], [ 4563909.786350625567138, 4599523.243643183261156 ], [ 4563940.016421580687165, 4599516.787315894849598 ], [ 4563986.004333652555943, 4599512.013826468959451 ], [ 4564018.183150020428002, 4599514.960440065711737 ], [ 4564062.748565875925124, 4599512.781110914424062 ], [ 4564078.475404007360339, 4599509.245862775482237 ], [ 4564103.268371382728219, 4599503.672552367672324 ], [ 4564137.756554376333952, 4599489.027401742525399 ], [ 4564183.997556972317398, 4599471.02388836350292 ], [ 4564208.110838843509555, 4599461.326035976409912 ], [ 4564245.507259040139616, 4599444.458553926087916 ], [ 4564284.272706117480993, 4599428.775687885470688 ], [ 4564284.007068373262882, 4599428.91633618157357 ], [ 4564295.71036022156477, 4599423.265380844473839 ], [ 4564296.273298047482967, 4599441.06549137365073 ], [ 4564314.859650653786957, 4599486.809964822605252 ], [ 4564327.426099165342748, 4599508.801759503781796 ], [ 4564335.423225676640868, 4599528.676625562831759 ], [ 4564346.001688337884843, 4599554.966424305923283 ], [ 4564373.465028315782547, 4599549.642317429184914 ], [ 4564407.914186883717775, 4599542.963955696672201 ], [ 4564431.774746191687882, 4599536.506357882171869 ], [ 4564443.999264227226377, 4599533.197974175214767 ], [ 4564461.707701535895467, 4599528.405379023402929 ], [ 4564502.767747373320162, 4599517.292906936258078 ], [ 4564508.823481121100485, 4599516.09589661564678 ], [ 4564527.105089137330651, 4599512.482090657576919 ], [ 4564528.822256878949702, 4599512.142662077210844 ], [ 4564535.996001471765339, 4599510.724648787640035 ], [ 4564565.527152297087014, 4599509.429083708673716 ], [ 4564596.85483359452337, 4599508.054532255977392 ], [ 4564610.370041871443391, 4599508.433707968331873 ], [ 4564622.676551977172494, 4599508.778926506638527 ], [ 4564623.969988749362528, 4599508.81523372605443 ], [ 4564636.156125624664128, 4599507.874440179206431 ], [ 4564729.448821190744638, 4599500.593625414185226 ], [ 4564853.005518379621208, 4599489.730476444587111 ], [ 4564889.230352783575654, 4599485.093208623118699 ], [ 4564889.243960227817297, 4599481.147538657300174 ], [ 4564889.296286200173199, 4599466.027134305797517 ], [ 4564889.474680047482252, 4599432.739680265076458 ], [ 4564887.479424197226763, 4599381.733499396592379 ], [ 4564886.602053883485496, 4599372.194774528965354 ], [ 4564883.932368511334062, 4599352.237887572497129 ], [ 4564885.635620206594467, 4599328.469280855730176 ], [ 4564886.256598045118153, 4599319.803632485680282 ], [ 4564886.199463785625994, 4599306.761573335155845 ], [ 4564884.503759435378015, 4599280.036921135149896 ], [ 4564883.74691120442003, 4599271.300282497890294 ], [ 4564882.267671679146588, 4599254.223802947439253 ], [ 4564881.029304970055819, 4599242.626626051031053 ], [ 4564876.16253802832216, 4599228.789595877751708 ], [ 4564871.386255430988967, 4599216.322695666924119 ], [ 4564852.554993368685246, 4599224.035102910362184 ], [ 4564836.742203606292605, 4599228.038265916518867 ], [ 4564802.164557239040732, 4599237.117640427313745 ], [ 4564770.605760123580694, 4599247.751009404659271 ], [ 4564768.298428936861455, 4599248.528479319065809 ], [ 4564729.213498946279287, 4599261.791066694073379 ], [ 4564705.078738925978541, 4599268.819543903693557 ], [ 4564704.488752932287753, 4599268.991340545006096 ], [ 4564619.849723014049232, 4599244.564910374581814 ], [ 4564572.367973078973591, 4599145.522259007208049 ], [ 4564590.481102908961475, 4599116.788291804492474 ], [ 4564492.868676315993071, 4599041.552989437244833 ], [ 4564486.526640643365681, 4598980.973025479353964 ], [ 4564461.529423381201923, 4598964.087107742205262 ], [ 4564457.301428777165711, 4598923.700795576907694 ], [ 4564445.831518127582967, 4598911.019080181606114 ], [ 4564405.113647389225662, 4598918.086270964704454 ], [ 4564390.020291113294661, 4598893.114827352575958 ], [ 4564382.362178957089782, 4598802.543243570253253 ], [ 4564355.626870983280241, 4598746.454583672806621 ], [ 4564346.814932742156088, 4598711.56521731801331 ], [ 4564335.49096243083477, 4598684.825943378731608 ], [ 4564338.476240551099181, 4598636.188787878490984 ], [ 4564279.420996923930943, 4598594.17614303342998 ], [ 4564259.335918771103024, 4598579.887340192683041 ], [ 4564238.060716382227838, 4598527.728746262378991 ], [ 4564238.565059358254075, 4598510.911767805926502 ], [ 4564240.408907576464117, 4598449.423665297217667 ], [ 4564182.729177425615489, 4598391.308306818827987 ], [ 4564111.649223881773651, 4598334.832400249317288 ], [ 4564091.747300182469189, 4598283.994240005500615 ], [ 4563828.549502624198794, 4598284.893544498831034 ], [ 4563815.70677943341434, 4598302.097835837863386 ], [ 4563813.722071942873299, 4598273.255264775827527 ], [ 4563813.078267876058817, 4598232.793683253228664 ], [ 4563818.261431224644184, 4598202.999794146977365 ], [ 4563816.188562571071088, 4598179.434039698913693 ], [ 4563806.690883270464838, 4598154.230023425072432 ], [ 4563795.373764806427062, 4598127.716280282475054 ], [ 4563783.599393727257848, 4598100.762729726731777 ], [ 4563770.854919386096299, 4598059.888824573718011 ], [ 4563759.415363101288676, 4598038.099997694604099 ], [ 4563735.882098693400621, 4598005.779413389973342 ], [ 4563720.440218164585531, 4597974.85794978402555 ], [ 4563710.635145607404411, 4597956.181851816363633 ], [ 4563702.257107851095498, 4597930.954071102663875 ], [ 4563689.190765672363341, 4597895.934034670703113 ], [ 4563677.258295468054712, 4597882.475634622387588 ], [ 4563656.276899226009846, 4597864.715778858400881 ], [ 4563637.278732568956912, 4597855.907171671278775 ], [ 4563623.365860504098237, 4597844.065629427321255 ], [ 4563616.177071809768677, 4597832.528547675348818 ], [ 4563615.324914122931659, 4597813.659179423004389 ], [ 4563628.750955630093813, 4597760.978190061636269 ], [ 4563639.48176637198776, 4597728.817209264263511 ], [ 4563655.160430058836937, 4597697.673731638118625 ], [ 4563681.634765626862645, 4597647.859280743636191 ], [ 4563683.555006261914968, 4597632.9776371717453 ], [ 4563682.69312135130167, 4597613.659119387157261 ], [ 4563669.116493517532945, 4597533.906200056895614 ], [ 4563651.552459847182035, 4597466.606707407161593 ], [ 4563642.78012746013701, 4597422.95122105628252 ], [ 4563638.823433225043118, 4597384.588091078214347 ], [ 4563641.614587863907218, 4597347.653315984643996 ], [ 4563654.101697223260999, 4597313.881779979914427 ], [ 4563665.286867120303214, 4597292.504819214344025 ], [ 4563692.395947969518602, 4597272.357648296281695 ], [ 4563718.544792171567678, 4597259.65106282569468 ], [ 4563749.768867715261877, 4597243.462015141732991 ], [ 4563782.123617820441723, 4597217.355464235879481 ], [ 4563815.695811662822962, 4597185.376722172833979 ], [ 4563845.3281045621261, 4597147.187652643769979 ], [ 4563867.762774638831615, 4597117.92305479478091 ], [ 4563891.703976161777973, 4597096.270377123728395 ], [ 4563926.221566127613187, 4597077.086998729966581 ], [ 4563947.744246968999505, 4597057.510132722556591 ], [ 4563948.235370485112071, 4597041.991515133529902 ], [ 4563940.647401595488191, 4597032.712435154244304 ], [ 4563929.06012063100934, 4597024.868978931568563 ], [ 4563917.429341335780919, 4597015.002927338704467 ], [ 4563903.784523269161582, 4597005.180435478687286 ], [ 4563876.509295229800045, 4596986.209535172209144 ], [ 4563866.762655827216804, 4596970.232150306925178 ], [ 4563852.258547440171242, 4596951.659595818258822 ], [ 4563827.243494314141572, 4596944.106447485275567 ], [ 4563798.611241308972239, 4596924.490242758765817 ], [ 4563781.277181878685951, 4596899.233909170143306 ], [ 4563772.815821101889014, 4596880.53073341678828 ], [ 4563771.169576010666788, 4596866.40180832426995 ], [ 4563763.94982507172972, 4596842.950310350395739 ], [ 4563759.473497022874653, 4596822.137590976431966 ], [ 4563762.63315512239933, 4596808.944711269810796 ], [ 4563780.394712814129889, 4596697.494052764959633 ], [ 4563771.375651879236102, 4596694.541326933540404 ], [ 4563752.090924450196326, 4596693.1595458984375 ], [ 4563733.215280895121396, 4596689.970264891162515 ], [ 4563716.168498992919922, 4596688.540049349889159 ], [ 4563687.142892480827868, 4596692.314829508773983 ], [ 4563672.420720661990345, 4596694.881244740448892 ], [ 4563643.19286232162267, 4596689.217468902468681 ], [ 4563604.498417312279344, 4596680.610537667758763 ], [ 4563581.079578127712011, 4596674.371429751627147 ], [ 4563562.603493597358465, 4596668.924904185347259 ], [ 4563549.517634591087699, 4596664.261196256615222 ], [ 4563505.640048420056701, 4596643.624954691156745 ], [ 4563479.867955201305449, 4596632.040602087043226 ], [ 4563463.581810925155878, 4596624.298346382565796 ], [ 4563443.791901626624167, 4596620.228917569853365 ], [ 4563426.600961502641439, 4596612.056456062942743 ], [ 4563393.590843838639557, 4596597.030914635397494 ], [ 4563378.589808446355164, 4596586.562844802625477 ], [ 4563366.418581563979387, 4596582.778568520210683 ], [ 4563337.990236781537533, 4596572.600155365653336 ], [ 4563287.351638899184763, 4596549.860853651538491 ], [ 4563247.151744017377496, 4596533.640952280722558 ], [ 4563225.475671613588929, 4596525.115255851298571 ], [ 4563213.636851541697979, 4596515.927869036793709 ], [ 4563189.588411436416209, 4596501.158126265741885 ], [ 4563155.245760316960514, 4596486.610248350538313 ], [ 4563138.522075674496591, 4596479.326688840985298 ], [ 4563076.6315723862499, 4596474.815035018138587 ], [ 4563065.918506211601198, 4596476.39478019438684 ], [ 4563010.37093115132302, 4596475.343230612576008 ], [ 4562936.188260071910918, 4596482.336717459373176 ], [ 4562921.904171315021813, 4596484.443018676713109 ], [ 4562875.794002872891724, 4596484.986112855374813 ], [ 4562828.389099924825132, 4596487.805136473849416 ], [ 4562800.677557623945177, 4596490.200141897425056 ], [ 4562784.564757864922285, 4596490.546891700476408 ], [ 4562783.848588141612709, 4596477.972050753422081 ], [ 4562786.112064061686397, 4596458.13876343332231 ], [ 4562782.345925635658205, 4596428.542882072739303 ], [ 4562772.144423374906182, 4596412.12539370637387 ], [ 4562766.629585309885442, 4596405.499303028918803 ], [ 4562748.039282734505832, 4596394.658047433011234 ], [ 4562742.04822694323957, 4596386.693302681669593 ], [ 4562732.972043958492577, 4596381.043180328793824 ], [ 4562719.193173592910171, 4596385.836103335022926 ], [ 4562709.621461092494428, 4596377.948374723084271 ], [ 4562699.833183770999312, 4596350.280797236599028 ], [ 4562679.932316579855978, 4596330.474845269694924 ], [ 4562667.502795103006065, 4596314.554996859282255 ], [ 4562676.714922538027167, 4596305.588774795643985 ], [ 4562687.183291885070503, 4596292.548746877349913 ], [ 4562689.49485756829381, 4596274.962892548181117 ], [ 4562685.778629755601287, 4596258.181225024163723 ], [ 4562680.690869866870344, 4596240.080203690566123 ], [ 4562670.40492099057883, 4596230.184528265148401 ], [ 4562660.305908084847033, 4596229.052721690386534 ], [ 4562645.406763550825417, 4596223.302999885752797 ], [ 4562633.778081118129194, 4596213.436178251169622 ], [ 4562629.347449135035276, 4596194.646576556377113 ], [ 4562622.116399941965938, 4596170.521614539436996 ], [ 4562586.226722807623446, 4596205.83117957226932 ], [ 4562562.28810796700418, 4596217.13719527143985 ], [ 4562543.748942753300071, 4596229.675985687412322 ], [ 4562528.958429140038788, 4596292.044496337883174 ], [ 4562521.160823264159262, 4596304.352455016225576 ], [ 4562510.189190898090601, 4596293.796915245242417 ], [ 4562491.276265561580658, 4596288.80757668428123 ], [ 4562480.879480360075831, 4596305.218147276900709 ], [ 4562489.79780785087496, 4596345.49460032582283 ], [ 4562483.457733020186424, 4596363.167105225846171 ], [ 4562459.374981465749443, 4596367.731420090422034 ], [ 4562448.920481380075216, 4596381.445401585660875 ], [ 4562432.815250607207417, 4596445.191972236149013 ], [ 4562415.618338894098997, 4596457.701974356546998 ], [ 4562364.285582521930337, 4596507.367087411694229 ], [ 4562327.435415457934141, 4596543.231478158384562 ], [ 4562300.156464522704482, 4596586.984146659262478 ], [ 4562300.673294262029231, 4596611.254605205729604 ], [ 4562266.163597938604653, 4596630.881202405318618 ], [ 4562261.050988522358239, 4596643.131724837236106 ], [ 4562274.851742526516318, 4596660.37218923214823 ], [ 4562283.281537314876914, 4596677.727857862599194 ], [ 4562282.864949820563197, 4596700.219814984127879 ], [ 4562266.885754078626633, 4596706.858158534392715 ], [ 4562259.953935325145721, 4596717.798886574804783 ], [ 4562258.664214737713337, 4596733.981761571019888 ], [ 4562264.338468375615776, 4596755.476448998786509 ], [ 4562265.654777271673083, 4596775.233470992185175 ], [ 4562255.960890240967274, 4596782.636157568544149 ], [ 4562246.037208877503872, 4596779.251920072361827 ], [ 4562237.770051812753081, 4596769.536808829754591 ], [ 4562228.243679892271757, 4596759.378389853052795 ], [ 4562215.941279496066272, 4596753.817385226488113 ], [ 4562206.132445468567312, 4596755.826691033318639 ], [ 4562200.000099057331681, 4596762.253610319457948 ], [ 4562182.638662067241967, 4596797.451506781391799 ], [ 4562172.467237683944404, 4596816.845502635464072 ], [ 4562157.210129667073488, 4596834.623430619947612 ], [ 4562139.41007861122489, 4596852.401505756191909 ], [ 4562129.238760850392282, 4596875.028071330860257 ], [ 4562120.338789099827409, 4596897.654675964266062 ], [ 4562105.081639472395182, 4596910.584137707017362 ], [ 4562092.367406656034291, 4596918.66506062541157 ], [ 4562077.110338020138443, 4596929.978496437892318 ], [ 4562061.853218377567828, 4596942.908189640380442 ], [ 4562056.767434378154576, 4596970.383588119409978 ], [ 4562059.310292855836451, 4596986.545552684925497 ], [ 4562059.310283434577286, 4597009.172509051859379 ], [ 4562052.953235068358481, 4597022.102063744328916 ], [ 4562035.153192254714668, 4597022.102095436304808 ], [ 4562019.89603513199836, 4597025.334546259604394 ], [ 4562007.181843056343496, 4597041.496605129912496 ], [ 4562002.09622585400939, 4597070.588393558748066 ], [ 4562012.233021765016019, 4597124.239998455159366 ], [ 4562044.018697239458561, 4597164.645745021291077 ], [ 4562065.20914660487324, 4597188.889268644154072 ], [ 4562088.518509603105485, 4597210.439046827144921 ], [ 4562107.590060407295823, 4597256.232657973654568 ], [ 4562120.304255775175989, 4597275.088853602297604 ], [ 4562139.375610589049757, 4597291.251344566233456 ], [ 4562171.161168891936541, 4597331.657715116627514 ], [ 4562179.637423139996827, 4597347.820201032795012 ], [ 4562190.232562466524541, 4597377.45182719361037 ], [ 4562198.708753378130496, 4597404.38964903075248 ], [ 4562217.780132057145238, 4597428.633637133054435 ], [ 4562226.256393178366125, 4597447.490223926492035 ], [ 4562234.732540878467262, 4597482.509557588025928 ], [ 4562238.970582363195717, 4597506.753835595212877 ], [ 4562245.327711799181998, 4597530.998050820082426 ], [ 4562251.684785909019411, 4597549.854791379533708 ], [ 4562251.684871329925954, 4597574.099196394905448 ], [ 4562245.327750509604812, 4597592.955950789153576 ], [ 4562247.446861040778458, 4597606.425095426850021 ], [ 4562251.684830361045897, 4597617.200489796698093 ], [ 4562264.399163404479623, 4597627.975920705124736 ], [ 4562266.518177717924118, 4597641.444980726577342 ], [ 4562266.518193507567048, 4597662.995806694962084 ], [ 4562253.803897207602859, 4597679.158910166472197 ], [ 4562247.446816295385361, 4597684.546602099202573 ], [ 4562232.613534635864198, 4597695.322098759934306 ], [ 4562228.375477140769362, 4597722.260750700719655 ], [ 4562230.494341534562409, 4597735.729943334124982 ], [ 4562245.327769334428012, 4597749.199345073662698 ], [ 4562245.327675676904619, 4597762.668683908879757 ], [ 4562236.851616602391005, 4597776.138117644935846 ], [ 4562211.423041993752122, 4597792.301393047906458 ], [ 4562205.065943343564868, 4597803.077029637061059 ], [ 4562190.232541588135064, 4597827.322014007717371 ], [ 4562194.470805928111076, 4597859.64863227494061 ], [ 4562198.708849070593715, 4597891.97548071667552 ], [ 4562198.708810549229383, 4597918.914669932797551 ], [ 4562192.351627030409873, 4597940.466010871343315 ], [ 4562171.161174295470119, 4597983.568843619897962 ], [ 4562158.447044964879751, 4598013.202117809094489 ], [ 4562154.208993854932487, 4598045.529472138732672 ], [ 4562156.327876285649836, 4598083.244816227816045 ], [ 4562149.970729833468795, 4598107.490506301634014 ], [ 4562135.137546733953059, 4598139.818247331306338 ], [ 4562126.661424523219466, 4598191.003786881454289 ], [ 4562128.780366417951882, 4598244.883561524562538 ], [ 4562130.899444054812193, 4598269.129745397716761 ], [ 4562124.542330329306424, 4598312.233940340578556 ], [ 4562113.947103624232113, 4598339.174040794372559 ], [ 4562105.470918071456254, 4598374.196419395506382 ], [ 4562107.590035628527403, 4598409.218971201218665 ], [ 4562107.590057917870581, 4598436.159369047731161 ], [ 4562096.994701819494367, 4598481.958426323719323 ], [ 4562084.28050444740802, 4598514.287175120785832 ], [ 4562071.566230703145266, 4598546.616010963916779 ], [ 4562055.03629850782454, 4598606.40198269393295 ], [ 4562027.064977112226188, 4598601.55268972646445 ], [ 4561994.007837800309062, 4598603.168993357568979 ], [ 4561963.493661097250879, 4598611.251314679160714 ], [ 4561935.522208922542632, 4598629.032496876083314 ], [ 4561918.993762326426804, 4598637.114764720201492 ], [ 4561905.008037755265832, 4598654.895734160207212 ], [ 4561888.479525309056044, 4598674.293329481035471 ], [ 4561871.95099155139178, 4598692.074525400064886 ], [ 4561849.065312860533595, 4598721.170992131344974 ], [ 4561837.622581656090915, 4598748.651087650097907 ], [ 4561822.365384972654283, 4598782.597358145751059 ], [ 4561808.379726430401206, 4598824.626026111654937 ], [ 4561799.479708658531308, 4598850.489860963076353 ], [ 4561789.308321411721408, 4598890.902312013320625 ], [ 4561777.86543177254498, 4598924.848961014300585 ], [ 4561765.151260615326464, 4598957.179088440723717 ], [ 4561753.708393751643598, 4598986.276431566104293 ], [ 4561747.351170339621603, 4599015.373625578358769 ], [ 4561740.994058354757726, 4599047.70420743804425 ], [ 4561733.365572594106197, 4599081.651313389651477 ], [ 4561729.551382438279688, 4599112.365446172654629 ], [ 4561725.736976861022413, 4599141.463065317831933 ], [ 4561721.922755654901266, 4599175.410469708032906 ], [ 4561714.793244576081634, 4599208.647859103046358 ], [ 4561264.223916827701032, 4599276.004775709472597 ], [ 4560319.936857530847192, 4599417.103941234759986 ], [ 4560236.035855618305504, 4599425.631415555253625 ], [ 4559109.395335394889116, 4599540.074143423698843 ], [ 4558850.553853189572692, 4599566.349436392076313 ], [ 4558713.600127204321325, 4600213.547144810669124 ], [ 4558711.824037617072463, 4600221.940555598586798 ], [ 4558796.546226961538196, 4600244.819272677414119 ], [ 4559060.837006490677595, 4600314.317932691425085 ], [ 4559403.068734535016119, 4600408.288196138106287 ], [ 4559594.899845167063177, 4600459.014839744195342 ], [ 4559651.502899710088968, 4600476.211241230368614 ], [ 4559712.953059428371489, 4600498.187414101324975 ], [ 4560146.477955454960465, 4600687.197979527525604 ], [ 4560357.711934103630483, 4600783.464789994992316 ], [ 4560507.710910978727043, 4600854.26764546148479 ], [ 4560659.988885663449764, 4600921.533907526172698 ], [ 4560980.165391329675913, 4601060.98793108202517 ], [ 4561130.488096915185452, 4601126.865352456457913 ], [ 4561184.123103834688663, 4601148.60930094961077 ], [ 4561234.625789794139564, 4601164.084031343460083 ], [ 4561304.671058187261224, 4601180.040281536057591 ], [ 4561355.535932347178459, 4601187.229531978257 ], [ 4561381.042610085569322, 4601190.102637725882232 ], [ 4561450.546204253099859, 4601192.499831411056221 ], [ 4561498.606289610266685, 4601190.645302279852331 ], [ 4561595.471929938532412, 4601178.494129992090166 ], [ 4561797.394076153635979, 4601126.482682412490249 ], [ 4562025.480635770596564, 4601069.479601681232452 ], [ 4562098.24680264480412, 4601052.240385619923472 ], [ 4562303.561139088124037, 4601000.934134974144399 ], [ 4562366.404778350144625, 4600984.277547453530133 ] ] ] ] } },
{ "type": "Feature", "properties": { "fid": 7, "OBJECTID": 7, "AD": "MESCİT", "KIMLIKNO": 21151, "TANITIMKOD": "3", "SHAPE_Leng": 3983.86456125, "SHAPE_Area": 588749.64968200005 }, "geometry": { "type": "MultiPolygon", "coordinates": [ [ [ [ 4565139.452076974324882, 4599461.934767635539174 ], [ 4565153.881219631060958, 4599461.40558597818017 ], [ 4565154.889926270581782, 4599461.397661012597382 ], [ 4565188.330982110463083, 4599461.135285665281117 ], [ 4565218.450426150113344, 4599467.759127853438258 ], [ 4565237.633222606964409, 4599469.365571463480592 ], [ 4565271.863845175132155, 4599469.711996957659721 ], [ 4565272.343757510185242, 4599469.716848048381507 ], [ 4565271.43245485983789, 4599464.41563964355737 ], [ 4565269.270223931409419, 4599451.837680879049003 ], [ 4565270.386147019453347, 4599441.288605140522122 ], [ 4565278.171121246181428, 4599428.435332606546581 ], [ 4565297.528017153963447, 4599397.654030720703304 ], [ 4565304.012194384820759, 4599381.903614905662835 ], [ 4565304.422486209310591, 4599380.907104567624629 ], [ 4565300.31518785841763, 4599364.939571844413877 ], [ 4565295.147253389470279, 4599343.804467707872391 ], [ 4565292.208941904827952, 4599331.787830625660717 ], [ 4565291.979843441396952, 4599330.191871437244117 ], [ 4565288.887585780583322, 4599308.651979216374457 ], [ 4565290.705259971320629, 4599305.331852249801159 ], [ 4565295.092656911350787, 4599297.317542355507612 ], [ 4565309.397244364023209, 4599281.488920324482024 ], [ 4565334.756551062688231, 4599254.895106263458729 ], [ 4565351.99560531321913, 4599234.954676008783281 ], [ 4565360.276063944213092, 4599227.559752092696726 ], [ 4565367.94678511004895, 4599220.709370568394661 ], [ 4565379.300860319286585, 4599211.338418386876583 ], [ 4565380.899649400264025, 4599210.018848594278097 ], [ 4565387.089234386570752, 4599204.910404620692134 ], [ 4565400.054887847974896, 4599190.629147096537054 ], [ 4565402.77324400935322, 4599187.635051498189569 ], [ 4565416.162343418225646, 4599170.72995859477669 ], [ 4565421.150881359353662, 4599164.431528388522565 ], [ 4565427.170260788872838, 4599158.581343706697226 ], [ 4565433.719249634072185, 4599152.216536431573331 ], [ 4565440.859491732902825, 4599146.345118674449623 ], [ 4565442.114221062511206, 4599142.088741226121783 ], [ 4565445.669030650518835, 4599130.030103070661426 ], [ 4565448.321103014051914, 4599106.629594246856868 ], [ 4565461.469664190895855, 4599074.634840996935964 ], [ 4565462.662434300407767, 4599072.100716914981604 ], [ 4565466.490809134207666, 4599063.967380473390222 ], [ 4565494.970698232762516, 4599047.715116195380688 ], [ 4565495.677226284518838, 4598893.882801475934684 ], [ 4565499.973338932730258, 4598781.800986973568797 ], [ 4565513.114305484108627, 4598705.957030556164682 ], [ 4565493.263109400868416, 4598657.817149180918932 ], [ 4565496.391033010557294, 4598553.858740551397204 ], [ 4565492.745896586216986, 4598447.350505497306585 ], [ 4565451.789452786557376, 4598355.148228286765516 ], [ 4565446.682614089921117, 4598305.339502454735339 ], [ 4565455.354831498116255, 4598271.420971471816301 ], [ 4565429.839953687041998, 4598219.321087085641921 ], [ 4565427.243258103728294, 4598214.018739840015769 ], [ 4565405.523154109716415, 4598203.698424407280982 ], [ 4565429.902903316542506, 4598150.549777156673372 ], [ 4565405.41791024710983, 4598118.322314429096878 ], [ 4565401.283672930672765, 4598112.880764049477875 ], [ 4565381.502373773604631, 4598086.844177624210715 ], [ 4565373.632198616862297, 4598022.932728338055313 ], [ 4565371.726485976018012, 4598007.457054832018912 ], [ 4565309.170178173109889, 4597910.331773829646409 ], [ 4565289.994879364036024, 4597831.150522195734084 ], [ 4565272.420812751166523, 4597826.136609830893576 ], [ 4565273.825876856222749, 4597766.744680699892342 ], [ 4565241.849354566074908, 4597745.029470290057361 ], [ 4565241.101989027112722, 4597744.521939978934824 ], [ 4565240.174496481195092, 4597718.340042286552489 ], [ 4565237.663638727739453, 4597647.461098200641572 ], [ 4565216.884734004735947, 4597556.174671059474349 ], [ 4565192.248705715872347, 4597514.07370812818408 ], [ 4565190.381194985471666, 4597510.882408678531647 ], [ 4565187.214816113002598, 4597502.267003045417368 ], [ 4565175.179380404762924, 4597483.6803267756477 ], [ 4565169.84262397326529, 4597475.438482772558928 ], [ 4565163.327944921329618, 4597474.456032787449658 ], [ 4565103.431887901388109, 4597533.367974218912423 ], [ 4565074.628712876699865, 4597605.315476225689054 ], [ 4565027.599711555987597, 4597656.929318640381098 ], [ 4565018.099984760396183, 4597683.668203477747738 ], [ 4565017.506101032719016, 4597685.356382987461984 ], [ 4565010.926504771225154, 4597704.060858508571982 ], [ 4565008.936000116169453, 4597724.256738709285855 ], [ 4565008.905478615313768, 4597724.566273804754019 ], [ 4565003.42366058472544, 4597761.11157732270658 ], [ 4564998.657841245643795, 4597789.321739935316145 ], [ 4564987.506855925545096, 4597832.96090002078563 ], [ 4564978.595044202171266, 4597866.208229961805046 ], [ 4564972.188669696450233, 4597901.42502323910594 ], [ 4564959.615276713855565, 4597938.692858174443245 ], [ 4564959.34978331066668, 4597939.479938376694918 ], [ 4564959.279078646562994, 4597940.01611578091979 ], [ 4564954.941844053566456, 4597967.016587263904512 ], [ 4564948.295914294198155, 4597998.393788667395711 ], [ 4564935.42589795589447, 4598043.330370150506496 ], [ 4564932.236948110163212, 4598054.327800088562071 ], [ 4564925.733798264525831, 4598070.524094178341329 ], [ 4564922.099276416003704, 4598077.665299342013896 ], [ 4564919.434219934977591, 4598082.901805879548192 ], [ 4564913.213191081769764, 4598101.740518795326352 ], [ 4564909.076236342079937, 4598119.051383292302489 ], [ 4564905.395876612514257, 4598135.406451824121177 ], [ 4564907.650840654037893, 4598143.385496846400201 ], [ 4564908.88898712489754, 4598162.883059312589467 ], [ 4564916.658857063390315, 4598180.523204510100186 ], [ 4564928.584788448177278, 4598210.215712957084179 ], [ 4564945.905777127481997, 4598240.870282988995314 ], [ 4564954.615526950918138, 4598273.960741993039846 ], [ 4564958.052270703949034, 4598287.018049997277558 ], [ 4564963.471224472858012, 4598314.018968980759382 ], [ 4564965.575775137171149, 4598321.429903775453568 ], [ 4564975.93915861658752, 4598326.063094136305153 ], [ 4565034.921747927553952, 4598388.327708557248116 ], [ 4565023.700454692356288, 4598539.840377978980541 ], [ 4565026.288462751545012, 4598553.152550446800888 ], [ 4565020.720388229005039, 4598566.897186133079231 ], [ 4565005.613187325187027, 4598577.290622734464705 ], [ 4564974.003565323539078, 4598606.851263660937548 ], [ 4564943.74556378275156, 4598636.787281705997884 ], [ 4564926.977220553904772, 4598650.509112161584198 ], [ 4564898.296232649125159, 4598672.58521743491292 ], [ 4564856.20779912546277, 4598702.238618728704751 ], [ 4564844.40612115431577, 4598709.511028580367565 ], [ 4564827.216594227589667, 4598728.63898541033268 ], [ 4564812.29659553989768, 4598765.797410561703146 ], [ 4564807.677545095793903, 4598774.899531185626984 ], [ 4564800.180626083165407, 4598789.672493094578385 ], [ 4564792.251287213526666, 4598814.535987939685583 ], [ 4564780.963028299622238, 4598851.885805570520461 ], [ 4564774.587130860425532, 4598874.017134281806648 ], [ 4564763.197075474075973, 4598906.646897512488067 ], [ 4564750.068994275294244, 4598945.925863397307694 ], [ 4564746.237409614957869, 4598955.184143547900021 ], [ 4564739.215961033478379, 4598978.544035730883479 ], [ 4564735.285275404341519, 4598990.016450528055429 ], [ 4564733.021292734891176, 4598996.623979104682803 ], [ 4564725.827768463641405, 4599018.233675624243915 ], [ 4564714.364145509898663, 4599053.698927127756178 ], [ 4564705.768658751621842, 4599078.847354787401855 ], [ 4564703.262408847920597, 4599091.233266767114401 ], [ 4564700.668027721345425, 4599104.054833543486893 ], [ 4564696.033392104320228, 4599138.427476645447314 ], [ 4564692.965533489361405, 4599158.193818056955934 ], [ 4564686.420042001642287, 4599178.710399595089257 ], [ 4564683.657008877955377, 4599187.675760408863425 ], [ 4564683.111867601983249, 4599206.038157185539603 ], [ 4564685.124518545344472, 4599217.00590347032994 ], [ 4564685.126964053139091, 4599217.019237149506807 ], [ 4564687.526543121784925, 4599230.094853629358113 ], [ 4564693.799150416627526, 4599246.825004072859883 ], [ 4564704.488752932287753, 4599268.991340545006096 ], [ 4564705.078738925978541, 4599268.819543903693557 ], [ 4564729.213498946279287, 4599261.791066694073379 ], [ 4564768.298428936861455, 4599248.528479319065809 ], [ 4564770.605760123580694, 4599247.751009404659271 ], [ 4564802.164557239040732, 4599237.117640427313745 ], [ 4564836.742203606292605, 4599228.038265916518867 ], [ 4564852.554993368685246, 4599224.035102910362184 ], [ 4564871.386255430988967, 4599216.322695666924119 ], [ 4564876.16253802832216, 4599228.789595877751708 ], [ 4564881.029304970055819, 4599242.626626051031053 ], [ 4564882.267671679146588, 4599254.223802947439253 ], [ 4564883.74691120442003, 4599271.300282497890294 ], [ 4564884.503759435378015, 4599280.036921135149896 ], [ 4564886.199463785625994, 4599306.761573335155845 ], [ 4564886.256598045118153, 4599319.803632485680282 ], [ 4564885.635620206594467, 4599328.469280855730176 ], [ 4564883.932368511334062, 4599352.237887572497129 ], [ 4564886.602053883485496, 4599372.194774528965354 ], [ 4564887.479424197226763, 4599381.733499396592379 ], [ 4564889.474680047482252, 4599432.739680265076458 ], [ 4564889.296286200173199, 4599466.027134305797517 ], [ 4564889.243960227817297, 4599481.147538657300174 ], [ 4564889.230352783575654, 4599485.093208623118699 ], [ 4564971.355887485668063, 4599474.579541498795152 ], [ 4565014.365387050434947, 4599469.073205837979913 ], [ 4565106.458318082615733, 4599463.685968896374106 ], [ 4565131.25714317522943, 4599462.235216025263071 ], [ 4565132.441315193660557, 4599462.191856496967375 ], [ 4565139.452076974324882, 4599461.934767635539174 ] ] ] ] } },
{ "type": "Feature", "properties": { "fid": 8, "OBJECTID": 8, "AD": "KALE", "KIMLIKNO": 21149, "TANITIMKOD": "1", "SHAPE_Leng": 2456.39768804, "SHAPE_Area": 288292.10425500001 }, "geometry": { "type": "MultiPolygon", "coordinates": [ [ [ [ 4564701.727463285438716, 4600387.748338726349175 ], [ 4564701.154709943570197, 4600379.025503857061267 ], [ 4564684.680096731521189, 4600306.76354799233377 ], [ 4564681.164902305230498, 4600289.520320602692664 ], [ 4564674.230393700301647, 4600258.723668682388961 ], [ 4564675.201148263178766, 4600212.282019886188209 ], [ 4564673.574672144837677, 4600170.035144880414009 ], [ 4564676.646180318668485, 4600137.942102454602718 ], [ 4564676.322690484113991, 4600106.282699632458389 ], [ 4564675.481340699829161, 4600075.53430381976068 ], [ 4564674.533579444512725, 4600056.483039878308773 ], [ 4564671.904173554852605, 4600034.229875823482871 ], [ 4564667.048415542580187, 4600008.426718330942094 ], [ 4564656.754888063296676, 4599973.558716317638755 ], [ 4564654.974771325476468, 4599942.898540979251266 ], [ 4564649.633583336137235, 4599921.996722989715636 ], [ 4564649.162018829025328, 4599920.151556679978967 ], [ 4564646.231697120703757, 4599908.880284165963531 ], [ 4564640.975900863297284, 4599883.221004444174469 ], [ 4564637.841604055836797, 4599864.893187575042248 ], [ 4564632.01033675018698, 4599833.309307498857379 ], [ 4564626.527013927698135, 4599802.28011407982558 ], [ 4564621.909550586715341, 4599775.055425117723644 ], [ 4564617.547440889291465, 4599749.287044540047646 ], [ 4564616.206223821267486, 4599733.798319036141038 ], [ 4564616.851811975240707, 4599706.572005457244813 ], [ 4564617.254207029938698, 4599699.254258416593075 ], [ 4564616.720080083236098, 4599669.242426482029259 ], [ 4564618.342753577977419, 4599630.188222097232938 ], [ 4564619.701982048340142, 4599621.850172172300518 ], [ 4564619.657084761187434, 4599566.402634755708277 ], [ 4564621.45345900580287, 4599540.613657493144274 ], [ 4564622.144509265199304, 4599520.695742224343121 ], [ 4564622.676551977172494, 4599508.778926506638527 ], [ 4564610.370041871443391, 4599508.433707968331873 ], [ 4564596.85483359452337, 4599508.054532255977392 ], [ 4564565.527152297087014, 4599509.429083708673716 ], [ 4564535.996001471765339, 4599510.724648787640035 ], [ 4564528.822256878949702, 4599512.142662077210844 ], [ 4564527.105089137330651, 4599512.482090657576919 ], [ 4564508.823481121100485, 4599516.09589661564678 ], [ 4564502.767747373320162, 4599517.292906936258078 ], [ 4564461.707701535895467, 4599528.405379023402929 ], [ 4564443.999264227226377, 4599533.197974175214767 ], [ 4564431.774746191687882, 4599536.506357882171869 ], [ 4564407.914186883717775, 4599542.963955696672201 ], [ 4564373.465028315782547, 4599549.642317429184914 ], [ 4564346.001688337884843, 4599554.966424305923283 ], [ 4564335.423225676640868, 4599528.676625562831759 ], [ 4564327.426099165342748, 4599508.801759503781796 ], [ 4564314.859650653786957, 4599486.809964822605252 ], [ 4564296.273298047482967, 4599441.06549137365073 ], [ 4564295.71036022156477, 4599423.265380844473839 ], [ 4564284.007068373262882, 4599428.91633618157357 ], [ 4564284.272706117480993, 4599428.775687885470688 ], [ 4564245.507259040139616, 4599444.458553926087916 ], [ 4564208.110838843509555, 4599461.326035976409912 ], [ 4564183.997556972317398, 4599471.02388836350292 ], [ 4564137.756554376333952, 4599489.027401742525399 ], [ 4564103.268371382728219, 4599503.672552367672324 ], [ 4564078.475404007360339, 4599509.245862775482237 ], [ 4564062.748565875925124, 4599512.781110914424062 ], [ 4564077.972849387675524, 4599554.14119616150856 ], [ 4564106.390500920824707, 4599606.617691449820995 ], [ 4564137.217092014849186, 4599640.023108150810003 ], [ 4564155.359253243543208, 4599679.953326348215342 ], [ 4564160.755055910907686, 4599733.063518771901727 ], [ 4564201.695104399695992, 4599769.72797551099211 ], [ 4564200.900016406551003, 4599795.820889474824071 ], [ 4564203.428510808385909, 4599816.630776108242571 ], [ 4564205.047558764927089, 4599829.956354477442801 ], [ 4564205.309029312804341, 4599832.108765578828752 ], [ 4564205.428737749345601, 4599833.094302215613425 ], [ 4564210.254570889286697, 4599838.271449250169098 ], [ 4564211.779437248595059, 4599871.580043213441968 ], [ 4564212.530771357007325, 4599875.27468497119844 ], [ 4564218.201831758022308, 4599903.160664973780513 ], [ 4564187.975291487760842, 4599933.709198947064579 ], [ 4564177.993089411407709, 4599969.54921108763665 ], [ 4564178.359914113767445, 4600020.108454204164445 ], [ 4564153.283235122449696, 4600031.100891782902181 ], [ 4564157.55778818577528, 4600042.907523143105209 ], [ 4564163.96051826979965, 4600060.591996819712222 ], [ 4564166.20204031188041, 4600093.125985647551715 ], [ 4564162.851252437569201, 4600135.453847344964743 ], [ 4564143.979403469711542, 4600169.559120565652847 ], [ 4564129.26421504933387, 4600266.390468207187951 ], [ 4564130.477049830369651, 4600268.380065049044788 ], [ 4564170.466165838763118, 4600333.98217017762363 ], [ 4564205.532621497288346, 4600422.746652580797672 ], [ 4564245.744689240120351, 4600478.662600517272949 ], [ 4564256.715906501747668, 4600492.458781412802637 ], [ 4564262.675789784640074, 4600499.953216810710728 ], [ 4564348.965286694467068, 4600477.657523009926081 ], [ 4564407.386277637444437, 4600463.435503721237183 ], [ 4564465.074490322731435, 4600447.947232224978507 ], [ 4564528.738513665273786, 4600431.178086835891008 ], [ 4564544.482171311974525, 4600427.500280848704278 ], [ 4564578.23308461997658, 4600419.064563809894025 ], [ 4564590.698527358472347, 4600415.476468234322965 ], [ 4564612.808860992081463, 4600409.936064384877682 ], [ 4564645.833235016092658, 4600401.572017720900476 ], [ 4564657.034415510483086, 4600399.079685824923217 ], [ 4564672.135169661603868, 4600395.659324062056839 ], [ 4564701.727463285438716, 4600387.748338726349175 ] ] ] ] } },
{ "type": "Feature", "properties": { "fid": 9, "OBJECTID": 9, "AD": "CAMİİ", "KIMLIKNO": 21147, "TANITIMKOD": "2", "SHAPE_Leng": 2520.98296519, "SHAPE_Area": 272129.534445 }, "geometry": { "type": "MultiPolygon", "coordinates": [ [ [ [ 4565037.581423184834421, 4600086.468573763035238 ], [ 4565052.7527024326846, 4600061.311343524605036 ], [ 4565069.986754095181823, 4600034.8253237856552 ], [ 4565084.562103930860758, 4600009.679096703417599 ], [ 4565115.384257641620934, 4599959.01315466221422 ], [ 4565177.088863628916442, 4599857.410511299036443 ], [ 4565193.089968314394355, 4599832.975715570151806 ], [ 4565209.110731645487249, 4599807.46697308961302 ], [ 4565216.981210371479392, 4599794.935407965444028 ], [ 4565233.582558419555426, 4599765.112752506509423 ], [ 4565248.458366438746452, 4599738.363609800115228 ], [ 4565254.987234844826162, 4599729.562992945313454 ], [ 4565270.855791443027556, 4599702.117700487375259 ], [ 4565281.110349605791271, 4599684.352758156135678 ], [ 4565307.772518172860146, 4599641.214110446162522 ], [ 4565322.146805569529533, 4599616.075437718071043 ], [ 4565355.228021916002035, 4599567.452987583354115 ], [ 4565382.984954372048378, 4599539.861472860909998 ], [ 4565413.038984903134406, 4599508.122174898162484 ], [ 4565439.082797055132687, 4599480.617713842540979 ], [ 4565482.154319647699594, 4599434.206620161421597 ], [ 4565526.413296918384731, 4599395.957794602029026 ], [ 4565532.003270815126598, 4599394.285995016805828 ], [ 4565548.76952010858804, 4599389.271552271209657 ], [ 4565561.553944589570165, 4599381.025319785811007 ], [ 4565544.590484838932753, 4599376.275794722139835 ], [ 4565523.197324270382524, 4599382.903417670167983 ], [ 4565486.518169487826526, 4599394.369804698973894 ], [ 4565428.348158710636199, 4599417.78883754555136 ], [ 4565422.977087648585439, 4599419.938641200773418 ], [ 4565386.447342518717051, 4599434.559526786208153 ], [ 4565355.853788646869361, 4599446.804413835518062 ], [ 4565302.31512326747179, 4599464.37038494553417 ], [ 4565300.866468888707459, 4599464.636648760177195 ], [ 4565272.343757510185242, 4599469.716848048381507 ], [ 4565271.863845175132155, 4599469.711996957659721 ], [ 4565237.633222606964409, 4599469.365571463480592 ], [ 4565218.450426150113344, 4599467.759127853438258 ], [ 4565188.330982110463083, 4599461.135285665281117 ], [ 4565154.889926270581782, 4599461.397661012597382 ], [ 4565153.881219631060958, 4599461.40558597818017 ], [ 4565139.452076974324882, 4599461.934767635539174 ], [ 4565132.441315193660557, 4599462.191856496967375 ], [ 4565131.25714317522943, 4599462.235216025263071 ], [ 4565106.458318082615733, 4599463.685968896374106 ], [ 4565014.365387050434947, 4599469.073205837979913 ], [ 4564971.355887485668063, 4599474.579541498795152 ], [ 4564889.230352783575654, 4599485.093208623118699 ], [ 4564853.005518379621208, 4599489.730476444587111 ], [ 4564729.448821190744638, 4599500.593625414185226 ], [ 4564636.156125624664128, 4599507.874440179206431 ], [ 4564623.969988749362528, 4599508.81523372605443 ], [ 4564622.676551977172494, 4599508.778926506638527 ], [ 4564622.144509265199304, 4599520.695742224343121 ], [ 4564621.45345900580287, 4599540.613657493144274 ], [ 4564619.657084761187434, 4599566.402634755708277 ], [ 4564619.701982048340142, 4599621.850172172300518 ], [ 4564618.342753577977419, 4599630.188222097232938 ], [ 4564616.720080083236098, 4599669.242426482029259 ], [ 4564617.254207029938698, 4599699.254258416593075 ], [ 4564616.851811975240707, 4599706.572005457244813 ], [ 4564616.206223821267486, 4599733.798319036141038 ], [ 4564617.547440889291465, 4599749.287044540047646 ], [ 4564621.909550586715341, 4599775.055425117723644 ], [ 4564626.527013927698135, 4599802.28011407982558 ], [ 4564632.01033675018698, 4599833.309307498857379 ], [ 4564637.841604055836797, 4599864.893187575042248 ], [ 4564640.975900863297284, 4599883.221004444174469 ], [ 4564646.231697120703757, 4599908.880284165963531 ], [ 4564649.162018829025328, 4599920.151556679978967 ], [ 4564649.633583336137235, 4599921.996722989715636 ], [ 4564654.974771325476468, 4599942.898540979251266 ], [ 4564656.754888063296676, 4599973.558716317638755 ], [ 4564667.048415542580187, 4600008.426718330942094 ], [ 4564671.904173554852605, 4600034.229875823482871 ], [ 4564674.533579444512725, 4600056.483039878308773 ], [ 4564675.481340699829161, 4600075.53430381976068 ], [ 4564676.322690484113991, 4600106.282699632458389 ], [ 4564676.646180318668485, 4600137.942102454602718 ], [ 4564673.574672144837677, 4600170.035144880414009 ], [ 4564675.201148263178766, 4600212.282019886188209 ], [ 4564674.230393700301647, 4600258.723668682388961 ], [ 4564681.164902305230498, 4600289.520320602692664 ], [ 4564684.680096731521189, 4600306.76354799233377 ], [ 4564701.154709943570197, 4600379.025503857061267 ], [ 4564701.727463285438716, 4600387.748338726349175 ], [ 4564725.698504976928234, 4600380.992059831507504 ], [ 4564765.405200464650989, 4600368.321687705814838 ], [ 4564794.085883668623865, 4600358.47736575640738 ], [ 4564820.59371423907578, 4600346.54343053791672 ], [ 4564836.62320230808109, 4600336.861460435204208 ], [ 4564857.565620762296021, 4600323.459924857132137 ], [ 4564899.126440966501832, 4600290.251534387469292 ], [ 4564925.220598615705967, 4600263.302632080391049 ], [ 4564948.012290200218558, 4600235.885808747261763 ], [ 4564984.181388588622212, 4600180.40076303947717 ], [ 4565019.167716302908957, 4600120.265273060649633 ], [ 4565028.02243213262409, 4600104.353483805432916 ], [ 4565037.581423184834421, 4600086.468573763035238 ] ] ] ] } },
{ "type": "Feature", "properties": { "fid": 10, "OBJECTID": 10, "AD": "TEKEL", "KIMLIKNO": 21153, "TANITIMKOD": "4", "SHAPE_Leng": 11638.101249900001, "SHAPE_Area": 4353542.9731599996 }, "geometry": { "type": "MultiPolygon", "coordinates": [ [ [ [ 4564763.197075474075973, 4598906.646897512488067 ], [ 4564774.587130860425532, 4598874.017134281806648 ], [ 4564780.963028299622238, 4598851.885805570520461 ], [ 4564792.251287213526666, 4598814.535987939685583 ], [ 4564800.180626083165407, 4598789.672493094578385 ], [ 4564807.677545095793903, 4598774.899531185626984 ], [ 4564812.29659553989768, 4598765.797410561703146 ], [ 4564827.216594227589667, 4598728.63898541033268 ], [ 4564844.40612115431577, 4598709.511028580367565 ], [ 4564856.20779912546277, 4598702.238618728704751 ], [ 4564898.296232649125159, 4598672.58521743491292 ], [ 4564926.977220553904772, 4598650.509112161584198 ], [ 4564943.74556378275156, 4598636.787281705997884 ], [ 4564974.003565323539078, 4598606.851263660937548 ], [ 4565005.613187325187027, 4598577.290622734464705 ], [ 4565020.720388229005039, 4598566.897186133079231 ], [ 4565026.288462751545012, 4598553.152550446800888 ], [ 4565023.700454692356288, 4598539.840377978980541 ], [ 4565034.921747927553952, 4598388.327708557248116 ], [ 4564975.93915861658752, 4598326.063094136305153 ], [ 4564965.575775137171149, 4598321.429903775453568 ], [ 4564963.471224472858012, 4598314.018968980759382 ], [ 4564958.052270703949034, 4598287.018049997277558 ], [ 4564954.615526950918138, 4598273.960741993039846 ], [ 4564945.905777127481997, 4598240.870282988995314 ], [ 4564928.584788448177278, 4598210.215712957084179 ], [ 4564916.658857063390315, 4598180.523204510100186 ], [ 4564908.88898712489754, 4598162.883059312589467 ], [ 4564907.650840654037893, 4598143.385496846400201 ], [ 4564905.395876612514257, 4598135.406451824121177 ], [ 4564909.076236342079937, 4598119.051383292302489 ], [ 4564913.213191081769764, 4598101.740518795326352 ], [ 4564919.434219934977591, 4598082.901805879548192 ], [ 4564922.099276416003704, 4598077.665299342013896 ], [ 4564925.733798264525831, 4598070.524094178341329 ], [ 4564932.236948110163212, 4598054.327800088562071 ], [ 4564935.42589795589447, 4598043.330370150506496 ], [ 4564948.295914294198155, 4597998.393788667395711 ], [ 4564954.941844053566456, 4597967.016587263904512 ], [ 4564959.279078646562994, 4597940.01611578091979 ], [ 4564959.34978331066668, 4597939.479938376694918 ], [ 4564959.615276713855565, 4597938.692858174443245 ], [ 4564972.188669696450233, 4597901.42502323910594 ], [ 4564978.595044202171266, 4597866.208229961805046 ], [ 4564987.506855925545096, 4597832.96090002078563 ], [ 4564998.657841245643795, 4597789.321739935316145 ], [ 4565003.42366058472544, 4597761.11157732270658 ], [ 4565008.905478615313768, 4597724.566273804754019 ], [ 4565008.936000116169453, 4597724.256738709285855 ], [ 4565010.926504771225154, 4597704.060858508571982 ], [ 4565017.506101032719016, 4597685.356382987461984 ], [ 4565018.099984760396183, 4597683.668203477747738 ], [ 4565027.599711555987597, 4597656.929318640381098 ], [ 4565074.628712876699865, 4597605.315476225689054 ], [ 4565103.431887901388109, 4597533.367974218912423 ], [ 4565163.327944921329618, 4597474.456032787449658 ], [ 4565174.836116874590516, 4597430.619854962453246 ], [ 4565191.843645546585321, 4597388.653383771888912 ], [ 4565219.11609891615808, 4597355.457622510381043 ], [ 4565230.916129461489618, 4597331.592235306277871 ], [ 4565240.575188036076725, 4597312.270485417917371 ], [ 4565243.325941606424749, 4597284.10523425322026 ], [ 4565245.400154056027532, 4597260.901347765699029 ], [ 4565244.63241885509342, 4597246.078489013016224 ], [ 4565238.201048972085118, 4597238.573875606060028 ], [ 4565217.242677816189826, 4597221.94196696113795 ], [ 4565218.342974099330604, 4597210.675931776873767 ], [ 4565227.296557367779315, 4597189.795790859498084 ], [ 4565267.7512096920982, 4597113.819054118357599 ], [ 4565275.935349111445248, 4597098.801582530140877 ], [ 4565284.985739972442389, 4597082.416289671324193 ], [ 4565300.108299941755831, 4597056.905308179557323 ], [ 4565304.769955080933869, 4597044.66264970228076 ], [ 4565279.870840196497738, 4597032.164004863239825 ], [ 4565250.340616038069129, 4597012.57139272801578 ], [ 4565219.973446534015238, 4596995.694884579628706 ], [ 4565185.977176610380411, 4596976.649023086763918 ], [ 4565170.954466769471765, 4596965.284296806901693 ], [ 4565153.275410123169422, 4596955.326434288173914 ], [ 4565164.476463095284998, 4596934.847671166062355 ], [ 4565183.315693548880517, 4596915.551738236099482 ], [ 4565209.228948668576777, 4596892.054898818954825 ], [ 4565241.156285895965993, 4596856.735778402537107 ], [ 4565299.88162231631577, 4596797.451012750156224 ], [ 4565348.583575303666294, 4596750.974992015399039 ], [ 4565448.555191511288285, 4596652.571009141393006 ], [ 4565432.983923592604697, 4596621.216567491181195 ], [ 4565420.287298231385648, 4596603.506754459813237 ], [ 4565395.476476605981588, 4596595.05386839620769 ], [ 4565366.238430753350258, 4596588.945724955759943 ], [ 4565365.704731150530279, 4596564.226383636705577 ], [ 4565355.197658932767808, 4596544.22064183652401 ], [ 4565345.760993645526469, 4596521.943483932875097 ], [ 4565321.414447120390832, 4596483.129002026282251 ], [ 4565296.070471033453941, 4596449.9568807836622 ], [ 4565267.73364984523505, 4596433.711726716719568 ], [ 4565243.824013057164848, 4596415.121944364160299 ], [ 4565219.623557394370437, 4596383.049147104844451 ], [ 4565196.469518356956542, 4596347.581213820725679 ], [ 4565154.803030792623758, 4596336.122318295761943 ], [ 4565140.745923648588359, 4596307.201225811615586 ], [ 4565181.127697985619307, 4596259.110472027212381 ], [ 4565223.795398673973978, 4596213.218384334817529 ], [ 4565262.035731653682888, 4596169.670729544013739 ], [ 4565300.445364750921726, 4596133.988144437782466 ], [ 4565351.308025925420225, 4596104.779009277932346 ], [ 4565400.199467288330197, 4596087.977392955683172 ], [ 4565458.478652850724757, 4596091.204694130457938 ], [ 4565516.70931800454855, 4596092.184545915573835 ], [ 4565595.274274604395032, 4596101.713552650995553 ], [ 4565642.081327708438039, 4596101.313516238704324 ], [ 4565746.850430198945105, 4595786.061620006337762 ], [ 4565757.92276188544929, 4595759.742194222286344 ], [ 4565759.382468493655324, 4595744.423294632695615 ], [ 4565817.776511564850807, 4595566.751178576610982 ], [ 4565828.993539240211248, 4595544.734147327020764 ], [ 4565633.282788216136396, 4595350.487863827496767 ], [ 4565637.38725542742759, 4595299.797085023485124 ], [ 4565648.892754486761987, 4595262.454513720236719 ], [ 4565645.975275847129524, 4595231.046311926096678 ], [ 4565646.220020262524486, 4595190.577485346235335 ], [ 4565632.333185635507107, 4595169.524376385845244 ], [ 4565602.158609296195209, 4595153.343298427760601 ], [ 4565190.672322014346719, 4594757.674714110791683 ], [ 4564776.071417686529458, 4594631.810735043138266 ], [ 4564724.993196580559015, 4594632.969437966123223 ], [ 4564712.482708278112113, 4594634.14012825768441 ], [ 4564572.883848692290485, 4594638.067638989537954 ], [ 4564448.480366850271821, 4594640.764837221242487 ], [ 4564421.746583036147058, 4594646.739190777763724 ], [ 4564381.684403851628304, 4594657.497907212935388 ], [ 4564291.850145104341209, 4594685.519256389699876 ], [ 4564224.255053686909378, 4594706.764453768730164 ], [ 4564209.271775266155601, 4594717.878695074468851 ], [ 4564184.713529905304313, 4594741.788348019123077 ], [ 4564137.213058579713106, 4594781.480154902674258 ], [ 4564116.955929243937135, 4594797.204298328608274 ], [ 4564082.725825893692672, 4594829.415638239122927 ], [ 4563914.659282227046788, 4594925.665047351270914 ], [ 4563897.943147007375956, 4594939.51409216504544 ], [ 4563840.909223682247102, 4595244.67076385114342 ], [ 4563808.132167517207563, 4595386.554031295701861 ], [ 4563800.933249590918422, 4595384.911237267777324 ], [ 4563552.242304151877761, 4595312.95192601159215 ], [ 4563548.738978329114616, 4595316.624334859661758 ], [ 4563410.504330554977059, 4595426.613535324111581 ], [ 4563408.925775727257133, 4595436.53889518044889 ], [ 4563423.650677557103336, 4595455.104657392948866 ], [ 4563440.88775335624814, 4595465.523296396248043 ], [ 4563460.733023595996201, 4595472.28867234941572 ], [ 4563482.599429435096681, 4595489.801138241775334 ], [ 4563488.296848541125655, 4595504.964778456836939 ], [ 4563492.262011971324682, 4595522.863652083091438 ], [ 4563506.515364069491625, 4595561.22244783397764 ], [ 4563502.097699646838009, 4595564.015515828505158 ], [ 4563340.337158472277224, 4595662.824141060002148 ], [ 4563291.771948514506221, 4595653.080934069119394 ], [ 4563203.850542895495892, 4595687.348986548371613 ], [ 4563090.381744615733624, 4595783.315262959338725 ], [ 4563057.895990259945393, 4595834.597736801020801 ], [ 4562943.122179926373065, 4595916.765896921977401 ], [ 4562786.356845547445118, 4595903.953763758763671 ], [ 4562709.250007380731404, 4595878.635058321990073 ], [ 4562642.597141270525753, 4595839.602250196970999 ], [ 4562527.254250530153513, 4595816.453277223743498 ], [ 4562529.972275502979755, 4595849.442192175425589 ], [ 4562537.888605347834527, 4595874.226361676119268 ], [ 4562543.248938546516001, 4595905.135344812646508 ], [ 4562550.465101731941104, 4595928.585591337643564 ], [ 4562566.423167833127081, 4595952.522581993602216 ], [ 4562579.110783387906849, 4595980.576444691047072 ], [ 4562590.28336647991091, 4596000.569719175808132 ], [ 4562591.644652584567666, 4596032.913874321617186 ], [ 4562578.092581178061664, 4596058.83433785289526 ], [ 4562572.352337887510657, 4596073.121177979744971 ], [ 4562572.927223910577595, 4596100.086894083768129 ], [ 4562581.500750214792788, 4596124.182869301177561 ], [ 4562593.38801053725183, 4596146.184412315487862 ], [ 4562608.373264686204493, 4596155.9790482763201 ], [ 4562622.116399941965938, 4596170.521614539436996 ], [ 4562629.347449135035276, 4596194.646576556377113 ], [ 4562633.778081118129194, 4596213.436178251169622 ], [ 4562645.406763550825417, 4596223.302999885752797 ], [ 4562660.305908084847033, 4596229.052721690386534 ], [ 4562670.40492099057883, 4596230.184528265148401 ], [ 4562680.690869866870344, 4596240.080203690566123 ], [ 4562685.778629755601287, 4596258.181225024163723 ], [ 4562689.49485756829381, 4596274.962892548181117 ], [ 4562687.183291885070503, 4596292.548746877349913 ], [ 4562676.714922538027167, 4596305.588774795643985 ], [ 4562667.502795103006065, 4596314.554996859282255 ], [ 4562679.932316579855978, 4596330.474845269694924 ], [ 4562699.833183770999312, 4596350.280797236599028 ], [ 4562709.621461092494428, 4596377.948374723084271 ], [ 4562719.193173592910171, 4596385.836103335022926 ], [ 4562732.972043958492577, 4596381.043180328793824 ], [ 4562742.04822694323957, 4596386.693302681669593 ], [ 4562748.039282734505832, 4596394.658047433011234 ], [ 4562766.629585309885442, 4596405.499303028918803 ], [ 4562772.144423374906182, 4596412.12539370637387 ], [ 4562782.345925635658205, 4596428.542882072739303 ], [ 4562786.112064061686397, 4596458.13876343332231 ], [ 4562783.848588141612709, 4596477.972050753422081 ], [ 4562784.564757864922285, 4596490.546891700476408 ], [ 4562800.677557623945177, 4596490.200141897425056 ], [ 4562828.389099924825132, 4596487.805136473849416 ], [ 4562875.794002872891724, 4596484.986112855374813 ], [ 4562921.904171315021813, 4596484.443018676713109 ], [ 4562936.188260071910918, 4596482.336717459373176 ], [ 4563010.37093115132302, 4596475.343230612576008 ], [ 4563065.918506211601198, 4596476.39478019438684 ], [ 4563076.6315723862499, 4596474.815035018138587 ], [ 4563138.522075674496591, 4596479.326688840985298 ], [ 4563155.245760316960514, 4596486.610248350538313 ], [ 4563189.588411436416209, 4596501.158126265741885 ], [ 4563213.636851541697979, 4596515.927869036793709 ], [ 4563225.475671613588929, 4596525.115255851298571 ], [ 4563247.151744017377496, 4596533.640952280722558 ], [ 4563287.351638899184763, 4596549.860853651538491 ], [ 4563337.990236781537533, 4596572.600155365653336 ], [ 4563366.418581563979387, 4596582.778568520210683 ], [ 4563378.589808446355164, 4596586.562844802625477 ], [ 4563393.590843838639557, 4596597.030914635397494 ], [ 4563426.600961502641439, 4596612.056456062942743 ], [ 4563443.791901626624167, 4596620.228917569853365 ], [ 4563463.581810925155878, 4596624.298346382565796 ], [ 4563479.867955201305449, 4596632.040602087043226 ], [ 4563505.640048420056701, 4596643.624954691156745 ], [ 4563549.517634591087699, 4596664.261196256615222 ], [ 4563562.603493597358465, 4596668.924904185347259 ], [ 4563581.079578127712011, 4596674.371429751627147 ], [ 4563604.498417312279344, 4596680.610537667758763 ], [ 4563643.19286232162267, 4596689.217468902468681 ], [ 4563672.420720661990345, 4596694.881244740448892 ], [ 4563687.142892480827868, 4596692.314829508773983 ], [ 4563716.168498992919922, 4596688.540049349889159 ], [ 4563733.215280895121396, 4596689.970264891162515 ], [ 4563752.090924450196326, 4596693.1595458984375 ], [ 4563771.375651879236102, 4596694.541326933540404 ], [ 4563780.394712814129889, 4596697.494052764959633 ], [ 4563762.63315512239933, 4596808.944711269810796 ], [ 4563759.473497022874653, 4596822.137590976431966 ], [ 4563763.94982507172972, 4596842.950310350395739 ], [ 4563771.169576010666788, 4596866.40180832426995 ], [ 4563772.815821101889014, 4596880.53073341678828 ], [ 4563781.277181878685951, 4596899.233909170143306 ], [ 4563798.611241308972239, 4596924.490242758765817 ], [ 4563827.243494314141572, 4596944.106447485275567 ], [ 4563852.258547440171242, 4596951.659595818258822 ], [ 4563866.762655827216804, 4596970.232150306925178 ], [ 4563876.509295229800045, 4596986.209535172209144 ], [ 4563903.784523269161582, 4597005.180435478687286 ], [ 4563917.429341335780919, 4597015.002927338704467 ], [ 4563929.06012063100934, 4597024.868978931568563 ], [ 4563940.647401595488191, 4597032.712435154244304 ], [ 4563948.235370485112071, 4597041.991515133529902 ], [ 4563947.744246968999505, 4597057.510132722556591 ], [ 4563926.221566127613187, 4597077.086998729966581 ], [ 4563891.703976161777973, 4597096.270377123728395 ], [ 4563867.762774638831615, 4597117.92305479478091 ], [ 4563845.3281045621261, 4597147.187652643769979 ], [ 4563815.695811662822962, 4597185.376722172833979 ], [ 4563782.123617820441723, 4597217.355464235879481 ], [ 4563749.768867715261877, 4597243.462015141732991 ], [ 4563718.544792171567678, 4597259.65106282569468 ], [ 4563692.395947969518602, 4597272.357648296281695 ], [ 4563665.286867120303214, 4597292.504819214344025 ], [ 4563654.101697223260999, 4597313.881779979914427 ], [ 4563641.614587863907218, 4597347.653315984643996 ], [ 4563638.823433225043118, 4597384.588091078214347 ], [ 4563642.78012746013701, 4597422.95122105628252 ], [ 4563651.552459847182035, 4597466.606707407161593 ], [ 4563669.116493517532945, 4597533.906200056895614 ], [ 4563682.69312135130167, 4597613.659119387157261 ], [ 4563683.555006261914968, 4597632.9776371717453 ], [ 4563681.634765626862645, 4597647.859280743636191 ], [ 4563655.160430058836937, 4597697.673731638118625 ], [ 4563639.48176637198776, 4597728.817209264263511 ], [ 4563628.750955630093813, 4597760.978190061636269 ], [ 4563615.324914122931659, 4597813.659179423004389 ], [ 4563616.177071809768677, 4597832.528547675348818 ], [ 4563623.365860504098237, 4597844.065629427321255 ], [ 4563637.278732568956912, 4597855.907171671278775 ], [ 4563656.276899226009846, 4597864.715778858400881 ], [ 4563677.258295468054712, 4597882.475634622387588 ], [ 4563689.190765672363341, 4597895.934034670703113 ], [ 4563702.257107851095498, 4597930.954071102663875 ], [ 4563710.635145607404411, 4597956.181851816363633 ], [ 4563720.440218164585531, 4597974.85794978402555 ], [ 4563735.882098693400621, 4598005.779413389973342 ], [ 4563759.415363101288676, 4598038.099997694604099 ], [ 4563770.854919386096299, 4598059.888824573718011 ], [ 4563783.599393727257848, 4598100.762729726731777 ], [ 4563795.373764806427062, 4598127.716280282475054 ], [ 4563806.690883270464838, 4598154.230023425072432 ], [ 4563816.188562571071088, 4598179.434039698913693 ], [ 4563818.261431224644184, 4598202.999794146977365 ], [ 4563813.078267876058817, 4598232.793683253228664 ], [ 4563813.722071942873299, 4598273.255264775827527 ], [ 4563815.70677943341434, 4598302.097835837863386 ], [ 4563828.549502624198794, 4598284.893544498831034 ], [ 4564091.747300182469189, 4598283.994240005500615 ], [ 4564111.649223881773651, 4598334.832400249317288 ], [ 4564182.729177425615489, 4598391.308306818827987 ], [ 4564240.408907576464117, 4598449.423665297217667 ], [ 4564238.565059358254075, 4598510.911767805926502 ], [ 4564238.060716382227838, 4598527.728746262378991 ], [ 4564259.335918771103024, 4598579.887340192683041 ], [ 4564279.420996923930943, 4598594.17614303342998 ], [ 4564338.476240551099181, 4598636.188787878490984 ], [ 4564335.49096243083477, 4598684.825943378731608 ], [ 4564346.814932742156088, 4598711.56521731801331 ], [ 4564355.626870983280241, 4598746.454583672806621 ], [ 4564382.362178957089782, 4598802.543243570253253 ], [ 4564390.020291113294661, 4598893.114827352575958 ], [ 4564405.113647389225662, 4598918.086270964704454 ], [ 4564445.831518127582967, 4598911.019080181606114 ], [ 4564457.301428777165711, 4598923.700795576907694 ], [ 4564461.529423381201923, 4598964.087107742205262 ], [ 4564486.526640643365681, 4598980.973025479353964 ], [ 4564492.868676315993071, 4599041.552989437244833 ], [ 4564590.481102908961475, 4599116.788291804492474 ], [ 4564572.367973078973591, 4599145.522259007208049 ], [ 4564619.849723014049232, 4599244.564910374581814 ], [ 4564704.488752932287753, 4599268.991340545006096 ], [ 4564693.799150416627526, 4599246.825004072859883 ], [ 4564687.526543121784925, 4599230.094853629358113 ], [ 4564685.126964053139091, 4599217.019237149506807 ], [ 4564685.124518545344472, 4599217.00590347032994 ], [ 4564683.111867601983249, 4599206.038157185539603 ], [ 4564683.657008877955377, 4599187.675760408863425 ], [ 4564686.420042001642287, 4599178.710399595089257 ], [ 4564692.965533489361405, 4599158.193818056955934 ], [ 4564696.033392104320228, 4599138.427476645447314 ], [ 4564700.668027721345425, 4599104.054833543486893 ], [ 4564703.262408847920597, 4599091.233266767114401 ], [ 4564705.768658751621842, 4599078.847354787401855 ], [ 4564714.364145509898663, 4599053.698927127756178 ], [ 4564725.827768463641405, 4599018.233675624243915 ], [ 4564733.021292734891176, 4598996.623979104682803 ], [ 4564735.285275404341519, 4598990.016450528055429 ], [ 4564739.215961033478379, 4598978.544035730883479 ], [ 4564746.237409614957869, 4598955.184143547900021 ], [ 4564750.068994275294244, 4598945.925863397307694 ], [ 4564763.197075474075973, 4598906.646897512488067 ] ] ] ] } },
{ "type": "Feature", "properties": { "fid": 11, "OBJECTID": 11, "AD": "KONAK", "KIMLIKNO": 21150, "TANITIMKOD": "10", "SHAPE_Leng": 7619.2109058599999, "SHAPE_Area": 1843962.3866000001 }, "geometry": { "type": "MultiPolygon", "coordinates": [ [ [ [ 4565523.197324270382524, 4599382.903417670167983 ], [ 4565544.590484838932753, 4599376.275794722139835 ], [ 4565561.553944589570165, 4599381.025319785811007 ], [ 4565639.756047271192074, 4599339.87084876652807 ], [ 4565678.815387677401304, 4599319.25152562558651 ], [ 4565752.139254981651902, 4599280.006121499463916 ], [ 4565861.960564321838319, 4599221.860612862743437 ], [ 4565927.15749553963542, 4599186.929632913321257 ], [ 4566087.262393351644278, 4599103.374638906680048 ], [ 4566270.552952609956264, 4599004.783474173396826 ], [ 4566388.020865172147751, 4598940.83731469605118 ], [ 4566531.854392561130226, 4598865.279173926450312 ], [ 4566631.780917339958251, 4598813.888296542689204 ], [ 4566686.987236009910703, 4598785.589178307913244 ], [ 4566768.306726270355284, 4598744.334537849761546 ], [ 4566784.242688848637044, 4598735.840534454211593 ], [ 4566788.875827014446259, 4598733.758738583885133 ], [ 4566830.485974931158125, 4598713.333450051955879 ], [ 4566828.505142194218934, 4598706.615238212049007 ], [ 4566819.220342948101461, 4598695.072923321276903 ], [ 4566811.920863241888583, 4598688.93649819958955 ], [ 4566800.381064040586352, 4598671.265888393856585 ], [ 4566790.693810826167464, 4598656.432050561532378 ], [ 4566894.498070120811462, 4598605.281065407209098 ], [ 4566802.855862588621676, 4598467.638465389609337 ], [ 4566783.774221869185567, 4598434.551469913683832 ], [ 4566791.519315375946462, 4598419.990289109759033 ], [ 4566796.34583258908242, 4598415.38716494012624 ], [ 4566794.719591910019517, 4598402.380667665973306 ], [ 4566792.047431213781238, 4598392.769917966797948 ], [ 4566766.762373539619148, 4598362.742373541928828 ], [ 4566749.427161898463964, 4598361.922876485623419 ], [ 4566721.887707840651274, 4598372.420437769964337 ], [ 4566694.445976926013827, 4598387.413000520318747 ], [ 4566662.507972501218319, 4598401.604477722197771 ], [ 4566623.520215750671923, 4598408.539169592782855 ], [ 4566608.276384766213596, 4598400.623445664532483 ], [ 4566406.686391819268465, 4598048.072850305587053 ], [ 4566359.016471588984132, 4597955.356946351006627 ], [ 4566237.260426224209368, 4597296.96182613261044 ], [ 4566259.893059191294014, 4597289.249779034405947 ], [ 4566254.752033575437963, 4597284.725338710471988 ], [ 4566237.79959490057081, 4597276.644053832627833 ], [ 4566211.311502913013101, 4597257.787789615802467 ], [ 4566193.299754194915295, 4597238.931594007648528 ], [ 4566178.466437515802681, 4597209.300508852116764 ], [ 4566161.513999707996845, 4597175.62891045678407 ], [ 4566154.097407834604383, 4597155.426063852384686 ], [ 4566137.145062633790076, 4597129.835897302255034 ], [ 4566115.954662539996207, 4597109.632950258441269 ], [ 4566090.52609487529844, 4597085.38971402309835 ], [ 4566071.454808358103037, 4597059.799620407633483 ], [ 4566056.62145318556577, 4597038.249965262599289 ], [ 4566046.026142437942326, 4597026.128477998077869 ], [ 4566043.907197825610638, 4597012.660034905187786 ], [ 4566046.02616058755666, 4596999.191727763973176 ], [ 4566049.204754997976124, 4596980.335905824787915 ], [ 4566044.966569487936795, 4596969.561260423623025 ], [ 4566040.728565936908126, 4596962.827144604176283 ], [ 4566034.371413919143379, 4596948.011995950713754 ], [ 4566035.431024803780019, 4596931.849863141775131 ], [ 4566033.311908973380923, 4596922.422178899869323 ], [ 4566028.014303632080555, 4596896.832558150403202 ], [ 4566019.538124389015138, 4596877.977001912891865 ], [ 4566007.88340310100466, 4596864.508678468875587 ], [ 4565982.454951792955399, 4596849.693728061392903 ], [ 4565963.383447393774986, 4596834.878773476928473 ], [ 4565945.371683550998569, 4596818.716961755417287 ], [ 4565926.300290017388761, 4596795.821052996441722 ], [ 4565913.586046516895294, 4596766.191350939683616 ], [ 4565897.693167127668858, 4596737.908387745730579 ], [ 4565932.07279872149229, 4596718.076790566556156 ], [ 4565955.38239954598248, 4596704.608649618923664 ], [ 4565972.334621076472104, 4596683.059997700154781 ], [ 4565980.810853105969727, 4596629.188238014467061 ], [ 4565982.929908791556954, 4596594.171748221851885 ], [ 4565985.049010017886758, 4596561.848996912129223 ], [ 4565978.691805794835091, 4596542.994015366770327 ], [ 4565970.215675625950098, 4596518.7520811567083 ], [ 4565970.215735332109034, 4596481.042350004427135 ], [ 4565968.096683574840426, 4596448.719931379891932 ], [ 4565957.501428394578397, 4596408.317065260373056 ], [ 4565961.739507204852998, 4596381.381931521929801 ], [ 4565960.015901120379567, 4596356.565470605157316 ], [ 4565948.316940730437636, 4596344.5406389599666 ], [ 4565941.507027016952634, 4596337.541185904294252 ], [ 4565933.205139202065766, 4596329.007968299090862 ], [ 4565929.678987478837371, 4596310.015110461041331 ], [ 4565927.956976693123579, 4596292.516603949479759 ], [ 4565924.863025511614978, 4596273.699190564453602 ], [ 4565929.095548251643777, 4596252.024166171438992 ], [ 4565933.809621373191476, 4596221.570566842332482 ], [ 4565938.801033943891525, 4596203.925816076807678 ], [ 4565945.777124523185194, 4596184.888782268390059 ], [ 4565946.90087425801903, 4596174.74732041079551 ], [ 4565938.976362463086843, 4596149.965484881773591 ], [ 4565929.242036212235689, 4596134.665593024343252 ], [ 4565912.867457900196314, 4596122.88283097743988 ], [ 4565886.277080011554062, 4596104.5784334493801 ], [ 4565864.137636240571737, 4596105.735853625461459 ], [ 4565848.186141917482018, 4596113.502894897013903 ], [ 4565834.569468466565013, 4596136.056812701746821 ], [ 4565818.150693328119814, 4596153.276309031061828 ], [ 4565800.798007583245635, 4596158.37602511420846 ], [ 4565784.569338257424533, 4596153.334283336997032 ], [ 4565774.30978748947382, 4596144.790249384008348 ], [ 4565763.860714474692941, 4596127.48231344204396 ], [ 4565752.900672795251012, 4596117.604569927789271 ], [ 4565711.877255141735077, 4596084.102058339864016 ], [ 4565711.325502601452172, 4596100.943222100846469 ], [ 4565642.081327708438039, 4596101.313516238704324 ], [ 4565595.274274604395032, 4596101.713552650995553 ], [ 4565516.70931800454855, 4596092.184545915573835 ], [ 4565458.478652850724757, 4596091.204694130457938 ], [ 4565400.199467288330197, 4596087.977392955683172 ], [ 4565351.308025925420225, 4596104.779009277932346 ], [ 4565300.445364750921726, 4596133.988144437782466 ], [ 4565262.035731653682888, 4596169.670729544013739 ], [ 4565223.795398673973978, 4596213.218384334817529 ], [ 4565181.127697985619307, 4596259.110472027212381 ], [ 4565140.745923648588359, 4596307.201225811615586 ], [ 4565154.803030792623758, 4596336.122318295761943 ], [ 4565196.469518356956542, 4596347.581213820725679 ], [ 4565219.623557394370437, 4596383.049147104844451 ], [ 4565243.824013057164848, 4596415.121944364160299 ], [ 4565267.73364984523505, 4596433.711726716719568 ], [ 4565296.070471033453941, 4596449.9568807836622 ], [ 4565321.414447120390832, 4596483.129002026282251 ], [ 4565345.760993645526469, 4596521.943483932875097 ], [ 4565355.197658932767808, 4596544.22064183652401 ], [ 4565365.704731150530279, 4596564.226383636705577 ], [ 4565366.238430753350258, 4596588.945724955759943 ], [ 4565395.476476605981588, 4596595.05386839620769 ], [ 4565420.287298231385648, 4596603.506754459813237 ], [ 4565432.983923592604697, 4596621.216567491181195 ], [ 4565448.555191511288285, 4596652.571009141393006 ], [ 4565348.583575303666294, 4596750.974992015399039 ], [ 4565299.88162231631577, 4596797.451012750156224 ], [ 4565241.156285895965993, 4596856.735778402537107 ], [ 4565209.228948668576777, 4596892.054898818954825 ], [ 4565183.315693548880517, 4596915.551738236099482 ], [ 4565164.476463095284998, 4596934.847671166062355 ], [ 4565153.275410123169422, 4596955.326434288173914 ], [ 4565170.954466769471765, 4596965.284296806901693 ], [ 4565185.977176610380411, 4596976.649023086763918 ], [ 4565219.973446534015238, 4596995.694884579628706 ], [ 4565250.340616038069129, 4597012.57139272801578 ], [ 4565279.870840196497738, 4597032.164004863239825 ], [ 4565304.769955080933869, 4597044.66264970228076 ], [ 4565300.108299941755831, 4597056.905308179557323 ], [ 4565284.985739972442389, 4597082.416289671324193 ], [ 4565275.935349111445248, 4597098.801582530140877 ], [ 4565267.7512096920982, 4597113.819054118357599 ], [ 4565227.296557367779315, 4597189.795790859498084 ], [ 4565218.342974099330604, 4597210.675931776873767 ], [ 4565217.242677816189826, 4597221.94196696113795 ], [ 4565238.201048972085118, 4597238.573875606060028 ], [ 4565244.63241885509342, 4597246.078489013016224 ], [ 4565245.400154056027532, 4597260.901347765699029 ], [ 4565243.325941606424749, 4597284.10523425322026 ], [ 4565240.575188036076725, 4597312.270485417917371 ], [ 4565230.916129461489618, 4597331.592235306277871 ], [ 4565219.11609891615808, 4597355.457622510381043 ], [ 4565191.843645546585321, 4597388.653383771888912 ], [ 4565174.836116874590516, 4597430.619854962453246 ], [ 4565163.327944921329618, 4597474.456032787449658 ], [ 4565169.84262397326529, 4597475.438482772558928 ], [ 4565175.179380404762924, 4597483.6803267756477 ], [ 4565187.214816113002598, 4597502.267003045417368 ], [ 4565190.381194985471666, 4597510.882408678531647 ], [ 4565192.248705715872347, 4597514.07370812818408 ], [ 4565216.884734004735947, 4597556.174671059474349 ], [ 4565237.663638727739453, 4597647.461098200641572 ], [ 4565240.174496481195092, 4597718.340042286552489 ], [ 4565241.101989027112722, 4597744.521939978934824 ], [ 4565241.849354566074908, 4597745.029470290057361 ], [ 4565273.825876856222749, 4597766.744680699892342 ], [ 4565272.420812751166523, 4597826.136609830893576 ], [ 4565289.994879364036024, 4597831.150522195734084 ], [ 4565309.170178173109889, 4597910.331773829646409 ], [ 4565371.726485976018012, 4598007.457054832018912 ], [ 4565373.632198616862297, 4598022.932728338055313 ], [ 4565381.502373773604631, 4598086.844177624210715 ], [ 4565401.283672930672765, 4598112.880764049477875 ], [ 4565405.41791024710983, 4598118.322314429096878 ], [ 4565429.902903316542506, 4598150.549777156673372 ], [ 4565405.523154109716415, 4598203.698424407280982 ], [ 4565427.243258103728294, 4598214.018739840015769 ], [ 4565429.839953687041998, 4598219.321087085641921 ], [ 4565455.354831498116255, 4598271.420971471816301 ], [ 4565446.682614089921117, 4598305.339502454735339 ], [ 4565451.789452786557376, 4598355.148228286765516 ], [ 4565492.745896586216986, 4598447.350505497306585 ], [ 4565496.391033010557294, 4598553.858740551397204 ], [ 4565493.263109400868416, 4598657.817149180918932 ], [ 4565513.114305484108627, 4598705.957030556164682 ], [ 4565499.973338932730258, 4598781.800986973568797 ], [ 4565495.677226284518838, 4598893.882801475934684 ], [ 4565494.970698232762516, 4599047.715116195380688 ], [ 4565466.490809134207666, 4599063.967380473390222 ], [ 4565462.662434300407767, 4599072.100716914981604 ], [ 4565461.469664190895855, 4599074.634840996935964 ], [ 4565448.321103014051914, 4599106.629594246856868 ], [ 4565445.669030650518835, 4599130.030103070661426 ], [ 4565442.114221062511206, 4599142.088741226121783 ], [ 4565440.859491732902825, 4599146.345118674449623 ], [ 4565433.719249634072185, 4599152.216536431573331 ], [ 4565427.170260788872838, 4599158.581343706697226 ], [ 4565421.150881359353662, 4599164.431528388522565 ], [ 4565416.162343418225646, 4599170.72995859477669 ], [ 4565402.77324400935322, 4599187.635051498189569 ], [ 4565400.054887847974896, 4599190.629147096537054 ], [ 4565387.089234386570752, 4599204.910404620692134 ], [ 4565380.899649400264025, 4599210.018848594278097 ], [ 4565379.300860319286585, 4599211.338418386876583 ], [ 4565367.94678511004895, 4599220.709370568394661 ], [ 4565360.276063944213092, 4599227.559752092696726 ], [ 4565351.99560531321913, 4599234.954676008783281 ], [ 4565334.756551062688231, 4599254.895106263458729 ], [ 4565309.397244364023209, 4599281.488920324482024 ], [ 4565295.092656911350787, 4599297.317542355507612 ], [ 4565290.705259971320629, 4599305.331852249801159 ], [ 4565288.887585780583322, 4599308.651979216374457 ], [ 4565291.979843441396952, 4599330.191871437244117 ], [ 4565292.208941904827952, 4599331.787830625660717 ], [ 4565295.147253389470279, 4599343.804467707872391 ], [ 4565300.31518785841763, 4599364.939571844413877 ], [ 4565304.422486209310591, 4599380.907104567624629 ], [ 4565304.012194384820759, 4599381.903614905662835 ], [ 4565297.528017153963447, 4599397.654030720703304 ], [ 4565278.171121246181428, 4599428.435332606546581 ], [ 4565270.386147019453347, 4599441.288605140522122 ], [ 4565269.270223931409419, 4599451.837680879049003 ], [ 4565271.43245485983789, 4599464.41563964355737 ], [ 4565272.343757510185242, 4599469.716848048381507 ], [ 4565300.866468888707459, 4599464.636648760177195 ], [ 4565302.31512326747179, 4599464.37038494553417 ], [ 4565355.853788646869361, 4599446.804413835518062 ], [ 4565386.447342518717051, 4599434.559526786208153 ], [ 4565422.977087648585439, 4599419.938641200773418 ], [ 4565428.348158710636199, 4599417.78883754555136 ], [ 4565486.518169487826526, 4599394.369804698973894 ], [ 4565523.197324270382524, 4599382.903417670167983 ] ] ] ] } }
]
}
