{
"type": "FeatureCollection",
"name": "yol",
"crs": { "type": "name", "properties": { "name": "urn:ogc:def:crs:EPSG::3857" } },
"features": [
{ "type": "Feature", "properties": { "fid": 1, "OBJECTID": 1, "TIP": 2, "AD": "HASAN YILMAZ", "SHAPE_Leng": 162.49821359200001, "DÜZENLENE": null }, "geometry": { "type": "MultiLineString", "coordinates": [ [ [ 4564844.40612115431577, 4598709.511028580367565 ], [ 4564846.255853100679815, 4598697.678052050061524 ], [ 4564848.411380405537784, 4598689.62581738550216 ], [ 4564852.15346104465425, 4598681.100944723933935 ], [ 4564853.242425866425037, 4598678.3165627066046 ], [ 4564863.640724679455161, 4598653.707452451810241 ], [ 4564864.972469853237271, 4598650.824991255067289 ], [ 4564868.187612660229206, 4598642.869728742167354 ], [ 4564875.863194443285465, 4598621.179614581167698 ], [ 4564880.900283098220825, 4598606.273398720659316 ], [ 4564886.456933379173279, 4598589.131927798502147 ], [ 4564892.510394788347185, 4598570.802869846113026 ], [ 4564893.773349851369858, 4598567.238857478834689 ], [ 4564901.356986688449979, 4598550.612414771690965 ], [ 4564904.366178737953305, 4598543.889628052711487 ], [ 4564906.535687007941306, 4598538.227281734347343 ], [ 4564909.011195289902389, 4598529.78651512041688 ], [ 4564910.432520483620465, 4598523.851810747757554 ], [ 4564911.868046347051859, 4598514.476375931873918 ] ] ] } },
{ "type": "Feature", "properties": { "fid": 2, "OBJECTID": 2, "TIP": 1, "AD": "427", "SHAPE_Leng": 94.588098295500004, "DÜZENLENE": null }, "geometry": { "type": "MultiLineString", "coordinates": [ [ [ 4564782.515986560843885, 4598198.569672298617661 ], [ 4564811.67554226424545, 4598196.677171173505485 ], [ 4564842.81075057014823, 4598192.942659707739949 ], [ 4564878.848658283241093, 4598188.112149824388325 ], [ 4564901.904299470596015, 4598186.405693992972374 ] ] ] } },
{ "type": "Feature", "properties": { "fid": 3, "OBJECTID": 3, "TIP": 2, "AD": "MİLLİ EGEMENLİK", "SHAPE_Leng": 71.998125466199994, "DÜZENLENE": null }, "geometry": { "type": "MultiLineString", "coordinates": [ [ [ 4564827.216594227589667, 4598728.63898541033268 ], [ 4564826.235936883836985, 4598725.750014879740775 ], [ 4564824.897201303392649, 4598721.821263296529651 ], [ 4564821.807502844370902, 4598693.404376377351582 ], [ 4564821.921058801934123, 4598666.837027784436941 ], [ 4564821.645754474215209, 4598637.429774094372988 ] ] ] } },
{ "type": "Feature", "properties": { "fid": 4, "OBJECTID": 4, "TIP": 2, "AD": "DİYARBAKIR", "SHAPE_Leng": 512.42022225200003, "DÜZENLENE": null }, "geometry": { "type": "MultiLineString", "coordinates": [ [ [ 4561319.72401266451925, 4601193.083023567683995 ], [ 4561260.607482523657382, 4601181.256660149432719 ], [ 4561212.592304484918714, 4601166.898436694405973 ], [ 4561132.256614702753723, 4601136.766234845854342 ], [ 4561069.341978712938726, 4601110.579733880236745 ], [ 4561019.09515524469316, 4601086.01183561515063 ], [ 4560959.811093617230654, 4601059.882262574508786 ], [ 4560887.396790744736791, 4601029.309301875531673 ], [ 4560814.137056133709848, 4600996.864560667425394 ], [ 4560716.39032238908112, 4600952.985480669885874 ] ] ] } },
{ "type": "Feature", "properties": { "fid": 5, "OBJECTID": 5, "TIP": 2, "AD": "ŞEHİT GÜVENLİK KORUCUSU ABDULKADİR BEKLER", "SHAPE_Leng": 508.26086644200001, "DÜZENLENE": null }, "geometry": { "type": "MultiLineString", "coordinates": [ [ [ 4562338.587989669293165, 4600997.819208450615406 ], [ 4562339.149923135526478, 4601027.223414201289415 ], [ 4562281.635282667353749, 4601113.705785247497261 ], [ 4562224.931374309584498, 4601217.265682334080338 ], [ 4562194.398113175295293, 4601277.077781205996871 ], [ 4562171.784875879064202, 4601309.718854625709355 ] ] ] } },
{ "type": "Feature", "properties": { "fid": 6, "OBJECTID": 6, "TIP": 2, "AD": "DİYARBAKIR", "SHAPE_Leng": 39.830686301599997, "DÜZENLENE": null }, "geometry": { "type": "MultiLineString", "coordinates": [ [ [ 4565307.772518172860146, 4599641.214110446162522 ], [ 4565281.110349605791271, 4599684.352758156135678 ] ] ] } },
{ "type": "Feature", "properties": { "fid": 7, "OBJECTID": 7, "TIP": 2, "AD": "GAZİ", "SHAPE_Leng": 73.716518178300007, "DÜZENLENE": null }, "geometry": { "type": "MultiLineString", "coordinates": [ [ [ 4564636.156125624664128, 4599507.874440179206431 ], [ 4564729.448821190744638, 4599500.593625414185226 ] ] ] } },
{ "type": "Feature", "properties": { "fid": 8, "OBJECTID": 8, "TIP": 2, "AD": "DİYARBAKIR", "SHAPE_Leng": 74.286139009500005, "DÜZENLENE": null }, "geometry": { "type": "MultiLineString", "coordinates": [ [ [ 4558804.649484490975738, 4600238.204007833264768 ], [ 4558754.561764501035213, 4600225.048794623464346 ], [ 4558713.600127204321325, 4600213.547144810669124 ] ] ] } },
{ "type": "Feature", "properties": { "fid": 9, "OBJECTID": 9, "TIP": 2, "AD": "DR.İSMAİL BEŞİKCİ", "SHAPE_Leng": 12.681956936400001, "DÜZENLENE": null }, "geometry": { "type": "MultiLineString", "coordinates": [ [ [ 4562926.125672227703035, 4600348.973359955474734 ], [ 4562917.276010948233306, 4600362.478601998649538 ] ] ] } },
{ "type": "Feature", "properties": { "fid": 10, "OBJECTID": 10, "TIP": 2, "AD": "DİYARBAKIR", "SHAPE_Leng": 77.572457413600006, "DÜZENLENE": null }, "geometry": { "type": "MultiLineString", "coordinates": [ [ [ 4564256.715906501747668, 4600492.458781412802637 ], [ 4564238.304932369850576, 4600497.647457685321569 ], [ 4564196.713178833946586, 4600509.16473226621747 ], [ 4564180.247081100940704, 4600513.767851053737104 ], [ 4564161.827937470749021, 4600518.916795988567173 ] ] ] } },
{ "type": "Feature", "properties": { "fid": 11, "OBJECTID": 11, "TIP": 2, "AD": "DİYARBAKIR", "SHAPE_Leng": 80.056342262100003, "DÜZENLENE": null }, "geometry": { "type": "MultiLineString", "coordinates": [ [ [ 4564263.963362189941108, 4600506.208434857428074 ], [ 4564229.08888765797019, 4600516.676453387364745 ], [ 4564183.510181339457631, 4600528.190213503316045 ], [ 4564165.723308113403618, 4600532.219201560132205 ] ] ] } },
{ "type": "Feature", "properties": { "fid": 12, "OBJECTID": 12, "TIP": 2, "AD": "GAZİ", "SHAPE_Leng": 118.103895651, "DÜZENLENE": null }, "geometry": { "type": "MultiLineString", "coordinates": [ [ [ 4566650.000978999771178, 4598796.832826220430434 ], [ 4566684.776561080478132, 4598778.666464447043836 ], [ 4566728.831287587061524, 4598757.28278290014714 ], [ 4566756.799486642703414, 4598741.738395277410746 ], [ 4566780.840833734720945, 4598730.360104735009372 ], [ 4566783.903149038553238, 4598729.324983390048146 ] ] ] } },
{ "type": "Feature", "properties": { "fid": 13, "OBJECTID": 13, "TIP": 1, "AD": "539", "SHAPE_Leng": 589.71003955900005, "DÜZENLENE": null }, "geometry": { "type": "MultiLineString", "coordinates": [ [ [ 4563815.70677943341434, 4598302.097835837863386 ], [ 4563818.496545216068625, 4598335.079769334755838 ], [ 4563821.925365190953016, 4598357.132394969463348 ], [ 4563824.959987422451377, 4598379.598349803127348 ], [ 4563819.492193515412509, 4598406.565711736679077 ], [ 4563814.863656393252313, 4598441.340326033532619 ], [ 4563810.991243772208691, 4598461.257382147945464 ], [ 4563797.931991206482053, 4598491.357333772815764 ], [ 4563773.631112257950008, 4598542.343556580133736 ], [ 4563760.07898887898773, 4598568.27181333117187 ], [ 4563733.249735835939646, 4598596.3984270459041 ], [ 4563695.800371306017041, 4598625.316951215267181 ], [ 4563666.67379969637841, 4598646.84083962906152 ], [ 4563653.532814814709127, 4598660.617110952734947 ], [ 4563644.546437685377896, 4598672.336100496351719 ], [ 4563630.231957776471972, 4598683.608015540055931 ], [ 4563616.452986301854253, 4598693.743917455896735 ], [ 4563598.961558376438916, 4598713.517221348360181 ], [ 4563589.054606507532299, 4598734.532093504443765 ], [ 4563584.10562261659652, 4598751.785705643706024 ], [ 4563578.783941773697734, 4598803.90301198977977 ], [ 4563570.543914924375713, 4598850.461747619323432 ], [ 4563556.045761548914015, 4598892.377194324508309 ], [ 4563533.341708880849183, 4598956.763711838982999 ] ] ] } },
{ "type": "Feature", "properties": { "fid": 14, "OBJECTID": 14, "TIP": 1, "AD": "535", "SHAPE_Leng": 166.103975542, "DÜZENLENE": null }, "geometry": { "type": "MultiLineString", "coordinates": [ [ [ 4563459.014532718807459, 4599171.022171716205776 ], [ 4563478.496431788429618, 4599170.938806222751737 ], [ 4563509.964894058182836, 4599165.873927509412169 ], [ 4563539.877167141065001, 4599166.577064518816769 ], [ 4563568.699254078790545, 4599179.110136095434427 ], [ 4563594.644048343412578, 4599198.45186095032841 ], [ 4563609.122088992968202, 4599215.67991313431412 ], [ 4563622.719169914722443, 4599223.144566555507481 ], [ 4563636.572447672486305, 4599226.893228582106531 ], [ 4563649.949237886816263, 4599224.688666334375739 ] ] ] } },
{ "type": "Feature", "properties": { "fid": 15, "OBJECTID": 15, "TIP": 1, "AD": "538", "SHAPE_Leng": 2238.6935910799998, "DÜZENLENE": null }, "geometry": { "type": "MultiLineString", "coordinates": [ [ [ 4563459.014532718807459, 4599171.022171716205776 ], [ 4563450.012056783773005, 4599166.853893361054361 ], [ 4563433.415433077141643, 4599154.213995611295104 ], [ 4563420.408334207721055, 4599141.863893578760326 ], [ 4563406.951241333968937, 4599127.826454654335976 ], [ 4563385.831449266523123, 4599104.24540433101356 ], [ 4563369.668485418893397, 4599089.886960559524596 ], [ 4563345.903667274862528, 4599071.914623327553272 ], [ 4563313.890485628508031, 4599043.146064046770334 ], [ 4563280.415601861663163, 4599010.945857973769307 ], [ 4563257.001688216812909, 4598988.423385144211352 ], [ 4563235.318661339581013, 4598971.440505492500961 ], [ 4563226.226575145497918, 4598965.160123346373439 ], [ 4563212.703668656758964, 4598961.134099735878408 ], [ 4563196.914415249601007, 4598960.035414224490523 ], [ 4563176.367100067436695, 4598962.637346842326224 ], [ 4563154.250413971021771, 4598967.252112870104611 ], [ 4563137.517407091334462, 4598972.290418541990221 ], [ 4563121.614444538019598, 4598974.252435273490846 ], [ 4563106.830456711351871, 4598969.893680010922253 ], [ 4563091.996378139592707, 4598963.197302795946598 ], [ 4563080.19517260696739, 4598955.895737159997225 ], [ 4563065.627121107652783, 4598944.875888587906957 ], [ 4563052.603948664851487, 4598930.820472712628543 ], [ 4563043.392376977019012, 4598914.636699120514095 ], [ 4563038.677837057970464, 4598901.515467480756342 ], [ 4563032.237573489546776, 4598889.375883578322828 ], [ 4563027.355293705128133, 4598880.980750686489046 ], [ 4563023.073735335841775, 4598875.541135087609291 ], [ 4563007.769323096610606, 4598863.592589154839516 ], [ 4562986.783971211872995, 4598849.87756625842303 ], [ 4562974.692575957626104, 4598843.661656625568867 ], [ 4562956.495856874622405, 4598828.402290159836411 ], [ 4562947.447422177530825, 4598819.961911224760115 ], [ 4562938.895838348194957, 4598809.621958769857883 ], [ 4562933.65295471996069, 4598796.91696538310498 ], [ 4562930.635530419647694, 4598781.465632108040154 ], [ 4562931.275978180579841, 4598767.419612876139581 ], [ 4562936.164143148809671, 4598744.646858246996999 ], [ 4562950.489223941229284, 4598698.194211366586387 ], [ 4562955.973272386938334, 4598684.448727644979954 ], [ 4562960.336625451222062, 4598668.568670607171953 ], [ 4562961.388705864548683, 4598654.918703651987016 ], [ 4562961.055507130920887, 4598645.616180928424001 ], [ 4562953.088698219507933, 4598612.326756078749895 ], [ 4562947.93291056342423, 4598591.120015267282724 ], [ 4562945.776778166182339, 4598565.666152480058372 ], [ 4562948.035961342044175, 4598526.759861094877124 ], [ 4562948.315674863755703, 4598508.404555009678006 ], [ 4562946.664323463104665, 4598494.003508851863444 ], [ 4562942.713843963108957, 4598485.183814128860831 ], [ 4562932.761987809091806, 4598472.175887012854218 ], [ 4562900.528764318674803, 4598447.639887672849 ], [ 4562880.249266130849719, 4598429.187721700407565 ], [ 4562868.825980789028108, 4598416.481370835565031 ], [ 4562863.200661641545594, 4598404.72944909427315 ], [ 4562857.37076423317194, 4598383.402719064615667 ], [ 4562852.7802818659693, 4598357.192240706644952 ], [ 4562849.668924067169428, 4598324.743615848943591 ], [ 4562846.547156658954918, 4598298.096773644909263 ], [ 4562840.67141648940742, 4598274.612585990689695 ], [ 4562835.589834840036929, 4598250.57159176748246 ], [ 4562824.882167093455791, 4598208.437767739407718 ], [ 4562823.904377410188317, 4598187.816458341665566 ], [ 4562824.842181133106351, 4598156.225678810849786 ], [ 4562821.997811929322779, 4598129.978035025298595 ], [ 4562813.528308716602623, 4598110.867281691171229 ], [ 4562803.379236994311213, 4598076.00754935760051 ], [ 4562789.5120700718835, 4598036.910622010938823 ], [ 4562780.039498508907855, 4598014.853511977940798 ], [ 4562771.992290704511106, 4597990.337168386206031 ], [ 4562771.712178871966898, 4597970.915496805682778 ], [ 4562780.537839982658625, 4597931.195633871480823 ], [ 4562788.683300457894802, 4597891.085688543505967 ], [ 4562791.665411608293653, 4597867.141850701533258 ], [ 4562789.470617008395493, 4597846.142667509615421 ], [ 4562791.3197349794209, 4597813.184098800644279 ], [ 4562789.641923500224948, 4597791.229426219128072 ], [ 4562781.932590900920331, 4597769.944352510385215 ], [ 4562772.823775515891612, 4597752.332049937918782 ], [ 4562757.995269067585468, 4597737.406138114631176 ], [ 4562740.320702594704926, 4597721.327269717119634 ], [ 4562724.198358027264476, 4597708.722725038416684 ], [ 4562712.83263629116118, 4597692.373103562742472 ], [ 4562703.40084861125797, 4597672.204557411372662 ], [ 4562695.805892024189234, 4597649.972739863209426 ], [ 4562689.733238754794002, 4597623.526044944301248 ], [ 4562686.910473276861012, 4597585.677092629484832 ], [ 4562682.533727868460119, 4597510.671629188582301 ], [ 4562680.718144990503788, 4597417.174367800354958 ], [ 4562681.420724520459771, 4597349.345917159691453 ], [ 4562677.57764145731926, 4597328.742926146835089 ], [ 4562666.709787249565125, 4597306.312492228113115 ], [ 4562651.567742434330285, 4597285.053189128637314 ], [ 4562632.594337776303291, 4597268.912889613769948 ], [ 4562617.233588406816125, 4597262.587799237109721 ], [ 4562598.276662353426218, 4597255.620711019262671 ], [ 4562579.399108887650073, 4597243.975032456219196 ], [ 4562559.938506346195936, 4597230.18343055807054 ], [ 4562539.499477261677384, 4597220.909698030911386 ], [ 4562496.989879686385393, 4597193.043793704360723 ], [ 4562459.53874699678272, 4597158.773542273789644 ], [ 4562413.697667565196753, 4597109.03455310408026 ], [ 4562395.345171634107828, 4597088.383937360718846 ], [ 4562363.908436008729041, 4597042.112944764085114 ], [ 4562345.312030263245106, 4597018.409809664823115 ], [ 4562323.722861597314477, 4597005.563169796019793 ], [ 4562291.738974642939866, 4596996.36307664308697 ], [ 4562283.628642667084932, 4596992.556451899930835 ], [ 4562279.051817205734551, 4596987.925214599817991 ], [ 4562272.331564134918153, 4596981.125145864672959 ], [ 4562262.693131615407765, 4596974.317242578603327 ], [ 4562252.361573942936957, 4596968.603343187831342 ], [ 4562239.523416507057846, 4596962.943375608883798 ], [ 4562229.258645933121443, 4596945.89439631998539 ] ] ] } },
{ "type": "Feature", "properties": { "fid": 16, "OBJECTID": 16, "TIP": 2, "AD": "DİYARBAKIR", "SHAPE_Leng": 23.6588157057, "DÜZENLENE": null }, "geometry": { "type": "MultiLineString", "coordinates": [ [ [ 4565209.110731645487249, 4599807.46697308961302 ], [ 4565193.089968314394355, 4599832.975715570151806 ] ] ] } },
{ "type": "Feature", "properties": { "fid": 17, "OBJECTID": 17, "TIP": 2, "AD": "GAZİ", "SHAPE_Leng": 483.55461257500002, "DÜZENLENE": null }, "geometry": { "type": "MultiLineString", "coordinates": [ [ [ 4567130.3762435503304, 4598621.443963476456702 ], [ 4567134.185547881759703, 4598620.632663322612643 ], [ 4567173.989832137711346, 4598612.900299268774688 ], [ 4567262.828691720031202, 4598594.534063189290464 ], [ 4567311.318053169175982, 4598584.5867441277951 ], [ 4567392.782221434637904, 4598566.943517652340233 ], [ 4567444.952322583645582, 4598556.352505822665989 ], [ 4567514.954972860403359, 4598541.99606650788337 ], [ 4567564.679831768386066, 4598532.245198138989508 ], [ 4567612.370537903159857, 4598521.639442478306592 ], [ 4567682.92983181681484, 4598507.157227484509349 ], [ 4567728.545432249084115, 4598498.957619787193835 ], [ 4567731.718401844613254, 4598498.288489033468068 ] ] ] } },
{ "type": "Feature", "properties": { "fid": 18, "OBJECTID": 18, "TIP": 2, "AD": "613", "SHAPE_Leng": 89.606867793299998, "DÜZENLENE": null }, "geometry": { "type": "MultiLineString", "coordinates": [ [ [ 4564317.867245825007558, 4599819.214593931101263 ], [ 4564243.069195710122585, 4599831.990835242904723 ], [ 4564207.251617389731109, 4599832.767033042386174 ], [ 4564205.309029312804341, 4599832.108765578828752 ] ] ] } },
{ "type": "Feature", "properties": { "fid": 19, "OBJECTID": 19, "TIP": 2, "AD": "GAZİ", "SHAPE_Leng": 132.807948673, "DÜZENLENE": null }, "geometry": { "type": "MultiLineString", "coordinates": [ [ [ 4565386.447342518717051, 4599434.559526786208153 ], [ 4565422.977087648585439, 4599419.938641200773418 ], [ 4565428.348158710636199, 4599417.78883754555136 ], [ 4565486.518169487826526, 4599394.369804698973894 ], [ 4565523.197324270382524, 4599382.903417670167983 ], [ 4565544.590484838932753, 4599376.275794722139835 ] ] ] } },
{ "type": "Feature", "properties": { "fid": 20, "OBJECTID": 20, "TIP": 1, "AD": "968", "SHAPE_Leng": 222.227218835, "DÜZENLENE": null }, "geometry": { "type": "MultiLineString", "coordinates": [ [ [ 4566161.057734284549952, 4600117.621977750211954 ], [ 4566161.972458618693054, 4600106.136456998065114 ], [ 4566156.8090152554214, 4600074.583060648292303 ], [ 4566145.960604245774448, 4600012.20769679825753 ], [ 4566137.210908348672092, 4599955.724071900360286 ], [ 4566127.394551324658096, 4599899.623865570873022 ], [ 4566118.532166646793485, 4599837.925718745216727 ] ] ] } },
{ "type": "Feature", "properties": { "fid": 21, "OBJECTID": 21, "TIP": 1, "AD": "912", "SHAPE_Leng": 124.583982525, "DÜZENLENE": null }, "geometry": { "type": "MultiLineString", "coordinates": [ [ [ 4565246.250206446275115, 4599866.199116577394307 ], [ 4565250.389951200224459, 4599872.272262386977673 ], [ 4565264.685236054472625, 4599893.832326106727123 ], [ 4565269.87785142660141, 4599906.344327531754971 ], [ 4565274.621742430143058, 4599923.78321158606559 ], [ 4565278.744240176863968, 4599959.11512727662921 ], [ 4565278.897145267575979, 4599966.196198778226972 ], [ 4565283.611082468181849, 4599997.8044149633497 ], [ 4565282.34717886056751, 4600017.060996838845313 ] ] ] } },
{ "type": "Feature", "properties": { "fid": 22, "OBJECTID": 22, "TIP": 1, "AD": "408", "SHAPE_Leng": 75.600188301900005, "DÜZENLENE": null }, "geometry": { "type": "MultiLineString", "coordinates": [ [ [ 4564587.906155603937805, 4598886.902542741037905 ], [ 4564586.798084616661072, 4598896.011851544491947 ], [ 4564586.596687632612884, 4598898.298789709806442 ], [ 4564586.255979560315609, 4598903.869688890874386 ], [ 4564585.452723457477987, 4598920.434483437798917 ], [ 4564585.499684123322368, 4598929.323312249034643 ], [ 4564585.956251575611532, 4598934.933912664651871 ], [ 4564587.025016409344971, 4598944.171955372206867 ], [ 4564588.712498053908348, 4598946.716618155129254 ], [ 4564591.069401004351676, 4598948.014690473675728 ], [ 4564595.646032381802797, 4598949.121669652871788 ], [ 4564605.833733159117401, 4598949.110144717618823 ], [ 4564609.416656040586531, 4598947.256698315031826 ], [ 4564610.485955185256898, 4598945.518495609052479 ], [ 4564611.112045445479453, 4598942.093916450627148 ], [ 4564610.955543671734631, 4598933.478625349700451 ] ] ] } },
{ "type": "Feature", "properties": { "fid": 23, "OBJECTID": 23, "TIP": 1, "AD": "407", "SHAPE_Leng": 119.59340224499999, "DÜZENLENE": null }, "geometry": { "type": "MultiLineString", "coordinates": [ [ [ 4564499.01491731684655, 4598821.590742519125342 ], [ 4564507.285512667149305, 4598815.677020334638655 ], [ 4564513.282305328175426, 4598810.768277837894857 ], [ 4564519.634308139793575, 4598805.192076510749757 ], [ 4564529.221166567876935, 4598796.746178499422967 ], [ 4564546.541820414364338, 4598781.403404117561877 ], [ 4564549.717610970139503, 4598778.768546264618635 ], [ 4564559.851686384528875, 4598770.332058142870665 ], [ 4564566.824827754870057, 4598765.226951740682125 ], [ 4564568.39303570240736, 4598764.195457560941577 ], [ 4564578.171213392168283, 4598757.086055065505207 ], [ 4564581.951962093822658, 4598755.201205193065107 ], [ 4564584.533917583525181, 4598754.652942175976932 ], [ 4564585.889563241042197, 4598754.85287160333246 ], [ 4564587.286721039563417, 4598755.754611066542566 ], [ 4564588.760968746617436, 4598756.62216804176569 ], [ 4564591.561239120550454, 4598759.014892044477165 ], [ 4564599.251417370513082, 4598768.331665297970176 ], [ 4564604.639323169365525, 4598775.252685063518584 ], [ 4564613.044210274703801, 4598786.098720372654498 ] ] ] } },
{ "type": "Feature", "properties": { "fid": 24, "OBJECTID": 24, "TIP": 1, "AD": "413", "SHAPE_Leng": 80.374151992600005, "DÜZENLENE": null }, "geometry": { "type": "MultiLineString", "coordinates": [ [ [ 4564683.434281682595611, 4598604.489892655983567 ], [ 4564667.426054505631328, 4598607.695286127738655 ], [ 4564645.369242168962955, 4598616.067135697230697 ], [ 4564624.55024481844157, 4598625.761260949075222 ], [ 4564607.161959181539714, 4598632.54751718044281 ], [ 4564587.394357804208994, 4598638.03619989566505 ] ] ] } },
{ "type": "Feature", "properties": { "fid": 25, "OBJECTID": 25, "TIP": 1, "AD": "405", "SHAPE_Leng": 75.6436261116, "DÜZENLENE": null }, "geometry": { "type": "MultiLineString", "coordinates": [ [ [ 4564528.660508760251105, 4598868.62384179700166 ], [ 4564534.649106545373797, 4598863.852544939145446 ], [ 4564547.416878790594637, 4598853.590967503376305 ], [ 4564564.356706934981048, 4598837.392097465693951 ], [ 4564576.17050763592124, 4598828.5904291709885 ], [ 4564587.809229359030724, 4598819.972440650686622 ], [ 4564598.778601336292922, 4598809.390102320350707 ], [ 4564601.051207561977208, 4598805.794057917781174 ] ] ] } },
{ "type": "Feature", "properties": { "fid": 26, "OBJECTID": 26, "TIP": 2, "AD": "SİTE", "SHAPE_Leng": 83.400685240800001, "DÜZENLENE": null }, "geometry": { "type": "MultiLineString", "coordinates": [ [ [ 4564668.135444429703057, 4598533.924958616495132 ], [ 4564662.313801843672991, 4598522.515632621012628 ], [ 4564659.326594430021942, 4598514.822405911050737 ], [ 4564655.405509383417666, 4598504.316242523491383 ], [ 4564651.187858640216291, 4598495.637894256040454 ], [ 4564646.994892365299165, 4598488.105863617733121 ], [ 4564640.913371651433408, 4598477.106978146359324 ], [ 4564633.569606064818799, 4598463.639363089576364 ], [ 4564620.878557960502803, 4598438.954521087929606 ] ] ] } },
{ "type": "Feature", "properties": { "fid": 27, "OBJECTID": 27, "TIP": 1, "AD": "410", "SHAPE_Leng": 51.276967527300002, "DÜZENLENE": null }, "geometry": { "type": "MultiLineString", "coordinates": [ [ [ 4564632.96293306350708, 4598901.44103170838207 ], [ 4564640.26546966098249, 4598879.965304738841951 ], [ 4564649.466347930952907, 4598857.59665416367352 ], [ 4564655.441967284306884, 4598840.136633622460067 ] ] ] } },
{ "type": "Feature", "properties": { "fid": 28, "OBJECTID": 28, "TIP": 1, "AD": "410", "SHAPE_Leng": 68.829512236699998, "DÜZENLENE": null }, "geometry": { "type": "MultiLineString", "coordinates": [ [ [ 4564658.92648031655699, 4598829.6574178757146 ], [ 4564661.881625377573073, 4598823.27328172326088 ], [ 4564663.752691460773349, 4598819.632391250692308 ], [ 4564666.720635436475277, 4598815.216909958049655 ], [ 4564673.490018229931593, 4598806.492920342832804 ], [ 4564678.808390520513058, 4598799.721171942539513 ], [ 4564685.953784292563796, 4598790.43610845785588 ], [ 4564696.264157412573695, 4598776.566072874702513 ], [ 4564710.996269980445504, 4598759.562639724463224 ] ] ] } },
{ "type": "Feature", "properties": { "fid": 29, "OBJECTID": 29, "TIP": 1, "AD": "422", "SHAPE_Leng": 53.370003432099999, "DÜZENLENE": null }, "geometry": { "type": "MultiLineString", "coordinates": [ [ [ 4564780.963028299622238, 4598851.885805570520461 ], [ 4564772.971252504736185, 4598845.446562639437616 ], [ 4564759.357924183830619, 4598837.241949141025543 ], [ 4564748.662114279344678, 4598830.232908041216433 ], [ 4564724.981942998245358, 4598813.690135159529746 ] ] ] } },
{ "type": "Feature", "properties": { "fid": 30, "OBJECTID": 30, "TIP": 5, "AD": "MİLLİ EGEMENLİK 1.", "SHAPE_Leng": 1153.2606088699999, "DÜZENLENE": null }, "geometry": { "type": "MultiLineString", "coordinates": [ [ [ 4563815.70677943341434, 4598302.097835837863386 ], [ 4563817.533628455363214, 4598293.650760034099221 ], [ 4563816.145179097540677, 4598273.472742362879217 ], [ 4563815.501365532167256, 4598233.011160482652485 ], [ 4563820.684521961025894, 4598203.217269777320325 ], [ 4563818.611647753044963, 4598179.651515521109104 ], [ 4563809.113962420262396, 4598154.447501177899539 ], [ 4563797.796837594360113, 4598127.933760375715792 ], [ 4563786.022460044361651, 4598100.980212265625596 ], [ 4563773.277975954115391, 4598060.106309612281621 ], [ 4563761.838414414785802, 4598038.317485165782273 ], [ 4563738.305142126046121, 4598005.996906018815935 ], [ 4563722.863254149444401, 4597975.075445672497153 ], [ 4563713.058177087455988, 4597956.399349790997803 ], [ 4563704.680133307352662, 4597931.171570744365454 ], [ 4563691.613782749511302, 4597896.151536959223449 ], [ 4563679.68130923807621, 4597882.693139561451972 ], [ 4563658.699908562935889, 4597864.933288535103202 ], [ 4563639.701739598065615, 4597856.124685728922486 ], [ 4563625.78886457812041, 4597844.283146626316011 ], [ 4563618.600073087029159, 4597832.746066428720951 ], [ 4563617.747910963371396, 4597813.876698141917586 ], [ 4563631.173940289765596, 4597761.195704944431782 ], [ 4563641.904743626713753, 4597729.034721203148365 ], [ 4563657.583400210365653, 4597697.891239476390183 ], [ 4563684.057724434882402, 4597648.07678169477731 ], [ 4563685.977961605414748, 4597633.195137482136488 ], [ 4563685.116072154603899, 4597613.876619659364223 ], [ 4563671.539425445720553, 4597534.123702534474432 ], [ 4563653.975375771522522, 4597466.824213190935552 ], [ 4563645.20303303655237, 4597423.168728363700211 ], [ 4563641.246329754590988, 4597384.805598838254809 ], [ 4563644.037475769408047, 4597347.87082262057811 ], [ 4563656.524577368982136, 4597314.099283238872886 ], [ 4563667.709742397069931, 4597292.722319558262825 ], [ 4563694.818818868137896, 4597272.575141978450119 ], [ 4563720.967660425230861, 4597259.868550167419016 ], [ 4563752.191732571460307, 4597243.679494894109666 ], [ 4563784.546476966701448, 4597217.572936010546982 ], [ 4563818.118663740344346, 4597185.594185611233115 ], [ 4563847.750948064029217, 4597147.405108596198261 ], [ 4563870.185611564666033, 4597118.140505073592067 ], [ 4563894.126808315515518, 4597096.487821470014751 ], [ 4563928.644394224509597, 4597077.304434674791992 ], [ 4563947.24064274597913, 4597060.38941568415612 ], [ 4563947.744246968999505, 4597057.510132722556591 ] ] ] } },
{ "type": "Feature", "properties": { "fid": 31, "OBJECTID": 31, "TIP": 2, "AD": "DR.İSMAİL BEŞİKCİ", "SHAPE_Leng": 164.49981006100001, "DÜZENLENE": null }, "geometry": { "type": "MultiLineString", "coordinates": [ [ [ 4562616.484065278433263, 4600673.113594926893711 ], [ 4562586.811868718825281, 4600712.212666359730065 ], [ 4562559.164928836748004, 4600745.465410624630749 ], [ 4562513.58365523442626, 4600801.101013106293976 ], [ 4562484.210139947943389, 4600835.335724999196827 ] ] ] } },
{ "type": "Feature", "properties": { "fid": 32, "OBJECTID": 32, "TIP": 2, "AD": "DR.İSMAİL BEŞİKCİ", "SHAPE_Leng": 80.813775165300001, "DÜZENLENE": null }, "geometry": { "type": "MultiLineString", "coordinates": [ [ [ 4562484.210139947943389, 4600835.335724999196827 ], [ 4562434.990532848984003, 4600896.852615775540471 ], [ 4562420.845129772089422, 4600916.337665732949972 ] ] ] } },
{ "type": "Feature", "properties": { "fid": 33, "OBJECTID": 33, "TIP": 1, "AD": "320", "SHAPE_Leng": 33.043092264000002, "DÜZENLENE": null }, "geometry": { "type": "MultiLineString", "coordinates": [ [ [ 4564770.605760123580694, 4599247.751009404659271 ], [ 4564770.520226424559951, 4599243.697937856428325 ], [ 4564770.141101471148431, 4599238.310524883680046 ], [ 4564769.624619295820594, 4599236.330552583560348 ], [ 4564766.519217116758227, 4599224.425368805415928 ], [ 4564762.994964732788503, 4599211.571057705208659 ], [ 4564761.32639489416033, 4599206.884704456664622 ] ] ] } },
{ "type": "Feature", "properties": { "fid": 34, "OBJECTID": 34, "TIP": 2, "AD": "GÜL", "SHAPE_Leng": 63.205307210900003, "DÜZENLENE": null }, "geometry": { "type": "MultiLineString", "coordinates": [ [ [ 4565289.437605258077383, 4600325.583948485553265 ], [ 4565309.100780948996544, 4600338.987533644773066 ], [ 4565311.831465442664921, 4600342.146206705830991 ], [ 4565319.334344683215022, 4600350.825018029659986 ], [ 4565321.505431958474219, 4600353.336413879878819 ], [ 4565338.331054005771875, 4600375.348451228812337 ], [ 4565342.778828226029873, 4600384.247844319790602 ] ] ] } },
{ "type": "Feature", "properties": { "fid": 35, "OBJECTID": 35, "TIP": 2, "AD": "GÜL", "SHAPE_Leng": 56.172687195400002, "DÜZENLENE": null }, "geometry": { "type": "MultiLineString", "coordinates": [ [ [ 4565342.778828226029873, 4600384.247844319790602 ], [ 4565345.241034737788141, 4600389.425455300137401 ], [ 4565354.158483940176666, 4600408.177799174562097 ], [ 4565379.819219200871885, 4600445.178771737031639 ] ] ] } },
{ "type": "Feature", "properties": { "fid": 36, "OBJECTID": 36, "TIP": 1, "AD": "511", "SHAPE_Leng": 18.3113265613, "DÜZENLENE": null }, "geometry": { "type": "MultiLineString", "coordinates": [ [ [ 4564644.446321007795632, 4599403.708173919469118 ], [ 4564638.400525802746415, 4599394.175917381420732 ], [ 4564632.602514262311161, 4599383.638087061233819 ] ] ] } },
{ "type": "Feature", "properties": { "fid": 37, "OBJECTID": 37, "TIP": 1, "AD": "508", "SHAPE_Leng": 37.958449560799998, "DÜZENLENE": null }, "geometry": { "type": "MultiLineString", "coordinates": [ [ [ 4564621.894227920100093, 4599419.897685672156513 ], [ 4564612.872481714002788, 4599397.378167398273945 ], [ 4564632.602514262311161, 4599383.638087061233819 ] ] ] } },
{ "type": "Feature", "properties": { "fid": 38, "OBJECTID": 38, "TIP": 2, "AD": "TEKEL", "SHAPE_Leng": 43.777960222300003, "DÜZENLENE": null }, "geometry": { "type": "MultiLineString", "coordinates": [ [ [ 4564704.488752932287753, 4599268.991340545006096 ], [ 4564693.799150416627526, 4599246.825004072859883 ], [ 4564687.526543121784925, 4599230.094853629358113 ], [ 4564685.126964053139091, 4599217.019237149506807 ] ] ] } },
{ "type": "Feature", "properties": { "fid": 39, "OBJECTID": 39, "TIP": 2, "AD": "TEKEL", "SHAPE_Leng": 28.662398826299999, "DÜZENLENE": null }, "geometry": { "type": "MultiLineString", "coordinates": [ [ [ 4564735.285275404341519, 4598990.016450528055429 ], [ 4564739.215961033478379, 4598978.544035730883479 ], [ 4564746.237409614957869, 4598955.184143547900021 ] ] ] } },
{ "type": "Feature", "properties": { "fid": 40, "OBJECTID": 40, "TIP": 2, "AD": "TEKEL", "SHAPE_Leng": 20.4830567174, "DÜZENLENE": null }, "geometry": { "type": "MultiLineString", "coordinates": [ [ [ 4564792.251287213526666, 4598814.535987939685583 ], [ 4564800.180626083165407, 4598789.672493094578385 ] ] ] } },
{ "type": "Feature", "properties": { "fid": 41, "OBJECTID": 41, "TIP": 1, "AD": "436", "SHAPE_Leng": 133.01786746400001, "DÜZENLENE": null }, "geometry": { "type": "MultiLineString", "coordinates": [ [ [ 4564965.575775137171149, 4598321.429903775453568 ], [ 4564963.471224472858012, 4598314.018968980759382 ], [ 4564958.052270703949034, 4598287.018049997277558 ], [ 4564954.615526950918138, 4598273.960741993039846 ], [ 4564945.905777127481997, 4598240.870282988995314 ], [ 4564928.584788448177278, 4598210.215712957084179 ], [ 4564916.658857063390315, 4598180.523204510100186 ], [ 4564908.88898712489754, 4598162.883059312589467 ] ] ] } },
{ "type": "Feature", "properties": { "fid": 42, "OBJECTID": 42, "TIP": 1, "AD": "436", "SHAPE_Leng": 201.27606527399999, "DÜZENLENE": null }, "geometry": { "type": "MultiLineString", "coordinates": [ [ [ 4565020.720388229005039, 4598566.897186133079231 ], [ 4565011.947996441274881, 4598562.028045687824488 ], [ 4565010.153377736918628, 4598558.761633731424809 ], [ 4565005.794558651745319, 4598550.828421913087368 ], [ 4565000.616696171462536, 4598535.020183332264423 ], [ 4564994.443964180536568, 4598509.28151876013726 ], [ 4564990.527257647365332, 4598497.056782539002597 ], [ 4564984.819132694974542, 4598469.117292392067611 ], [ 4564978.408175200223923, 4598433.502834590151906 ], [ 4564975.647391675040126, 4598395.153925823047757 ], [ 4564972.855305863544345, 4598369.131752227433026 ], [ 4564971.545925740152597, 4598352.025532309897244 ], [ 4564968.269277933053672, 4598330.914415108039975 ], [ 4564965.575775137171149, 4598321.429903775453568 ] ] ] } },
{ "type": "Feature", "properties": { "fid": 43, "OBJECTID": 43, "TIP": 2, "AD": "TEKEL", "SHAPE_Leng": 68.253568751200007, "DÜZENLENE": null }, "geometry": { "type": "MultiLineString", "coordinates": [ [ [ 4564696.033392104320228, 4599138.427476645447314 ], [ 4564700.668027721345425, 4599104.054833543486893 ], [ 4564703.262408847920597, 4599091.233266767114401 ], [ 4564705.768658751621842, 4599078.847354787401855 ], [ 4564714.364145509898663, 4599053.698927127756178 ] ] ] } },
{ "type": "Feature", "properties": { "fid": 44, "OBJECTID": 44, "TIP": 1, "AD": "437", "SHAPE_Leng": 110.98914463600001, "DÜZENLENE": null }, "geometry": { "type": "MultiLineString", "coordinates": [ [ [ 4564778.784709146246314, 4598085.532495624385774 ], [ 4564811.229970836080611, 4598085.204089994542301 ], [ 4564824.146984629333019, 4598083.630093919113278 ], [ 4564895.171778045594692, 4598081.003258796408772 ], [ 4564919.434219934977591, 4598082.901805879548192 ] ] ] } },
{ "type": "Feature", "properties": { "fid": 45, "OBJECTID": 45, "TIP": 2, "AD": "HASAN YILMAZ", "SHAPE_Leng": 401.07841409899999, "DÜZENLENE": null }, "geometry": { "type": "MultiLineString", "coordinates": [ [ [ 4564919.434219934977591, 4598082.901805879548192 ], [ 4564925.733798264525831, 4598070.524094178341329 ], [ 4564932.236948110163212, 4598054.327800088562071 ], [ 4564935.42589795589447, 4598043.330370150506496 ], [ 4564948.295914294198155, 4597998.393788667395711 ], [ 4564954.941844053566456, 4597967.016587263904512 ], [ 4564959.279078646562994, 4597940.01611578091979 ], [ 4564959.34978331066668, 4597939.479938376694918 ], [ 4564959.615276713855565, 4597938.692858174443245 ], [ 4564972.188669696450233, 4597901.42502323910594 ], [ 4564978.595044202171266, 4597866.208229961805046 ], [ 4564987.506855925545096, 4597832.96090002078563 ], [ 4564998.657841245643795, 4597789.321739935316145 ], [ 4565003.42366058472544, 4597761.11157732270658 ], [ 4565008.905478615313768, 4597724.566273804754019 ], [ 4565008.936000116169453, 4597724.256738709285855 ], [ 4565010.926504771225154, 4597704.060858508571982 ], [ 4565017.506101032719016, 4597685.356382987461984 ], [ 4565018.099984760396183, 4597683.668203477747738 ], [ 4565027.599711555987597, 4597656.929318640381098 ], [ 4565074.628712876699865, 4597605.315476225689054 ] ] ] } },
{ "type": "Feature", "properties": { "fid": 46, "OBJECTID": 46, "TIP": 2, "AD": "MİLLİ EGEMENLİK", "SHAPE_Leng": 14.509538903799999, "DÜZENLENE": null }, "geometry": { "type": "MultiLineString", "coordinates": [ [ [ 4564779.225554781034589, 4598104.019545631483197 ], [ 4564778.784709146246314, 4598085.532495624385774 ] ] ] } },
{ "type": "Feature", "properties": { "fid": 47, "OBJECTID": 47, "TIP": 2, "AD": "MİLLİ EGEMENLİK", "SHAPE_Leng": 36.5521576963, "DÜZENLENE": null }, "geometry": { "type": "MultiLineString", "coordinates": [ [ [ 4564814.033677242696285, 4598572.242311998270452 ], [ 4564812.31415892764926, 4598525.686723112128675 ] ] ] } },
{ "type": "Feature", "properties": { "fid": 48, "OBJECTID": 48, "TIP": 2, "AD": "MİLLİ EGEMENLİK", "SHAPE_Leng": 69.796556561200006, "DÜZENLENE": null }, "geometry": { "type": "MultiLineString", "coordinates": [ [ [ 4564785.071635087020695, 4598358.797227152623236 ], [ 4564782.202421505004168, 4598325.399617044255137 ], [ 4564779.98370076995343, 4598288.929823419079185 ], [ 4564780.293348902836442, 4598270.034522511065006 ] ] ] } },
{ "type": "Feature", "properties": { "fid": 49, "OBJECTID": 49, "TIP": 5, "AD": "MİLLİ EGEMENLİK 1.", "SHAPE_Leng": 2493.6994339299999, "DÜZENLENE": null }, "geometry": { "type": "MultiLineString", "coordinates": [ [ [ 4563947.744246968999505, 4597057.510132722556591 ], [ 4563971.410275819711387, 4597023.047610905952752 ], [ 4563995.3915946315974, 4596992.850353037938476 ], [ 4564017.602620778605342, 4596984.500336702913046 ], [ 4564038.870255755260587, 4596973.922454481013119 ], [ 4564061.123611552640796, 4596946.685371348634362 ], [ 4564074.186774675734341, 4596918.972704728133976 ], [ 4564078.571793612092733, 4596883.353938139975071 ], [ 4564105.54640894010663, 4596815.319955997169018 ], [ 4564113.000011373311281, 4596787.054622042924166 ], [ 4564110.952733130194247, 4596754.273560484871268 ], [ 4564108.530355961993337, 4596724.873131984844804 ], [ 4564119.13980907946825, 4596676.754632400348783 ], [ 4564133.118736756965518, 4596639.579906527884305 ], [ 4564134.325323042459786, 4596612.349527915939689 ], [ 4564134.874844839796424, 4596585.807970526628196 ], [ 4564146.863636141642928, 4596549.800843154080212 ], [ 4564162.002802283503115, 4596524.966970750130713 ], [ 4564210.572383727878332, 4596451.296538884751499 ], [ 4564229.884337489493191, 4596433.117059928365052 ], [ 4564266.798002211377025, 4596410.959133477881551 ], [ 4564305.326258225366473, 4596391.014383994042873 ], [ 4564323.610691884532571, 4596377.128872230648994 ], [ 4564335.448764935135841, 4596365.406314804218709 ], [ 4564353.67679235804826, 4596338.482276074588299 ], [ 4564373.340897238813341, 4596305.456979315727949 ], [ 4564393.956175372935832, 4596285.450654525309801 ], [ 4564425.639897190965712, 4596259.583912804722786 ], [ 4564460.63818455580622, 4596221.280193356797099 ], [ 4564486.509479517117143, 4596185.422610715031624 ], [ 4564508.470040534622967, 4596144.70385186187923 ], [ 4564513.887164443731308, 4596125.92650165874511 ], [ 4564521.222696254961193, 4596061.020136312581599 ], [ 4564525.055489839054644, 4596031.036455490626395 ], [ 4564523.648040677420795, 4596007.236627015285194 ], [ 4564518.169264525175095, 4595981.501690912991762 ], [ 4564516.104969808831811, 4595958.390574257820845 ], [ 4564510.261494513601065, 4595863.646269593387842 ], [ 4564501.848370166495442, 4595836.795103488489985 ], [ 4564495.623529999516904, 4595781.570348175242543 ], [ 4564486.909740607254207, 4595740.731544261798263 ], [ 4564487.541227198205888, 4595705.02941432967782 ], [ 4564487.307586832903326, 4595681.148537870496511 ], [ 4564479.964576289989054, 4595665.009199589490891 ], [ 4564457.651810159906745, 4595642.450176329351962 ], [ 4564453.56269830558449, 4595621.463152882643044 ], [ 4564458.838764724321663, 4595593.528926080092788 ], [ 4564470.614558038301766, 4595568.544996393844485 ], [ 4564482.25551367085427, 4595550.308222465217113 ], [ 4564491.50789210293442, 4595525.098061147145927 ], [ 4564492.831692242994905, 4595495.563762981444597 ], [ 4564500.554410196840763, 4595451.278589555062354 ], [ 4564546.597769890911877, 4595354.177249995991588 ], [ 4564603.922684887424111, 4595235.194982600398362 ], [ 4564612.655474953353405, 4595224.889640434645116 ], [ 4564709.038706244900823, 4595204.53354927059263 ], [ 4564726.191054151393473, 4595208.376251214183867 ], [ 4564745.500689482316375, 4595221.445074710994959 ], [ 4564770.927607727237046, 4595232.694992380216718 ], [ 4564793.491144450381398, 4595240.916110750287771 ], [ 4564820.638671333901584, 4595254.095551248639822 ], [ 4564845.639384294860065, 4595271.536668978631496 ], [ 4564910.191582104191184, 4595306.383503742516041 ], [ 4564958.973333359695971, 4595323.588714285753667 ], [ 4565000.210536060854793, 4595328.312766592949629 ], [ 4565045.176488514058292, 4595334.911263684742153 ], [ 4565105.543775969184935, 4595352.122584548778832 ], [ 4565126.977628792636096, 4595357.771161509677768 ], [ 4565140.23991724755615, 4595358.202090002596378 ], [ 4565147.119611112400889, 4595355.238739193417132 ], [ 4565197.297346087172627, 4595333.353430199436843 ], [ 4565219.63723027240485, 4595331.181530671194196 ], [ 4565230.74545209761709, 4595340.212840952910483 ], [ 4565239.41426598560065, 4595365.87640102673322 ], [ 4565244.058218902908266, 4595386.569488381966949 ], [ 4565249.432276114821434, 4595402.188633746467531 ], [ 4565255.834210086613894, 4595413.570521637797356 ], [ 4565265.835916452109814, 4595423.187977127730846 ], [ 4565282.0033805873245, 4595433.233314487151802 ], [ 4565319.032549978233874, 4595450.411830492317677 ], [ 4565346.704323474317789, 4595461.892720816656947 ], [ 4565379.259190797805786, 4595466.242103762924671 ], [ 4565425.957862515002489, 4595464.663529301993549 ], [ 4565458.616583720780909, 4595460.861298575997353 ], [ 4565483.322252614423633, 4595451.612140577286482 ], [ 4565481.07922101020813, 4595438.453916820697486 ], [ 4565471.473533658310771, 4595408.314734917134047 ], [ 4565464.366484976373613, 4595390.204395109787583 ], [ 4565449.330653537064791, 4595367.770691007375717 ] ] ] } },
{ "type": "Feature", "properties": { "fid": 50, "OBJECTID": 50, "TIP": 1, "AD": "806", "SHAPE_Leng": 27.143319744900001, "DÜZENLENE": null }, "geometry": { "type": "MultiLineString", "coordinates": [ [ [ 4564723.445998355746269, 4600649.824549222365022 ], [ 4564699.24907264020294, 4600674.461014564149082 ] ] ] } },
{ "type": "Feature", "properties": { "fid": 51, "OBJECTID": 51, "TIP": 1, "AD": "806", "SHAPE_Leng": 116.808992604, "DÜZENLENE": null }, "geometry": { "type": "MultiLineString", "coordinates": [ [ [ 4564699.24907264020294, 4600674.461014564149082 ], [ 4564702.298026108182967, 4600707.862380803562701 ], [ 4564718.556951546110213, 4600747.274465666152537 ], [ 4564709.770469719544053, 4600771.936269640922546 ], [ 4564717.335267507471144, 4600817.82827684469521 ] ] ] } },
{ "type": "Feature", "properties": { "fid": 52, "OBJECTID": 52, "TIP": 1, "AD": "634", "SHAPE_Leng": 227.57986266099999, "DÜZENLENE": null }, "geometry": { "type": "MultiLineString", "coordinates": [ [ [ 4563583.368470787070692, 4599823.822995044291019 ], [ 4563593.586947935633361, 4599838.004421065561473 ], [ 4563607.465255772694945, 4599864.82717053219676 ], [ 4563627.955935069359839, 4599911.748074766248465 ], [ 4563642.755987805314362, 4599943.948717335239053 ], [ 4563664.29994466342032, 4599996.109811094589531 ], [ 4563685.287904254160821, 4600041.131216838955879 ], [ 4563697.221357711590827, 4600071.234999747946858 ], [ 4563704.570538942702115, 4600086.650696503929794 ] ] ] } },
{ "type": "Feature", "properties": { "fid": 53, "OBJECTID": 53, "TIP": 1, "AD": "634", "SHAPE_Leng": 57.602065283800002, "DÜZENLENE": null }, "geometry": { "type": "MultiLineString", "coordinates": [ [ [ 4563704.570538942702115, 4600086.650696503929794 ], [ 4563713.356342807412148, 4600103.002339083701372 ], [ 4563729.778819563798606, 4600129.365885561332107 ], [ 4563742.463506542146206, 4600149.413390319794416 ] ] ] } },
{ "type": "Feature", "properties": { "fid": 54, "OBJECTID": 54, "TIP": 1, "AD": "613", "SHAPE_Leng": 52.933887358200003, "DÜZENLENE": null }, "geometry": { "type": "MultiLineString", "coordinates": [ [ [ 4563704.570538942702115, 4600086.650696503929794 ], [ 4563677.178101949393749, 4600101.625492338091135 ], [ 4563654.259201165288687, 4600129.514209953136742 ] ] ] } },
{ "type": "Feature", "properties": { "fid": 55, "OBJECTID": 55, "TIP": 1, "AD": "636", "SHAPE_Leng": 42.992799933800001, "DÜZENLENE": null }, "geometry": { "type": "MultiLineString", "coordinates": [ [ [ 4563517.618750533089042, 4599842.209555637091398 ], [ 4563505.611005392856896, 4599821.14863405097276 ], [ 4563500.808758830651641, 4599803.980242094956338 ], [ 4563493.904748728498816, 4599793.336711993440986 ] ] ] } },
{ "type": "Feature", "properties": { "fid": 56, "OBJECTID": 56, "TIP": 1, "AD": "359", "SHAPE_Leng": 61.909432985499997, "DÜZENLENE": null }, "geometry": { "type": "MultiLineString", "coordinates": [ [ [ 4564982.958759324625134, 4598804.528121585957706 ], [ 4565006.557234026491642, 4598812.436516552232206 ], [ 4565020.746292570605874, 4598816.175736057572067 ], [ 4565035.799001473002136, 4598818.434503651224077 ], [ 4565051.832508676685393, 4598819.435156129300594 ], [ 4565059.581768481992185, 4598819.414891817606986 ] ] ] } },
{ "type": "Feature", "properties": { "fid": 57, "OBJECTID": 57, "TIP": 1, "AD": "359", "SHAPE_Leng": 84.905141897899995, "DÜZENLENE": null }, "geometry": { "type": "MultiLineString", "coordinates": [ [ [ 4564888.458762531168759, 4598758.270602681674063 ], [ 4564892.587612967006862, 4598757.618782205507159 ], [ 4564917.809821647591889, 4598764.154078515246511 ], [ 4564931.448725886642933, 4598768.355139123275876 ], [ 4564944.80623003654182, 4598774.443380555137992 ], [ 4564954.322376628406346, 4598781.385904151946306 ], [ 4564957.889094470068812, 4598784.645999263040721 ], [ 4564970.109020595438778, 4598795.736583811230958 ], [ 4564982.958759324625134, 4598804.528121585957706 ] ] ] } },
{ "type": "Feature", "properties": { "fid": 58, "OBJECTID": 58, "TIP": 2, "AD": "SUAKAR", "SHAPE_Leng": 76.597124656899993, "DÜZENLENE": null }, "geometry": { "type": "MultiLineString", "coordinates": [ [ [ 4564885.174397311173379, 4599042.914889677427709 ], [ 4564882.127313691191375, 4599035.215255451388657 ], [ 4564880.95441588293761, 4599027.549860921688378 ], [ 4564880.282721338793635, 4599021.443627675995231 ], [ 4564881.025842593051493, 4599005.780300945974886 ], [ 4564881.257682302966714, 4599001.097381799481809 ], [ 4564882.410406453534961, 4598990.265990512445569 ], [ 4564884.081893693655729, 4598970.557162551209331 ], [ 4564886.06265265122056, 4598957.723044354468584 ], [ 4564887.945696119219065, 4598946.464034078642726 ] ] ] } },
{ "type": "Feature", "properties": { "fid": 59, "OBJECTID": 59, "TIP": 2, "AD": "SUAKAR", "SHAPE_Leng": 30.2637878134, "DÜZENLENE": null }, "geometry": { "type": "MultiLineString", "coordinates": [ [ [ 4564894.390681952238083, 4598884.575237741693854 ], [ 4564894.922922806814313, 4598880.782856656238437 ], [ 4564894.945463898591697, 4598860.003850399516523 ], [ 4564894.705592782236636, 4598846.040897566825151 ] ] ] } },
{ "type": "Feature", "properties": { "fid": 60, "OBJECTID": 60, "TIP": 1, "AD": "351", "SHAPE_Leng": 55.856255902100003, "DÜZENLENE": null }, "geometry": { "type": "MultiLineString", "coordinates": [ [ [ 4564780.963028299622238, 4598851.885805570520461 ], [ 4564782.198098364286125, 4598852.092536949552596 ], [ 4564799.76711068302393, 4598855.033246518112719 ], [ 4564816.995474841445684, 4598859.174876824952662 ], [ 4564849.54490849096328, 4598869.448547087609768 ] ] ] } },
{ "type": "Feature", "properties": { "fid": 61, "OBJECTID": 61, "TIP": 1, "AD": "354", "SHAPE_Leng": 46.104405046399997, "DÜZENLENE": "SİLİNECEK" }, "geometry": { "type": "MultiLineString", "coordinates": [ [ [ 4564849.54490849096328, 4598869.448547087609768 ], [ 4564852.962350827641785, 4598864.909377415664494 ], [ 4564853.861869527958333, 4598863.000958164222538 ], [ 4564854.688606110401452, 4598857.720896364189684 ], [ 4564855.083371716551483, 4598851.100883696228266 ], [ 4564856.376030399464071, 4598830.024444420821965 ], [ 4564857.101048294454813, 4598820.024188623763621 ], [ 4564857.288323919288814, 4598816.242260742932558 ], [ 4564856.93249421659857, 4598812.202242906205356 ] ] ] } },
{ "type": "Feature", "properties": { "fid": 62, "OBJECTID": 62, "TIP": 2, "AD": "HASTANE", "SHAPE_Leng": 38.759531803900003, "DÜZENLENE": null }, "geometry": { "type": "MultiLineString", "coordinates": [ [ [ 4564296.273298047482967, 4599441.06549137365073 ], [ 4564314.859650653786957, 4599486.809964822605252 ] ] ] } },
{ "type": "Feature", "properties": { "fid": 63, "OBJECTID": 63, "TIP": 2, "AD": "DİYARBAKIR", "SHAPE_Leng": 17.618266433300001, "DÜZENLENE": null }, "geometry": { "type": "MultiLineString", "coordinates": [ [ [ 4565193.089968314394355, 4599832.975715570151806 ], [ 4565189.408061032183468, 4599845.11167461797595 ], [ 4565185.333219991996884, 4599853.985164545476437 ] ] ] } },
{ "type": "Feature", "properties": { "fid": 64, "OBJECTID": 64, "TIP": 1, "AD": "967", "SHAPE_Leng": 59.060659899000001, "DÜZENLENE": null }, "geometry": { "type": "MultiLineString", "coordinates": [ [ [ 4565807.995166284032166, 4600064.764891539700329 ], [ 4565806.161661669611931, 4600065.269403503276408 ], [ 4565778.718924315646291, 4600072.727873307652771 ], [ 4565736.299111814238131, 4600086.697882607579231 ] ] ] } },
{ "type": "Feature", "properties": { "fid": 65, "OBJECTID": 65, "TIP": 1, "AD": "237", "SHAPE_Leng": 29.6758149588, "DÜZENLENE": null }, "geometry": { "type": "MultiLineString", "coordinates": [ [ [ 4565203.097685566172004, 4599568.867970420047641 ], [ 4565224.678340791724622, 4599563.387342289090157 ], [ 4565233.453924626111984, 4599561.625934484414756 ], [ 4565239.602923852391541, 4599559.635338446125388 ] ] ] } },
{ "type": "Feature", "properties": { "fid": 66, "OBJECTID": 66, "TIP": 2, "AD": "DEMİRDÖVEN", "SHAPE_Leng": 44.101174240399999, "DÜZENLENE": null }, "geometry": { "type": "MultiLineString", "coordinates": [ [ [ 4564836.497913043014705, 4599351.6350984768942 ], [ 4564831.378270646557212, 4599350.591493302024901 ], [ 4564817.90602585952729, 4599355.202077894471586 ], [ 4564793.081770067103207, 4599369.830608219839633 ], [ 4564788.22919743321836, 4599375.885581863112748 ] ] ] } },
{ "type": "Feature", "properties": { "fid": 67, "OBJECTID": 67, "TIP": 1, "AD": "502", "SHAPE_Leng": 55.3754337413, "DÜZENLENE": null }, "geometry": { "type": "MultiLineString", "coordinates": [ [ [ 4564883.74691120442003, 4599271.300282497890294 ], [ 4564881.341256069950759, 4599271.321073547936976 ], [ 4564874.480228264816105, 4599271.380170313641429 ], [ 4564862.756620092317462, 4599276.30108835734427 ], [ 4564852.711800321936607, 4599283.593875066377223 ], [ 4564848.422246766276658, 4599290.820500837638974 ], [ 4564832.158514749258757, 4599297.599466413259506 ], [ 4564832.796462051570415, 4599304.579295258037746 ], [ 4564833.103946084156632, 4599307.530096813105047 ] ] ] } },
{ "type": "Feature", "properties": { "fid": 68, "OBJECTID": 68, "TIP": 1, "AD": "703", "SHAPE_Leng": 64.233097387000001, "DÜZENLENE": null }, "geometry": { "type": "MultiLineString", "coordinates": [ [ [ 4564216.838731115683913, 4600654.644118926487863 ], [ 4564234.073360608890653, 4600650.482237455435097 ], [ 4564237.715424234047532, 4600650.747193278744817 ], [ 4564239.606112794950604, 4600653.254769518971443 ], [ 4564248.170561828650534, 4600674.487513701431453 ], [ 4564250.894655932672322, 4600678.212737999856472 ], [ 4564259.636052031069994, 4600675.210615677759051 ], [ 4564278.103125744499266, 4600666.551403117366135 ] ] ] } },
{ "type": "Feature", "properties": { "fid": 69, "OBJECTID": 69, "TIP": 1, "AD": "1014", "SHAPE_Leng": 90.8961241417, "DÜZENLENE": null }, "geometry": { "type": "MultiLineString", "coordinates": [ [ [ 4565627.970280260778964, 4598966.20130249671638 ], [ 4565641.184265061281621, 4598955.906110025942326 ], [ 4565671.860358459874988, 4598934.998169091530144 ], [ 4565703.928253263235092, 4598905.964130610227585 ], [ 4565716.826165937818587, 4598892.791102496907115 ] ] ] } },
{ "type": "Feature", "properties": { "fid": 70, "OBJECTID": 70, "TIP": 1, "AD": "1017", "SHAPE_Leng": 77.369710658499997, "DÜZENLENE": null }, "geometry": { "type": "MultiLineString", "coordinates": [ [ [ 4565804.344121821224689, 4598903.719218466430902 ], [ 4565794.250293729826808, 4598903.982439290732145 ], [ 4565768.152686713263392, 4598906.710641741752625 ], [ 4565757.437631356529891, 4598908.293761880137026 ], [ 4565733.451850322075188, 4598913.404473586939275 ], [ 4565730.721307598985732, 4598910.692423104308546 ], [ 4565727.17283146828413, 4598904.726333263330162 ], [ 4565716.826165937818587, 4598892.791102496907115 ] ] ] } },
{ "type": "Feature", "properties": { "fid": 71, "OBJECTID": 71, "TIP": 2, "AD": "ANADOLU", "SHAPE_Leng": 36.325798091599999, "DÜZENLENE": null }, "geometry": { "type": "MultiLineString", "coordinates": [ [ [ 4565745.474622802808881, 4599273.779264409095049 ], [ 4565744.202920690178871, 4599265.275010637938976 ], [ 4565743.58141082059592, 4599261.119404702447355 ], [ 4565737.952439839951694, 4599243.161608248017728 ], [ 4565737.272320355288684, 4599228.503638490103185 ] ] ] } },
{ "type": "Feature", "properties": { "fid": 72, "OBJECTID": 72, "TIP": 1, "AD": "321", "SHAPE_Leng": 50.632579312499999, "DÜZENLENE": null }, "geometry": { "type": "MultiLineString", "coordinates": [ [ [ 4564997.271851015277207, 4599028.941862970590591 ], [ 4565003.796441265381873, 4599034.077859076671302 ], [ 4565014.173453718423843, 4599047.963548853993416 ], [ 4565031.733879454433918, 4599065.234737975522876 ], [ 4565038.786809579469264, 4599073.23812030442059 ], [ 4565040.994549653492868, 4599075.922373831272125 ] ] ] } },
{ "type": "Feature", "properties": { "fid": 73, "OBJECTID": 73, "TIP": 1, "AD": "326", "SHAPE_Leng": 29.673121093900001, "DÜZENLENE": null }, "geometry": { "type": "MultiLineString", "coordinates": [ [ [ 4565009.122702895663679, 4599167.43560157250613 ], [ 4565006.379456104710698, 4599156.651641863398254 ], [ 4565005.36994840670377, 4599153.12968937959522 ], [ 4565002.684453590773046, 4599142.409381075762212 ], [ 4564999.558231870643795, 4599135.985076534561813 ], [ 4564998.698465315625072, 4599131.240668054670095 ] ] ] } },
{ "type": "Feature", "properties": { "fid": 74, "OBJECTID": 74, "TIP": 2, "AD": "FIRAT SİMPİL", "SHAPE_Leng": 56.6320335829, "DÜZENLENE": null }, "geometry": { "type": "MultiLineString", "coordinates": [ [ [ 4564545.114549933001399, 4600927.692638659849763 ], [ 4564546.071464875712991, 4600931.861342678777874 ], [ 4564559.706866002641618, 4600972.186204115860164 ], [ 4564568.018947469070554, 4600996.10477564111352 ] ] ] } },
{ "type": "Feature", "properties": { "fid": 75, "OBJECTID": 75, "TIP": 2, "AD": "FIRAT SİMPİL", "SHAPE_Leng": 70.636158480600002, "DÜZENLENE": null }, "geometry": { "type": "MultiLineString", "coordinates": [ [ [ 4564521.741236413829029, 4600841.651037062518299 ], [ 4564529.602482870221138, 4600853.541625747457147 ], [ 4564530.129609685391188, 4600856.226705627515912 ], [ 4564537.753528649918735, 4600895.06490555498749 ], [ 4564540.584478585980833, 4600907.958853640593588 ], [ 4564545.114549933001399, 4600927.692638659849763 ] ] ] } },
{ "type": "Feature", "properties": { "fid": 76, "OBJECTID": 76, "TIP": 2, "AD": "DR.İSMAİL BEŞİKCİ", "SHAPE_Leng": 115.626198188, "DÜZENLENE": null }, "geometry": { "type": "MultiLineString", "coordinates": [ [ [ 4563215.676608514040709, 4599953.578082132153213 ], [ 4563187.551384431309998, 4599988.887040447443724 ], [ 4563139.815429642796516, 4600035.616527372971177 ], [ 4563115.269374815747142, 4600060.795221924781799 ] ] ] } },
{ "type": "Feature", "properties": { "fid": 77, "OBJECTID": 77, "TIP": 2, "AD": "DR.İSMAİL BEŞİKCİ", "SHAPE_Leng": 95.068363035600001, "DÜZENLENE": null }, "geometry": { "type": "MultiLineString", "coordinates": [ [ [ 4563115.269374815747142, 4600060.795221924781799 ], [ 4563092.571795864030719, 4600088.632814498618245 ], [ 4563041.71062349062413, 4600156.840794626623392 ] ] ] } },
{ "type": "Feature", "properties": { "fid": 78, "OBJECTID": 78, "TIP": 2, "AD": "DR.İSMAİL BEŞİKCİ", "SHAPE_Leng": 126.504268438, "DÜZENLENE": null }, "geometry": { "type": "MultiLineString", "coordinates": [ [ [ 4563041.71062349062413, 4600156.840794626623392 ], [ 4562995.495204671286047, 4600232.865428858436644 ], [ 4562957.202538170851767, 4600293.965898481197655 ] ] ] } },
{ "type": "Feature", "properties": { "fid": 79, "OBJECTID": 79, "TIP": 1, "AD": "761", "SHAPE_Leng": 51.962969737599998, "DÜZENLENE": null }, "geometry": { "type": "MultiLineString", "coordinates": [ [ [ 4562840.205232540145516, 4601621.697147546336055 ], [ 4562873.681394273415208, 4601678.784737986512482 ] ] ] } },
{ "type": "Feature", "properties": { "fid": 80, "OBJECTID": 80, "TIP": 1, "AD": "913", "SHAPE_Leng": 131.86269297800001, "DÜZENLENE": null }, "geometry": { "type": "MultiLineString", "coordinates": [ [ [ 4565337.285225430503488, 4600048.730409145355225 ], [ 4565340.174039596691728, 4600037.921274081803858 ], [ 4565342.716686632484198, 4600035.534501822665334 ], [ 4565359.209061685949564, 4600031.461499443277717 ], [ 4565368.041463751345873, 4600027.275844473391771 ], [ 4565379.368605941534042, 4600023.118205687962472 ], [ 4565394.966999225318432, 4600016.133591589517891 ], [ 4565409.813512203283608, 4600006.57270076032728 ], [ 4565420.11498960480094, 4599997.387887756340206 ], [ 4565448.284859944134951, 4599977.262015985324979 ], [ 4565460.20133460406214, 4599972.699525468051434 ], [ 4565477.210081360302866, 4599966.376169640570879 ] ] ] } },
{ "type": "Feature", "properties": { "fid": 81, "OBJECTID": 81, "TIP": 1, "AD": "903", "SHAPE_Leng": 121.35361687699999, "DÜZENLENE": null }, "geometry": { "type": "MultiLineString", "coordinates": [ [ [ 4565188.428088214248419, 4600078.459232081659138 ], [ 4565201.319261978380382, 4600078.193686779588461 ], [ 4565220.276474983431399, 4600072.233354810625315 ], [ 4565253.544304744340479, 4600057.0704983798787 ], [ 4565273.42953391931951, 4600050.700099400244653 ], [ 4565318.148675385862589, 4600049.321479871869087 ], [ 4565337.285225430503488, 4600048.730409145355225 ] ] ] } },
{ "type": "Feature", "properties": { "fid": 82, "OBJECTID": 82, "TIP": 1, "AD": "915", "SHAPE_Leng": 101.474195274, "DÜZENLENE": null }, "geometry": { "type": "MultiLineString", "coordinates": [ [ [ 4565351.736399211920798, 4600101.852494901977479 ], [ 4565327.839770739898086, 4600112.263064784929156 ], [ 4565287.504296247847378, 4600134.539068942889571 ], [ 4565238.780677704140544, 4600163.726126004010439 ] ] ] } },
{ "type": "Feature", "properties": { "fid": 83, "OBJECTID": 83, "TIP": 1, "AD": "904", "SHAPE_Leng": 78.294651576899994, "DÜZENLENE": null }, "geometry": { "type": "MultiLineString", "coordinates": [ [ [ 4565188.428088214248419, 4600078.459232081659138 ], [ 4565190.156678172759712, 4600084.875202945433557 ], [ 4565196.450024290941656, 4600101.63323237746954 ], [ 4565238.780677704140544, 4600163.726126004010439 ] ] ] } },
{ "type": "Feature", "properties": { "fid": 84, "OBJECTID": 84, "TIP": 1, "AD": "727", "SHAPE_Leng": 5.4645925271199998, "DÜZENLENE": null }, "geometry": { "type": "MultiLineString", "coordinates": [ [ [ 4564486.353448871523142, 4600896.128895008005202 ], [ 4564486.54369333665818, 4600903.092753194272518 ] ] ] } },
{ "type": "Feature", "properties": { "fid": 85, "OBJECTID": 86, "TIP": 1, "AD": "727", "SHAPE_Leng": 23.482694375600001, "DÜZENLENE": null }, "geometry": { "type": "MultiLineString", "coordinates": [ [ [ 4564486.54369333665818, 4600903.092753194272518 ], [ 4564470.420870130881667, 4600928.273898066021502 ] ] ] } },
{ "type": "Feature", "properties": { "fid": 86, "OBJECTID": 87, "TIP": 1, "AD": "337", "SHAPE_Leng": 81.368128258699997, "DÜZENLENE": null }, "geometry": { "type": "MultiLineString", "coordinates": [ [ [ 4565214.061996076256037, 4598950.734990124590695 ], [ 4565193.868940089829266, 4598949.870489371009171 ], [ 4565180.290502235293388, 4598951.605209024623036 ], [ 4565165.234850659966469, 4598951.30314979609102 ], [ 4565157.102921087294817, 4598948.061963889747858 ], [ 4565143.849966259673238, 4598944.122633663937449 ], [ 4565130.781664882786572, 4598944.586844148114324 ], [ 4565112.187299423851073, 4598946.340590577572584 ] ] ] } },
{ "type": "Feature", "properties": { "fid": 87, "OBJECTID": 88, "TIP": 1, "AD": "350", "SHAPE_Leng": 40.854064364499997, "DÜZENLENE": null }, "geometry": { "type": "MultiLineString", "coordinates": [ [ [ 4565213.884466616436839, 4598761.97765533439815 ], [ 4565200.418588072992861, 4598765.61611062195152 ], [ 4565178.344117950648069, 4598772.123195711523294 ], [ 4565164.557414663024247, 4598777.810304045677185 ] ] ] } },
{ "type": "Feature", "properties": { "fid": 88, "OBJECTID": 89, "TIP": 1, "AD": "330", "SHAPE_Leng": 97.754339365000007, "DÜZENLENE": null }, "geometry": { "type": "MultiLineString", "coordinates": [ [ [ 4565188.374210611917078, 4599136.415444339625537 ], [ 4565181.117167054675519, 4599122.320661552250385 ], [ 4565174.358106716535985, 4599107.985443310812116 ], [ 4565166.56006099563092, 4599087.016262392513454 ], [ 4565161.251105001196265, 4599073.45897130202502 ], [ 4565154.809134203009307, 4599061.365722855553031 ], [ 4565142.499169855378568, 4599043.013371562585235 ], [ 4565133.197639263235033, 4599035.389972693286836 ], [ 4565127.697467097081244, 4599029.572772079147398 ] ] ] } },
{ "type": "Feature", "properties": { "fid": 89, "OBJECTID": 90, "TIP": 2, "AD": "TARANCI", "SHAPE_Leng": 22.050097711100001, "DÜZENLENE": null }, "geometry": { "type": "MultiLineString", "coordinates": [ [ [ 4565080.802770981565118, 4598977.32713867444545 ], [ 4565080.47341469861567, 4598970.893120657652617 ], [ 4565081.677777637727559, 4598951.977122738026083 ], [ 4565081.520181461237371, 4598949.273814596235752 ] ] ] } },
{ "type": "Feature", "properties": { "fid": 90, "OBJECTID": 91, "TIP": 1, "AD": "339", "SHAPE_Leng": 77.314903779299996, "DÜZENLENE": null }, "geometry": { "type": "MultiLineString", "coordinates": [ [ [ 4565080.802770981565118, 4598977.32713867444545 ], [ 4565052.604457868263125, 4598993.035165341570973 ], [ 4565040.212192718870938, 4599001.35989676695317 ], [ 4565020.388177826069295, 4599013.597129696048796 ], [ 4564997.271851015277207, 4599028.941862970590591 ] ] ] } },
{ "type": "Feature", "properties": { "fid": 91, "OBJECTID": 92, "TIP": 1, "AD": "319", "SHAPE_Leng": 43.194674330300003, "DÜZENLENE": null }, "geometry": { "type": "MultiLineString", "coordinates": [ [ [ 4565085.917258033528924, 4599047.300509801134467 ], [ 4565081.570061861537397, 4599054.06769448146224 ], [ 4565073.485298071056604, 4599056.753209884278476 ], [ 4565061.697471702471375, 4599061.359340531751513 ], [ 4565046.44731776881963, 4599074.274273609742522 ], [ 4565040.994549653492868, 4599075.922373831272125 ] ] ] } },
{ "type": "Feature", "properties": { "fid": 92, "OBJECTID": 93, "TIP": 1, "AD": "339", "SHAPE_Leng": 19.110370828400001, "DÜZENLENE": null }, "geometry": { "type": "MultiLineString", "coordinates": [ [ [ 4564997.271851015277207, 4599028.941862970590591 ], [ 4564975.419123088940978, 4599034.341833006590605 ], [ 4564973.67004805803299, 4599034.451254715211689 ] ] ] } },
{ "type": "Feature", "properties": { "fid": 93, "OBJECTID": 94, "TIP": 1, "AD": "1014", "SHAPE_Leng": 166.457947303, "DÜZENLENE": null }, "geometry": { "type": "MultiLineString", "coordinates": [ [ [ 4565716.826165937818587, 4598892.791102496907115 ], [ 4565737.450829324312508, 4598871.726249994710088 ], [ 4565752.686759969219565, 4598846.207737298682332 ], [ 4565764.672061043791473, 4598820.535296860150993 ], [ 4565772.939472526311874, 4598804.163944948464632 ], [ 4565787.399166593328118, 4598768.655605905689299 ], [ 4565801.423067380674183, 4598749.235299402847886 ], [ 4565822.234885048121214, 4598738.212083855643868 ], [ 4565841.044332260265946, 4598731.103681105189025 ] ] ] } },
{ "type": "Feature", "properties": { "fid": 94, "OBJECTID": 95, "TIP": 1, "AD": "1014", "SHAPE_Leng": 49.319339649, "DÜZENLENE": null }, "geometry": { "type": "MultiLineString", "coordinates": [ [ [ 4565598.69927363935858, 4599021.035349338315427 ], [ 4565604.709229744039476, 4599008.985742418095469 ], [ 4565615.928445461206138, 4598994.461320497095585 ], [ 4565624.558862854726613, 4598979.318676530383527 ], [ 4565627.970280260778964, 4598966.20130249671638 ] ] ] } },
{ "type": "Feature", "properties": { "fid": 95, "OBJECTID": 96, "TIP": 1, "AD": "415", "SHAPE_Leng": 58.397310031700002, "DÜZENLENE": null }, "geometry": { "type": "MultiLineString", "coordinates": [ [ [ 4564814.033677242696285, 4598572.242311998270452 ], [ 4564802.140782088041306, 4598571.385552103631198 ], [ 4564772.656723300926387, 4598568.652981087565422 ], [ 4564754.222891922108829, 4598567.434283198788762 ], [ 4564740.133136468008161, 4598568.279920791275799 ] ] ] } },
{ "type": "Feature", "properties": { "fid": 96, "OBJECTID": 97, "TIP": 1, "AD": "415", "SHAPE_Leng": 51.384209951700001, "DÜZENLENE": null }, "geometry": { "type": "MultiLineString", "coordinates": [ [ [ 4564740.133136468008161, 4598568.279920791275799 ], [ 4564725.222506885416806, 4598573.442039281129837 ], [ 4564713.525266069918871, 4598578.746626423671842 ], [ 4564704.970262640155852, 4598583.695623036473989 ], [ 4564697.785744928754866, 4598587.730874110944569 ], [ 4564681.364889555610716, 4598596.305498916655779 ] ] ] } },
{ "type": "Feature", "properties": { "fid": 97, "OBJECTID": 98, "TIP": 1, "AD": "419", "SHAPE_Leng": 124.043093367, "DÜZENLENE": null }, "geometry": { "type": "MultiLineString", "coordinates": [ [ [ 4564668.135444429703057, 4598533.924958616495132 ], [ 4564675.181059833616018, 4598527.295773781836033 ], [ 4564688.169964016415179, 4598517.512725348584354 ], [ 4564709.928808542899787, 4598507.141623044386506 ], [ 4564749.425194994546473, 4598503.511408735997975 ], [ 4564755.609183602035046, 4598504.773188504390419 ], [ 4564765.433326449245214, 4598507.235976183786988 ], [ 4564775.689536421559751, 4598509.670885258354247 ], [ 4564783.252175189554691, 4598512.932385399006307 ], [ 4564792.226660994812846, 4598518.921342035755515 ], [ 4564800.587159278802574, 4598523.841669239103794 ], [ 4564805.813795913010836, 4598525.934381991624832 ], [ 4564812.31415892764926, 4598525.686723112128675 ] ] ] } },
{ "type": "Feature", "properties": { "fid": 98, "OBJECTID": 99, "TIP": 1, "AD": "411", "SHAPE_Leng": 99.360419855900005, "DÜZENLENE": null }, "geometry": { "type": "MultiLineString", "coordinates": [ [ [ 4564687.040981505066156, 4598652.532300606369972 ], [ 4564680.057426874525845, 4598653.532982335425913 ], [ 4564669.373416777700186, 4598656.135673527605832 ], [ 4564631.437911331653595, 4598668.950938247144222 ], [ 4564625.202182179316878, 4598670.756747050210834 ], [ 4564612.543937593698502, 4598674.679778439924121 ], [ 4564592.075719390064478, 4598682.375067145563662 ], [ 4564567.312708217650652, 4598691.708149454556406 ] ] ] } },
{ "type": "Feature", "properties": { "fid": 99, "OBJECTID": 100, "TIP": 1, "AD": "406", "SHAPE_Leng": 95.354130234899998, "DÜZENLENE": null }, "geometry": { "type": "MultiLineString", "coordinates": [ [ [ 4564735.285275404341519, 4598990.016450528055429 ], [ 4564731.319176397286355, 4598988.962948055006564 ], [ 4564705.920424720272422, 4598981.849409419111907 ], [ 4564693.772939195856452, 4598979.397130232304335 ], [ 4564690.360045427456498, 4598978.327266143634915 ], [ 4564679.258328521624207, 4598972.878937853500247 ], [ 4564670.099106456153095, 4598966.445127393119037 ], [ 4564667.564034636132419, 4598964.467592679895461 ], [ 4564666.320908651687205, 4598962.808143934234977 ], [ 4564665.446892080828547, 4598958.078117240220308 ], [ 4564665.041343662887812, 4598947.562630600295961 ], [ 4564665.544268097728491, 4598916.925000515766442 ] ] ] } },
{ "type": "Feature", "properties": { "fid": 100, "OBJECTID": 101, "TIP": 1, "AD": "402", "SHAPE_Leng": 167.29412116099999, "DÜZENLENE": null }, "geometry": { "type": "MultiLineString", "coordinates": [ [ [ 4564683.657008877955377, 4599187.675760408863425 ], [ 4564679.826815735548735, 4599185.071506178937852 ], [ 4564668.835093028843403, 4599178.573958616703749 ], [ 4564665.541399260982871, 4599176.144064577296376 ], [ 4564661.085475830361247, 4599171.891653252765536 ], [ 4564656.879346109926701, 4599167.034348661080003 ], [ 4564656.317923370748758, 4599166.415577035397291 ], [ 4564652.408714334480464, 4599161.320045501925051 ], [ 4564647.222389975562692, 4599153.736051255837083 ], [ 4564646.520756457000971, 4599152.773162128403783 ], [ 4564637.673055071383715, 4599141.183549297973514 ], [ 4564634.374627590179443, 4599137.076214528642595 ], [ 4564631.290729899890721, 4599131.138791440054774 ], [ 4564629.091721637174487, 4599124.981106894090772 ], [ 4564627.061475955881178, 4599118.063862391747534 ], [ 4564622.274559603072703, 4599103.553256651386619 ], [ 4564620.925350708886981, 4599099.04830081295222 ], [ 4564618.533238127827644, 4599094.040336711332202 ], [ 4564613.763178643770516, 4599087.802190623246133 ], [ 4564608.911246987059712, 4599083.994663590565324 ], [ 4564605.356556386686862, 4599081.965532881207764 ], [ 4564601.533841126598418, 4599078.974558611400425 ], [ 4564598.404378992505372, 4599075.2775335079059 ], [ 4564594.671065375208855, 4599070.069455753080547 ], [ 4564589.879389025270939, 4599062.749125919304788 ], [ 4564585.980543971061707, 4599055.530410609208047 ], [ 4564582.372209374792874, 4599045.186069974675775 ], [ 4564580.727825070731342, 4599035.218050394207239 ], [ 4564580.119623200036585, 4599027.76512932870537 ], [ 4564580.522880852222443, 4599021.702349702827632 ], [ 4564583.275677382946014, 4599012.453841496258974 ] ] ] } },
{ "type": "Feature", "properties": { "fid": 101, "OBJECTID": 102, "TIP": 2, "AD": "DEĞİRMEN", "SHAPE_Leng": 43.715420909599999, "DÜZENLENE": null }, "geometry": { "type": "MultiLineString", "coordinates": [ [ [ 4564528.660508760251105, 4598868.62384179700166 ], [ 4564512.853669830597937, 4598845.894514082930982 ], [ 4564499.01491731684655, 4598821.590742519125342 ] ] ] } },
{ "type": "Feature", "properties": { "fid": 102, "OBJECTID": 103, "TIP": 2, "AD": "DEĞİRMEN", "SHAPE_Leng": 67.117750666800006, "DÜZENLENE": null }, "geometry": { "type": "MultiLineString", "coordinates": [ [ [ 4564499.01491731684655, 4598821.590742519125342 ], [ 4564490.946457779034972, 4598808.273186013102531 ], [ 4564485.788324649445713, 4598800.120919213630259 ], [ 4564480.073596134781837, 4598792.693770079873502 ], [ 4564449.960677153430879, 4598751.731755662709475 ] ] ] } },
{ "type": "Feature", "properties": { "fid": 103, "OBJECTID": 104, "TIP": 2, "AD": "DEĞİRMEN", "SHAPE_Leng": 151.95377848699999, "DÜZENLENE": null }, "geometry": { "type": "MultiLineString", "coordinates": [ [ [ 4564449.960677153430879, 4598751.731755662709475 ], [ 4564436.798872367478907, 4598737.314603020437062 ], [ 4564435.622261000797153, 4598737.499225178733468 ], [ 4564417.770633809268475, 4598717.029337326996028 ], [ 4564412.248683815822005, 4598710.568586085923016 ], [ 4564403.132030603475869, 4598698.338344804011285 ], [ 4564393.427436619997025, 4598685.658336303196847 ], [ 4564385.268838562071323, 4598675.452855570241809 ], [ 4564380.24398482684046, 4598669.831286387518048 ], [ 4564371.584008199162781, 4598659.7887720214203 ], [ 4564365.567447816953063, 4598653.154663777910173 ], [ 4564354.923033314757049, 4598642.610043574124575 ], [ 4564337.469004632905126, 4598627.698507172986865 ], [ 4564335.806183990091085, 4598626.124405288137496 ], [ 4564318.418754965998232, 4598611.603561882860959 ] ] ] } },
{ "type": "Feature", "properties": { "fid": 104, "OBJECTID": 105, "TIP": 1, "AD": "991", "SHAPE_Leng": 89.772598081799998, "DÜZENLENE": null }, "geometry": { "type": "MultiLineString", "coordinates": [ [ [ 4566056.389462779276073, 4600360.889743427745998 ], [ 4566064.714403421618044, 4600355.852244549430907 ], [ 4566083.572739122435451, 4600347.568255751393735 ], [ 4566109.305164032615721, 4600333.511472257785499 ], [ 4566126.466037053614855, 4600324.42119562625885 ], [ 4566158.018334086984396, 4600309.292546568438411 ] ] ] } },
{ "type": "Feature", "properties": { "fid": 105, "OBJECTID": 106, "TIP": 1, "AD": "954", "SHAPE_Leng": 75.881819654400005, "DÜZENLENE": null }, "geometry": { "type": "MultiLineString", "coordinates": [ [ [ 4566074.91096678096801, 4600111.700683543458581 ], [ 4566078.356132755056024, 4600124.542308962903917 ], [ 4566093.526416106149554, 4600167.257367536425591 ], [ 4566109.258702689781785, 4600201.905932947993279 ] ] ] } },
{ "type": "Feature", "properties": { "fid": 106, "OBJECTID": 107, "TIP": 1, "AD": "991", "SHAPE_Leng": 108.930408679, "DÜZENLENE": null }, "geometry": { "type": "MultiLineString", "coordinates": [ [ [ 4565929.200430639088154, 4600415.163357130251825 ], [ 4565969.517945318482816, 4600400.356302981264889 ], [ 4566039.132263191975653, 4600368.229967795312405 ], [ 4566056.389462779276073, 4600360.889743427745998 ] ] ] } },
{ "type": "Feature", "properties": { "fid": 107, "OBJECTID": 108, "TIP": 1, "AD": "944", "SHAPE_Leng": 118.658911555, "DÜZENLENE": null }, "geometry": { "type": "MultiLineString", "coordinates": [ [ [ 4565870.94875938910991, 4600075.807983540929854 ], [ 4565871.521343297325075, 4600066.87891810759902 ], [ 4565867.961850485764444, 4600045.231107686646283 ], [ 4565862.881172369234264, 4600021.592443395406008 ], [ 4565861.780391124077141, 4600014.194669393822551 ], [ 4565859.339236574247479, 4600000.753980970941484 ], [ 4565857.088003842160106, 4599977.45846498105675 ], [ 4565851.849587667733431, 4599946.536658819764853 ], [ 4565850.766448619775474, 4599910.418179984204471 ] ] ] } },
{ "type": "Feature", "properties": { "fid": 108, "OBJECTID": 109, "TIP": 2, "AD": "BEYAZIT", "SHAPE_Leng": 59.823698450800002, "DÜZENLENE": null }, "geometry": { "type": "MultiLineString", "coordinates": [ [ [ 4565233.582558419555426, 4599765.112752506509423 ], [ 4565234.819874016568065, 4599765.747413628734648 ], [ 4565246.465185842476785, 4599771.720862017013133 ], [ 4565252.000172168947756, 4599775.312265738844872 ], [ 4565261.683559288270772, 4599797.140201115980744 ], [ 4565272.616848584264517, 4599826.363650665618479 ] ] ] } },
{ "type": "Feature", "properties": { "fid": 109, "OBJECTID": 110, "TIP": 2, "AD": "BEYAZIT", "SHAPE_Leng": 59.973115914799997, "DÜZENLENE": null }, "geometry": { "type": "MultiLineString", "coordinates": [ [ [ 4565272.616848584264517, 4599826.363650665618479 ], [ 4565278.569859516806901, 4599847.936549101956189 ], [ 4565287.13116176892072, 4599871.027077063918114 ], [ 4565295.244472132995725, 4599899.300132209435105 ] ] ] } },
{ "type": "Feature", "properties": { "fid": 110, "OBJECTID": 111, "TIP": 1, "AD": "948", "SHAPE_Leng": 203.65538363499999, "DÜZENLENE": null }, "geometry": { "type": "MultiLineString", "coordinates": [ [ [ 4565837.670942411758006, 4600172.678977776318789 ], [ 4565838.287194447591901, 4600175.848168402910233 ], [ 4565843.553908708505332, 4600191.521473123691976 ], [ 4565849.432796089909971, 4600212.714133872650564 ], [ 4565859.626475275494158, 4600238.715601194649935 ], [ 4565874.975152268074453, 4600279.358399359509349 ], [ 4565887.235421156510711, 4600315.975428074598312 ], [ 4565904.442035625688732, 4600359.926625237800181 ], [ 4565929.200430639088154, 4600415.163357130251825 ] ] ] } },
{ "type": "Feature", "properties": { "fid": 111, "OBJECTID": 112, "TIP": 1, "AD": "923", "SHAPE_Leng": 59.447527364499997, "DÜZENLENE": null }, "geometry": { "type": "MultiLineString", "coordinates": [ [ [ 4565765.063633860088885, 4600186.883191286586225 ], [ 4565768.277778477407992, 4600183.950187175534666 ], [ 4565788.985351864248514, 4600178.325413340702653 ], [ 4565807.682988509535789, 4600172.969515989534557 ], [ 4565813.990781154483557, 4600171.481310829520226 ], [ 4565821.988567290827632, 4600171.645139540545642 ], [ 4565831.755853014066815, 4600172.78132070787251 ], [ 4565837.670942411758006, 4600172.678977776318789 ] ] ] } },
{ "type": "Feature", "properties": { "fid": 112, "OBJECTID": 113, "TIP": 1, "AD": "936", "SHAPE_Leng": 31.776975107399998, "DÜZENLENE": null }, "geometry": { "type": "MultiLineString", "coordinates": [ [ [ 4565301.859846594743431, 4599692.408948115073144 ], [ 4565315.142021686770022, 4599707.460769099183381 ], [ 4565331.084515566937625, 4599720.096687851473689 ] ] ] } },
{ "type": "Feature", "properties": { "fid": 113, "OBJECTID": 114, "TIP": 1, "AD": "109/1", "SHAPE_Leng": 119.121638035, "DÜZENLENE": null }, "geometry": { "type": "MultiLineString", "coordinates": [ [ [ 4564276.408420622348785, 4599617.545598990283906 ], [ 4564264.508073304779828, 4599621.305141694843769 ], [ 4564261.990960358642042, 4599622.978923643007874 ], [ 4564257.771178986877203, 4599626.713641597889364 ], [ 4564255.294649030081928, 4599630.275684516876936 ], [ 4564252.825865542516112, 4599640.05833091866225 ], [ 4564254.376921105198562, 4599672.802682612091303 ], [ 4564264.799745610915124, 4599719.705783676356077 ], [ 4564275.416745504364371, 4599753.422285516746342 ] ] ] } },
{ "type": "Feature", "properties": { "fid": 114, "OBJECTID": 115, "TIP": 1, "AD": "966", "SHAPE_Leng": 160.501054423, "DÜZENLENE": null }, "geometry": { "type": "MultiLineString", "coordinates": [ [ [ 4566102.790878041647375, 4600114.599811661057174 ], [ 4566080.991586158983409, 4599961.599410062655807 ], [ 4566079.351964795030653, 4599911.590320575982332 ] ] ] } },
{ "type": "Feature", "properties": { "fid": 115, "OBJECTID": 117, "TIP": 1, "AD": "411", "SHAPE_Leng": 104.095119787, "DÜZENLENE": null }, "geometry": { "type": "MultiLineString", "coordinates": [ [ [ 4564567.312708217650652, 4598691.708149454556406 ], [ 4564526.108112119138241, 4598708.550951115787029 ], [ 4564499.343529834412038, 4598723.810723323374987 ], [ 4564472.801780956797302, 4598741.459572861902416 ], [ 4564449.960677153430879, 4598751.731755662709475 ] ] ] } },
{ "type": "Feature", "properties": { "fid": 116, "OBJECTID": 118, "TIP": 2, "AD": "DEĞİRMEN", "SHAPE_Leng": 70.389681947699998, "DÜZENLENE": null }, "geometry": { "type": "MultiLineString", "coordinates": [ [ [ 4564746.237409614957869, 4598955.184143547900021 ], [ 4564730.818116074427962, 4598946.810694633983076 ], [ 4564694.680898881517351, 4598928.435761779546738 ], [ 4564665.544268097728491, 4598916.925000515766442 ] ] ] } },
{ "type": "Feature", "properties": { "fid": 117, "OBJECTID": 119, "TIP": 2, "AD": "CENANLAR", "SHAPE_Leng": 19.503888166900001, "DÜZENLENE": null }, "geometry": { "type": "MultiLineString", "coordinates": [ [ [ 4565126.762183548882604, 4600506.095100234262645 ], [ 4565143.420067989267409, 4600524.49030237365514 ] ] ] } },
{ "type": "Feature", "properties": { "fid": 118, "OBJECTID": 120, "TIP": 2, "AD": "HASAN YILMAZ", "SHAPE_Leng": 19.3581856102, "DÜZENLENE": null }, "geometry": { "type": "MultiLineString", "coordinates": [ [ [ 4564901.904299470596015, 4598186.405693992972374 ], [ 4564901.943185890093446, 4598183.473945049569011 ], [ 4564905.913329978473485, 4598171.704600008204579 ], [ 4564908.88898712489754, 4598162.883059312589467 ] ] ] } },
{ "type": "Feature", "properties": { "fid": 119, "OBJECTID": 121, "TIP": 2, "AD": "TEKEL", "SHAPE_Leng": 52.457766338200003, "DÜZENLENE": null }, "geometry": { "type": "MultiLineString", "coordinates": [ [ [ 4564800.180626083165407, 4598789.672493094578385 ], [ 4564807.677545095793903, 4598774.899531185626984 ], [ 4564812.29659553989768, 4598765.797410561703146 ], [ 4564827.216594227589667, 4598728.63898541033268 ] ] ] } },
{ "type": "Feature", "properties": { "fid": 120, "OBJECTID": 122, "TIP": 2, "AD": "CENANLAR", "SHAPE_Leng": 35.036190650899997, "DÜZENLENE": null }, "geometry": { "type": "MultiLineString", "coordinates": [ [ [ 4565143.420067989267409, 4600524.49030237365514 ], [ 4565154.664205986075103, 4600541.114029861986637 ], [ 4565168.737423182465136, 4600561.211012555286288 ] ] ] } },
{ "type": "Feature", "properties": { "fid": 121, "OBJECTID": 123, "TIP": 2, "AD": "CENANLAR", "SHAPE_Leng": 213.56371640500001, "DÜZENLENE": null }, "geometry": { "type": "MultiLineString", "coordinates": [ [ [ 4565050.506934553384781, 4600260.721144401468337 ], [ 4565043.107137572020292, 4600284.984941008500755 ], [ 4565036.830398105084896, 4600305.498114557005465 ], [ 4565044.039707101881504, 4600346.904245339334011 ], [ 4565052.685929479077458, 4600386.390128000639379 ], [ 4565061.837880267761648, 4600418.173115932382643 ], [ 4565078.050845249556005, 4600447.103738344274461 ], [ 4565095.198702907189727, 4600469.53664671536535 ], [ 4565126.762183548882604, 4600506.095100234262645 ] ] ] } },
{ "type": "Feature", "properties": { "fid": 122, "OBJECTID": 124, "TIP": 1, "AD": "804", "SHAPE_Leng": 107.43391174600001, "DÜZENLENE": null }, "geometry": { "type": "MultiLineString", "coordinates": [ [ [ 4565050.506934553384781, 4600260.721144401468337 ], [ 4565054.691716445609927, 4600265.819090942852199 ], [ 4565060.093823466449976, 4600269.633731144480407 ], [ 4565062.105652858503163, 4600273.106835071928799 ], [ 4565067.084642577916384, 4600275.91330824047327 ], [ 4565072.724003215320408, 4600280.507201219908893 ], [ 4565082.249659611843526, 4600288.504474068060517 ], [ 4565085.758074698969722, 4600291.666801362298429 ], [ 4565086.965794474817812, 4600292.828118512406945 ], [ 4565087.759813797660172, 4600294.754038109444082 ], [ 4565087.159491695463657, 4600297.044487760402262 ], [ 4565082.138743530958891, 4600303.296845101751387 ], [ 4565081.64107874315232, 4600305.142870905809104 ], [ 4565082.098885773681104, 4600306.428375461138785 ], [ 4565113.506527411751449, 4600350.336640929803252 ], [ 4565122.779485832899809, 4600365.701682965271175 ] ] ] } },
{ "type": "Feature", "properties": { "fid": 123, "OBJECTID": 125, "TIP": 1, "AD": "209", "SHAPE_Leng": 72.528102431299999, "DÜZENLENE": null }, "geometry": { "type": "MultiLineString", "coordinates": [ [ [ 4564938.292388397268951, 4599831.276217537000775 ], [ 4564926.339031305164099, 4599833.118489948101342 ], [ 4564896.362266577780247, 4599840.352846675552428 ], [ 4564872.503227812238038, 4599846.268913716077805 ], [ 4564855.430292312987149, 4599849.068851832300425 ], [ 4564848.187441932968795, 4599849.698643487878144 ] ] ] } },
{ "type": "Feature", "properties": { "fid": 124, "OBJECTID": 126, "TIP": 2, "AD": "TEKEL", "SHAPE_Leng": 178.85398389599999, "DÜZENLENE": null }, "geometry": { "type": "MultiLineString", "coordinates": [ [ [ 4564844.40612115431577, 4598709.511028580367565 ], [ 4564856.20779912546277, 4598702.238618728704751 ], [ 4564898.296232649125159, 4598672.58521743491292 ], [ 4564926.977220553904772, 4598650.509112161584198 ], [ 4564943.74556378275156, 4598636.787281705997884 ], [ 4564974.003565323539078, 4598606.851263660937548 ], [ 4565005.613187325187027, 4598577.290622734464705 ], [ 4565020.720388229005039, 4598566.897186133079231 ] ] ] } },
{ "type": "Feature", "properties": { "fid": 125, "OBJECTID": 127, "TIP": 2, "AD": "TEKEL", "SHAPE_Leng": 20.214515093399999, "DÜZENLENE": null }, "geometry": { "type": "MultiLineString", "coordinates": [ [ [ 4564827.216594227589667, 4598728.63898541033268 ], [ 4564844.40612115431577, 4598709.511028580367565 ] ] ] } },
{ "type": "Feature", "properties": { "fid": 126, "OBJECTID": 128, "TIP": 2, "AD": "TEKEL", "SHAPE_Leng": 30.623290214000001, "DÜZENLENE": null }, "geometry": { "type": "MultiLineString", "coordinates": [ [ [ 4564780.963028299622238, 4598851.885805570520461 ], [ 4564792.251287213526666, 4598814.535987939685583 ] ] ] } },
{ "type": "Feature", "properties": { "fid": 127, "OBJECTID": 129, "TIP": 2, "AD": "TEKEL", "SHAPE_Leng": 18.075483586200001, "DÜZENLENE": null }, "geometry": { "type": "MultiLineString", "coordinates": [ [ [ 4564774.587130860425532, 4598874.017134281806648 ], [ 4564780.963028299622238, 4598851.885805570520461 ] ] ] } },
{ "type": "Feature", "properties": { "fid": 128, "OBJECTID": 130, "TIP": 2, "AD": "TEKEL", "SHAPE_Leng": 67.499324227700001, "DÜZENLENE": null }, "geometry": { "type": "MultiLineString", "coordinates": [ [ [ 4564746.237409614957869, 4598955.184143547900021 ], [ 4564750.068994275294244, 4598945.925863397307694 ], [ 4564763.197075474075973, 4598906.646897512488067 ], [ 4564774.587130860425532, 4598874.017134281806648 ] ] ] } },
{ "type": "Feature", "properties": { "fid": 129, "OBJECTID": 131, "TIP": 1, "AD": "234", "SHAPE_Leng": 36.2722119771, "DÜZENLENE": null }, "geometry": { "type": "MultiLineString", "coordinates": [ [ [ 4565125.269198854453862, 4599717.841122018173337 ], [ 4565119.919405520893633, 4599704.346102179959416 ], [ 4565118.647276773117483, 4599700.537973708473146 ], [ 4565110.059049778617918, 4599679.476765185594559 ], [ 4565106.600907607935369, 4599675.969288769178092 ] ] ] } },
{ "type": "Feature", "properties": { "fid": 130, "OBJECTID": 132, "TIP": 1, "AD": "236", "SHAPE_Leng": 23.098516656099999, "DÜZENLENE": null }, "geometry": { "type": "MultiLineString", "coordinates": [ [ [ 4565148.133675821125507, 4599710.85696376580745 ], [ 4565145.392455216497183, 4599699.445144972763956 ], [ 4565144.144131354056299, 4599692.551285848021507 ], [ 4565144.188174765557051, 4599688.367218409664929 ], [ 4565145.33878337778151, 4599685.643541974015534 ], [ 4565148.251422919332981, 4599683.623566749505699 ] ] ] } },
{ "type": "Feature", "properties": { "fid": 131, "OBJECTID": 133, "TIP": 1, "AD": "215", "SHAPE_Leng": 18.826940166, "DÜZENLENE": null }, "geometry": { "type": "MultiLineString", "coordinates": [ [ [ 4565148.133675821125507, 4599710.85696376580745 ], [ 4565125.269198854453862, 4599717.841122018173337 ] ] ] } },
{ "type": "Feature", "properties": { "fid": 132, "OBJECTID": 134, "TIP": 2, "AD": "DİYARBAKIR", "SHAPE_Leng": 69.325840522899995, "DÜZENLENE": null }, "geometry": { "type": "MultiLineString", "coordinates": [ [ [ 4563851.177857866510749, 4600610.298478062264621 ], [ 4563849.981347737833858, 4600610.578112436458468 ], [ 4563814.187381697818637, 4600620.933906015940011 ], [ 4563766.353165617212653, 4600633.844180466607213 ] ] ] } },
{ "type": "Feature", "properties": { "fid": 133, "OBJECTID": 135, "TIP": 1, "AD": "666", "SHAPE_Leng": 309.14536373599998, "DÜZENLENE": null }, "geometry": { "type": "MultiLineString", "coordinates": [ [ [ 4563215.676608514040709, 4599953.578082132153213 ], [ 4563227.283093485049903, 4599966.171392006799579 ], [ 4563249.69018816947937, 4600014.806369165889919 ], [ 4563262.717158168554306, 4600045.831549999304116 ], [ 4563273.892563833855093, 4600078.246389091946185 ], [ 4563281.907765222713351, 4600126.247687216848135 ], [ 4563288.701093912124634, 4600167.393612775020301 ], [ 4563288.765692986547947, 4600201.802804632112384 ], [ 4563281.321288049221039, 4600230.706400374881923 ], [ 4563269.542242363095284, 4600264.291790826246142 ], [ 4563259.627988661639392, 4600290.819844041951001 ], [ 4563255.817246983759105, 4600327.399845656938851 ] ] ] } },
{ "type": "Feature", "properties": { "fid": 134, "OBJECTID": 136, "TIP": 1, "AD": "106", "SHAPE_Leng": 82.808736297400003, "DÜZENLENE": null }, "geometry": { "type": "MultiLineString", "coordinates": [ [ [ 4564276.408420622348785, 4599617.545598990283906 ], [ 4564279.895035200752318, 4599643.702661363407969 ], [ 4564283.097346086986363, 4599661.399783760309219 ], [ 4564290.014082415029407, 4599683.10951514262706 ], [ 4564293.082953962497413, 4599703.085324978455901 ], [ 4564299.190376738086343, 4599720.191592900082469 ] ] ] } },
{ "type": "Feature", "properties": { "fid": 135, "OBJECTID": 137, "TIP": 1, "AD": "109", "SHAPE_Leng": 68.525395461499997, "DÜZENLENE": null }, "geometry": { "type": "MultiLineString", "coordinates": [ [ [ 4564275.416745504364371, 4599753.422285516746342 ], [ 4564257.372278919443488, 4599757.365535942837596 ], [ 4564228.684855445288122, 4599773.1003327537328 ], [ 4564200.900016406551003, 4599795.820889474824071 ] ] ] } },
{ "type": "Feature", "properties": { "fid": 136, "OBJECTID": 138, "TIP": 1, "AD": "522", "SHAPE_Leng": 12.688300351500001, "DÜZENLENE": null }, "geometry": { "type": "MultiLineString", "coordinates": [ [ [ 4564392.235473267734051, 4599314.148330100812018 ], [ 4564386.710569338873029, 4599298.956586599349976 ] ] ] } },
{ "type": "Feature", "properties": { "fid": 137, "OBJECTID": 139, "TIP": 1, "AD": "925", "SHAPE_Leng": 65.227534211199995, "DÜZENLENE": null }, "geometry": { "type": "MultiLineString", "coordinates": [ [ [ 4565479.580852409824729, 4600358.96809901855886 ], [ 4565484.982146287336946, 4600358.141821541823447 ], [ 4565515.321956705302, 4600338.048475853167474 ], [ 4565552.155581341125071, 4600319.972573016770184 ] ] ] } },
{ "type": "Feature", "properties": { "fid": 138, "OBJECTID": 140, "TIP": 1, "AD": "725", "SHAPE_Leng": 377.85109588400002, "DÜZENLENE": null }, "geometry": { "type": "MultiLineString", "coordinates": [ [ [ 4564376.810071921907365, 4600875.702904210425913 ], [ 4564343.10385466273874, 4600883.442049896344543 ], [ 4564338.451610723510385, 4600885.837160729803145 ], [ 4564299.9900560118258, 4600903.405148215591908 ], [ 4564275.677491219714284, 4600916.482939241454005 ], [ 4564243.935141391120851, 4600934.040009999647737 ], [ 4564218.857040303759277, 4600949.023553371429443 ], [ 4564188.358126574195921, 4600968.173121982254088 ], [ 4564168.411495867185295, 4600978.052164560183883 ], [ 4564140.920043187215924, 4600980.807053085416555 ], [ 4564123.649373459629714, 4600983.880339671857655 ], [ 4564078.295632851310074, 4600999.707725547254086 ], [ 4564043.91049181483686, 4601013.138051400892437 ], [ 4564004.695256873033941, 4601026.942819812335074 ], [ 4563952.524979043751955, 4601044.536767489276826 ], [ 4563934.240509404800832, 4601052.080723973922431 ] ] ] } },
{ "type": "Feature", "properties": { "fid": 139, "OBJECTID": 141, "TIP": 2, "AD": "ESKİBİTLİS", "SHAPE_Leng": 26.818216144299999, "DÜZENLENE": null }, "geometry": { "type": "MultiLineString", "coordinates": [ [ [ 4565133.19727430306375, 4599351.045604174025357 ], [ 4565125.895777403376997, 4599337.359825800172985 ], [ 4565115.990528757683933, 4599321.57452280074358 ] ] ] } },
{ "type": "Feature", "properties": { "fid": 140, "OBJECTID": 142, "TIP": 1, "AD": "520", "SHAPE_Leng": 11.0602450624, "DÜZENLENE": null }, "geometry": { "type": "MultiLineString", "coordinates": [ [ [ 4564497.441495400853455, 4599479.445975624024868 ], [ 4564495.951788803562522, 4599470.960268074646592 ], [ 4564495.770428093150258, 4599465.481737781316042 ] ] ] } },
{ "type": "Feature", "properties": { "fid": 141, "OBJECTID": 143, "TIP": 1, "AD": "114", "SHAPE_Leng": 100.566258449, "DÜZENLENE": null }, "geometry": { "type": "MultiLineString", "coordinates": [ [ [ 4564587.608140872791409, 4599862.993791608139873 ], [ 4564590.578654401935637, 4599867.712897093035281 ], [ 4564591.578751781955361, 4599884.207692012190819 ], [ 4564591.477943797595799, 4599896.364457480609417 ], [ 4564590.003636877052486, 4599910.583809208124876 ], [ 4564590.069701404310763, 4599919.893184334971011 ], [ 4564589.952300801873207, 4599934.240196415223181 ], [ 4564598.714723538607359, 4599949.55359354801476 ], [ 4564604.590257758274674, 4599960.311161300167441 ], [ 4564609.205574440769851, 4599978.581504760310054 ], [ 4564610.600338988937438, 4599985.639471394941211 ] ] ] } },
{ "type": "Feature", "properties": { "fid": 142, "OBJECTID": 144, "TIP": 1, "AD": "214", "SHAPE_Leng": 82.899420852199995, "DÜZENLENE": null }, "geometry": { "type": "MultiLineString", "coordinates": [ [ [ 4565007.874248835258186, 4600122.387240673415363 ], [ 4565001.255695085041225, 4600118.767002988606691 ], [ 4564988.195535258390009, 4600108.255636082030833 ], [ 4564973.228484286926687, 4600099.674951979890466 ], [ 4564972.512134382501245, 4600094.495257928036153 ], [ 4564969.303277586586773, 4600092.136085495352745 ], [ 4564961.803708055987954, 4600087.103887696750462 ], [ 4564944.438259476795793, 4600076.34873222745955 ], [ 4564932.746066614054143, 4600066.954615064896643 ], [ 4564924.179005296900868, 4600061.495777221396565 ] ] ] } },
{ "type": "Feature", "properties": { "fid": 143, "OBJECTID": 145, "TIP": 1, "AD": "507", "SHAPE_Leng": 50.327755819099998, "DÜZENLENE": null }, "geometry": { "type": "MultiLineString", "coordinates": [ [ [ 4564497.441495400853455, 4599479.445975624024868 ], [ 4564494.844846245832741, 4599479.101591597311199 ], [ 4564482.755291326902807, 4599485.516089756041765 ], [ 4564471.08383140899241, 4599492.650915426202118 ], [ 4564464.575868646614254, 4599496.244956413283944 ], [ 4564459.231661329977214, 4599497.63062553294003 ], [ 4564452.039796194992959, 4599500.620372302830219 ], [ 4564444.827613332308829, 4599502.665805426426232 ], [ 4564439.21450296510011, 4599503.680545218288898 ] ] ] } },
{ "type": "Feature", "properties": { "fid": 144, "OBJECTID": 146, "TIP": 1, "AD": "1150", "SHAPE_Leng": 51.517540930800003, "DÜZENLENE": null }, "geometry": { "type": "MultiLineString", "coordinates": [ [ [ 4568328.967562966048717, 4598624.859435594640672 ], [ 4568340.081473254598677, 4598646.651442437432706 ], [ 4568349.019861064851284, 4598666.242898081429303 ], [ 4568354.780453501269221, 4598683.880545574240386 ], [ 4568355.13822946883738, 4598684.884633699432015 ] ] ] } },
{ "type": "Feature", "properties": { "fid": 145, "OBJECTID": 147, "TIP": 1, "AD": "1148", "SHAPE_Leng": 63.3335487294, "DÜZENLENE": null }, "geometry": { "type": "MultiLineString", "coordinates": [ [ [ 4568328.967562966048717, 4598624.859435594640672 ], [ 4568314.66468345746398, 4598646.650082606822252 ], [ 4568307.165071408264339, 4598651.875206147320569 ], [ 4568301.894047650508583, 4598655.7950398940593 ], [ 4568308.466365600004792, 4598676.765371453948319 ], [ 4568311.155192860402167, 4598693.434886319562793 ] ] ] } },
{ "type": "Feature", "properties": { "fid": 146, "OBJECTID": 148, "TIP": 2, "AD": "CENANLAR", "SHAPE_Leng": 62.49433264, "DÜZENLENE": null }, "geometry": { "type": "MultiLineString", "coordinates": [ [ [ 4565068.813242134638131, 4600169.487414870411158 ], [ 4565067.660860025323927, 4600177.305701055563986 ], [ 4565058.662600569427013, 4600231.631577400490642 ], [ 4565054.74302935320884, 4600247.849990511313081 ] ] ] } },
{ "type": "Feature", "properties": { "fid": 147, "OBJECTID": 149, "TIP": 1, "AD": "1109", "SHAPE_Leng": 60.776326894100002, "DÜZENLENE": null }, "geometry": { "type": "MultiLineString", "coordinates": [ [ [ 4567202.249226782470942, 4598526.947656525298953 ], [ 4567212.814534144476056, 4598522.067346225492656 ], [ 4567255.365113977342844, 4598505.751880035735667 ], [ 4567273.633262074552476, 4598497.667850420810282 ] ] ] } },
{ "type": "Feature", "properties": { "fid": 148, "OBJECTID": 150, "TIP": 1, "AD": "207", "SHAPE_Leng": 17.518786011700001, "DÜZENLENE": null }, "geometry": { "type": "MultiLineString", "coordinates": [ [ [ 4564904.04869476146996, 4600077.477208552882075 ], [ 4564896.752162739634514, 4600085.366362468339503 ], [ 4564894.731811496429145, 4600088.891767791472375 ], [ 4564890.466708603315055, 4600095.045751565136015 ] ] ] } },
{ "type": "Feature", "properties": { "fid": 149, "OBJECTID": 151, "TIP": 2, "AD": "MİLLİ EGEMENLİK", "SHAPE_Leng": 51.625721889300003, "DÜZENLENE": null }, "geometry": { "type": "MultiLineString", "coordinates": [ [ [ 4564821.645754474215209, 4598637.429774094372988 ], [ 4564821.836915830150247, 4598633.827711158432066 ], [ 4564821.007629979401827, 4598616.12582830991596 ], [ 4564819.969393795356154, 4598605.354551941156387 ], [ 4564817.586636946536601, 4598590.384949549101293 ], [ 4564814.033677242696285, 4598572.242311998270452 ] ] ] } },
{ "type": "Feature", "properties": { "fid": 150, "OBJECTID": 152, "TIP": 1, "AD": "404", "SHAPE_Leng": 31.903321134399999, "DÜZENLENE": null }, "geometry": { "type": "MultiLineString", "coordinates": [ [ [ 4564714.364145509898663, 4599053.698927127756178 ], [ 4564698.701678759418428, 4599050.894853146746755 ], [ 4564683.427637504413724, 4599047.821475401520729 ], [ 4564680.986065230332315, 4599039.11407152377069 ] ] ] } },
{ "type": "Feature", "properties": { "fid": 151, "OBJECTID": 153, "TIP": 2, "AD": "SİTE", "SHAPE_Leng": 321.08711138000001, "DÜZENLENE": null }, "geometry": { "type": "MultiLineString", "coordinates": [ [ [ 4564620.878557960502803, 4598438.954521087929606 ], [ 4564619.235366804525256, 4598434.282216235995293 ], [ 4564618.381844266317785, 4598431.256051586009562 ], [ 4564617.520676627755165, 4598426.801218640059233 ], [ 4564617.168361092917621, 4598424.948371535167098 ], [ 4564616.209062089212239, 4598418.270065864548087 ], [ 4564615.778938271105289, 4598414.406584311276674 ], [ 4564614.157052651047707, 4598402.106505260802805 ], [ 4564613.381804303266108, 4598397.019033037126064 ], [ 4564613.14513686299324, 4598395.419412159360945 ], [ 4564611.935789488255978, 4598387.604813981801271 ], [ 4564606.849444362334907, 4598344.00596066005528 ], [ 4564604.809712777845562, 4598327.497151735238731 ], [ 4564603.574648467823863, 4598315.05402933806181 ], [ 4564602.627728618681431, 4598303.440694970078766 ], [ 4564599.066289074718952, 4598284.221055829897523 ], [ 4564596.698077647015452, 4598273.029203495010734 ], [ 4564593.935618469491601, 4598260.566004326567054 ], [ 4564593.194720259867609, 4598256.041321611963212 ], [ 4564592.50515028834343, 4598250.090922893956304 ], [ 4564591.284745430573821, 4598241.359825509600341 ], [ 4564590.281123847700655, 4598237.062287057749927 ], [ 4564587.47785731870681, 4598225.568997708149254 ], [ 4564584.52225783560425, 4598216.164103597402573 ], [ 4564581.016602977178991, 4598207.28515587747097 ], [ 4564574.284908042289317, 4598186.40290935523808 ], [ 4564565.329805308952928, 4598165.68507883977145 ], [ 4564561.70637926645577, 4598153.396332948468626 ], [ 4564555.267975228838623, 4598124.75385451503098 ], [ 4564550.774917624890804, 4598103.264695976860821 ], [ 4564544.708942544646561, 4598091.928506562486291 ], [ 4564525.708260770887136, 4598069.833114418201149 ], [ 4564507.55519234854728, 4598056.212629873305559 ] ] ] } },
{ "type": "Feature", "properties": { "fid": 152, "OBJECTID": 154, "TIP": 1, "AD": "418", "SHAPE_Leng": 70.454386950300005, "DÜZENLENE": null }, "geometry": { "type": "MultiLineString", "coordinates": [ [ [ 4564620.878557960502803, 4598438.954521087929606 ], [ 4564634.69814519956708, 4598434.589237626641989 ], [ 4564653.308079377748072, 4598427.994673232547939 ], [ 4564706.093536049127579, 4598411.773262648843229 ] ] ] } },
{ "type": "Feature", "properties": { "fid": 153, "OBJECTID": 155, "TIP": 1, "AD": "424", "SHAPE_Leng": 50.637344721799998, "DÜZENLENE": null }, "geometry": { "type": "MultiLineString", "coordinates": [ [ [ 4564655.441967284306884, 4598840.136633622460067 ], [ 4564646.273252284154296, 4598834.317199869081378 ], [ 4564639.062540334649384, 4598829.059424855746329 ], [ 4564601.051207561977208, 4598805.794057917781174 ] ] ] } },
{ "type": "Feature", "properties": { "fid": 154, "OBJECTID": 156, "TIP": 1, "AD": "405", "SHAPE_Leng": 88.270976423899995, "DÜZENLENE": null }, "geometry": { "type": "MultiLineString", "coordinates": [ [ [ 4564613.044210274703801, 4598786.098720372654498 ], [ 4564617.379353757016361, 4598778.367211601696908 ], [ 4564619.712103546597064, 4598773.820594854652882 ], [ 4564619.92056262306869, 4598769.107822033576667 ], [ 4564618.194978201761842, 4598765.092827199026942 ], [ 4564599.694031921215355, 4598739.242036626674235 ], [ 4564585.556449024938047, 4598719.130388327874243 ], [ 4564567.312708217650652, 4598691.708149454556406 ] ] ] } },
{ "type": "Feature", "properties": { "fid": 155, "OBJECTID": 157, "TIP": 1, "AD": "405", "SHAPE_Leng": 18.114111812699999, "DÜZENLENE": null }, "geometry": { "type": "MultiLineString", "coordinates": [ [ [ 4564601.051207561977208, 4598805.794057917781174 ], [ 4564606.348677402362227, 4598797.411989336833358 ], [ 4564613.044210274703801, 4598786.098720372654498 ] ] ] } },
{ "type": "Feature", "properties": { "fid": 156, "OBJECTID": 158, "TIP": 1, "AD": "410", "SHAPE_Leng": 8.6679047571800005, "DÜZENLENE": null }, "geometry": { "type": "MultiLineString", "coordinates": [ [ [ 4564655.441967284306884, 4598840.136633622460067 ], [ 4564655.779403218999505, 4598839.150833684951067 ], [ 4564658.92648031655699, 4598829.6574178757146 ] ] ] } },
{ "type": "Feature", "properties": { "fid": 157, "OBJECTID": 159, "TIP": 2, "AD": "EĞİTİM", "SHAPE_Leng": 43.199456417299999, "DÜZENLENE": null }, "geometry": { "type": "MultiLineString", "coordinates": [ [ [ 4564911.345679790712893, 4600762.952265524305403 ], [ 4564914.265261966735125, 4600768.511687592603266 ], [ 4564924.169228248298168, 4600770.770475568249822 ], [ 4564962.547126103192568, 4600768.804063296876848 ] ] ] } },
{ "type": "Feature", "properties": { "fid": 158, "OBJECTID": 160, "TIP": 1, "AD": "821", "SHAPE_Leng": 160.84996891700001, "DÜZENLENE": null }, "geometry": { "type": "MultiLineString", "coordinates": [ [ [ 4564911.345679790712893, 4600762.952265524305403 ], [ 4564882.324739275500178, 4600766.637203710153699 ], [ 4564850.021040758118033, 4600776.78584923222661 ], [ 4564858.70290660392493, 4600805.476645819842815 ], [ 4564871.903175974264741, 4600856.741104467771947 ], [ 4564875.85520008020103, 4600877.977579914964736 ], [ 4564862.707210632972419, 4600891.488693273626268 ], [ 4564859.325112319551408, 4600896.69042132049799 ], [ 4564866.256774166598916, 4600906.526238670572639 ] ] ] } },
{ "type": "Feature", "properties": { "fid": 159, "OBJECTID": 161, "TIP": 1, "AD": "1135", "SHAPE_Leng": 91.083948787400004, "DÜZENLENE": null }, "geometry": { "type": "MultiLineString", "coordinates": [ [ [ 4568133.274517938494682, 4598863.123103836551309 ], [ 4568132.907655770890415, 4598863.560827733948827 ], [ 4568107.83514525834471, 4598894.696793940849602 ], [ 4568083.729280515573919, 4598918.840262297540903 ], [ 4568058.919514443725348, 4598951.769360090605915 ] ] ] } },
{ "type": "Feature", "properties": { "fid": 160, "OBJECTID": 162, "TIP": 1, "AD": "832", "SHAPE_Leng": 26.291488471499999, "DÜZENLENE": null }, "geometry": { "type": "MultiLineString", "coordinates": [ [ [ 4564411.162807309068739, 4600576.394467426463962 ], [ 4564417.326762958429754, 4600609.334423749707639 ] ] ] } },
{ "type": "Feature", "properties": { "fid": 161, "OBJECTID": 163, "TIP": 1, "AD": "302", "SHAPE_Leng": 18.30047464, "DÜZENLENE": null }, "geometry": { "type": "MultiLineString", "coordinates": [ [ [ 4564912.562369104474783, 4599331.160131915472448 ], [ 4564912.287491496652365, 4599326.501212190836668 ], [ 4564910.924506913870573, 4599317.500539374537766 ], [ 4564909.265907081775367, 4599308.09143337327987 ] ] ] } },
{ "type": "Feature", "properties": { "fid": 162, "OBJECTID": 164, "TIP": 2, "AD": "KEMAL GEÇMEZ", "SHAPE_Leng": 168.068751271, "DÜZENLENE": null }, "geometry": { "type": "MultiLineString", "coordinates": [ [ [ 4561911.522784846834838, 4601426.855763793922961 ], [ 4561867.924642252735794, 4601447.485956846736372 ], [ 4561785.550545286387205, 4601497.613028777763247 ], [ 4561721.937630380503833, 4601524.113051969558001 ] ] ] } },
{ "type": "Feature", "properties": { "fid": 163, "OBJECTID": 165, "TIP": 1, "AD": "511", "SHAPE_Leng": 32.381359239399998, "DÜZENLENE": null }, "geometry": { "type": "MultiLineString", "coordinates": [ [ [ 4564632.602514262311161, 4599383.638087061233819 ], [ 4564627.764656446874142, 4599376.309762799181044 ], [ 4564622.046280792914331, 4599371.068397020921111 ], [ 4564617.464542919769883, 4599368.117028253152966 ], [ 4564604.277636427432299, 4599354.156229336746037 ] ] ] } },
{ "type": "Feature", "properties": { "fid": 164, "OBJECTID": 166, "TIP": 2, "AD": "BEDENDİBİ", "SHAPE_Leng": 54.700138123000002, "DÜZENLENE": null }, "geometry": { "type": "MultiLineString", "coordinates": [ [ [ 4564770.605760123580694, 4599247.751009404659271 ], [ 4564768.298428936861455, 4599248.528479319065809 ], [ 4564729.213498946279287, 4599261.791066694073379 ], [ 4564705.078738925978541, 4599268.819543903693557 ], [ 4564704.488752932287753, 4599268.991340545006096 ] ] ] } },
{ "type": "Feature", "properties": { "fid": 165, "OBJECTID": 167, "TIP": 2, "AD": "ESKİBİTLİS", "SHAPE_Leng": 32.027955371600001, "DÜZENLENE": null }, "geometry": { "type": "MultiLineString", "coordinates": [ [ [ 4564734.337142284028232, 4599125.055671663954854 ], [ 4564722.27391470875591, 4599128.168503164313734 ], [ 4564703.13747785333544, 4599134.925779959186912 ], [ 4564696.033392104320228, 4599138.427476645447314 ] ] ] } },
{ "type": "Feature", "properties": { "fid": 166, "OBJECTID": 168, "TIP": 1, "AD": "742", "SHAPE_Leng": 330.25439666599999, "DÜZENLENE": null }, "geometry": { "type": "MultiLineString", "coordinates": [ [ [ 4561738.443365325219929, 4601148.720738855190575 ], [ 4561789.12452744692564, 4601332.997147939167917 ], [ 4561789.777148246765137, 4601332.67312231939286 ] ] ] } },
{ "type": "Feature", "properties": { "fid": 167, "OBJECTID": 169, "TIP": 2, "AD": "DR.İSMAİL BEŞİKCİ", "SHAPE_Leng": 344.29617513599999, "DÜZENLENE": null }, "geometry": { "type": "MultiLineString", "coordinates": [ [ [ 4562917.276010948233306, 4600362.478601998649538 ], [ 4562890.054005710408092, 4600400.43157084658742 ], [ 4562864.975519587285817, 4600434.303562794812024 ], [ 4562832.498765227384865, 4600493.030354643240571 ], [ 4562793.367531852796674, 4600529.634058230556548 ], [ 4562733.374239139258862, 4600577.347997016273439 ], [ 4562645.625417252071202, 4600640.638466379605234 ], [ 4562616.484065278433263, 4600673.113594926893711 ] ] ] } },
{ "type": "Feature", "properties": { "fid": 168, "OBJECTID": 170, "TIP": 2, "AD": "MİLLİ EGEMENLİK", "SHAPE_Leng": 43.621891196900002, "DÜZENLENE": null }, "geometry": { "type": "MultiLineString", "coordinates": [ [ [ 4564782.515986560843885, 4598198.569672298617661 ], [ 4564779.707742053084075, 4598143.044904892332852 ] ] ] } },
{ "type": "Feature", "properties": { "fid": 169, "OBJECTID": 171, "TIP": 2, "AD": "MİLLİ EGEMENLİK", "SHAPE_Leng": 15.5247668619, "DÜZENLENE": null }, "geometry": { "type": "MultiLineString", "coordinates": [ [ [ 4564779.707742053084075, 4598143.044904892332852 ], [ 4564779.639946633018553, 4598123.258696007542312 ] ] ] } },
{ "type": "Feature", "properties": { "fid": 170, "OBJECTID": 172, "TIP": 2, "AD": "MİLLİ EGEMENLİK", "SHAPE_Leng": 15.0990000004, "DÜZENLENE": null }, "geometry": { "type": "MultiLineString", "coordinates": [ [ [ 4564779.639946633018553, 4598123.258696007542312 ], [ 4564779.225554781034589, 4598104.019545631483197 ] ] ] } },
{ "type": "Feature", "properties": { "fid": 171, "OBJECTID": 173, "TIP": 1, "AD": "626", "SHAPE_Leng": 37.730769067300002, "DÜZENLENE": null }, "geometry": { "type": "MultiLineString", "coordinates": [ [ [ 4563888.371172981336713, 4599856.305975749157369 ], [ 4563842.034742629155517, 4599868.480666991323233 ] ] ] } },
{ "type": "Feature", "properties": { "fid": 172, "OBJECTID": 174, "TIP": 1, "AD": "678", "SHAPE_Leng": 57.913489470800002, "DÜZENLENE": null }, "geometry": { "type": "MultiLineString", "coordinates": [ [ [ 4562860.364988095127046, 4600850.918302987702191 ], [ 4562852.346912074834108, 4600827.186496074311435 ], [ 4562831.382891476154327, 4600783.194091558456421 ] ] ] } },
{ "type": "Feature", "properties": { "fid": 173, "OBJECTID": 175, "TIP": 1, "AD": "420", "SHAPE_Leng": 104.234569439, "DÜZENLENE": null }, "geometry": { "type": "MultiLineString", "coordinates": [ [ [ 4564774.587130860425532, 4598874.017134281806648 ], [ 4564757.75870567932725, 4598867.860830859281123 ], [ 4564756.420799758285284, 4598867.111952411942184 ], [ 4564755.144177713431418, 4598865.966399950906634 ], [ 4564753.492605095729232, 4598864.147053377702832 ], [ 4564752.13974270876497, 4598862.691956588998437 ], [ 4564750.773394123651087, 4598861.606870161369443 ], [ 4564748.137272180989385, 4598860.053684991784394 ], [ 4564746.247230208478868, 4598858.727544327266514 ], [ 4564744.10015637986362, 4598857.174318799749017 ], [ 4564739.741637617349625, 4598854.704286204650998 ], [ 4564732.973309271968901, 4598851.450388272292912 ], [ 4564726.053336991928518, 4598847.610145155340433 ], [ 4564721.855480535887182, 4598845.708404415287077 ], [ 4564719.667973497882485, 4598845.519798949360847 ], [ 4564718.165091715753078, 4598845.923554182983935 ], [ 4564716.994373640045524, 4598846.948104975745082 ], [ 4564715.064523081295192, 4598849.692133532837033 ], [ 4564713.814177371561527, 4598851.470214055851102 ], [ 4564712.528807837516069, 4598852.488585339859128 ], [ 4564710.742526069283485, 4598853.775488422252238 ], [ 4564708.75653466489166, 4598853.582504631020129 ], [ 4564705.741789107210934, 4598852.404826171696186 ], [ 4564696.614220671355724, 4598847.519284042529762 ], [ 4564687.237335665151477, 4598842.233863153494895 ], [ 4564677.222898616455495, 4598837.645489294081926 ], [ 4564669.892061823047698, 4598834.445456290617585 ], [ 4564665.130013487301767, 4598832.596739872358739 ], [ 4564658.92648031655699, 4598829.6574178757146 ] ] ] } },
{ "type": "Feature", "properties": { "fid": 174, "OBJECTID": 176, "TIP": 2, "AD": "MİLLİ EGEMENLİK", "SHAPE_Leng": 132.71374568, "DÜZENLENE": null }, "geometry": { "type": "MultiLineString", "coordinates": [ [ [ 4564812.31415892764926, 4598525.686723112128675 ], [ 4564805.174925966188312, 4598477.096377520821989 ], [ 4564799.242280100472271, 4598441.910818235017359 ], [ 4564790.88566180691123, 4598398.747350640594959 ], [ 4564785.071635087020695, 4598358.797227152623236 ] ] ] } },
{ "type": "Feature", "properties": { "fid": 175, "OBJECTID": 177, "TIP": 2, "AD": "MİLLİ EGEMENLİK", "SHAPE_Leng": 16.365571961600001, "DÜZENLENE": null }, "geometry": { "type": "MultiLineString", "coordinates": [ [ [ 4564780.293348902836442, 4598270.034522511065006 ], [ 4564780.6615871489048, 4598249.179615448229015 ] ] ] } },
{ "type": "Feature", "properties": { "fid": 176, "OBJECTID": 178, "TIP": 2, "AD": "MİLLİ EGEMENLİK", "SHAPE_Leng": 39.740583359600002, "DÜZENLENE": null }, "geometry": { "type": "MultiLineString", "coordinates": [ [ [ 4564780.6615871489048, 4598249.179615448229015 ], [ 4564781.87676833383739, 4598226.258244653232396 ], [ 4564782.515986560843885, 4598198.569672298617661 ] ] ] } },
{ "type": "Feature", "properties": { "fid": 177, "OBJECTID": 179, "TIP": 2, "AD": "MİLLİ EGEMENLİK", "SHAPE_Leng": 31.076257496299998, "DÜZENLENE": null }, "geometry": { "type": "MultiLineString", "coordinates": [ [ [ 4564778.784709146246314, 4598085.532495624385774 ], [ 4564777.147063061594963, 4598045.960193686187267 ] ] ] } },
{ "type": "Feature", "properties": { "fid": 178, "OBJECTID": 180, "TIP": 1, "AD": "435", "SHAPE_Leng": 41.702356645400002, "DÜZENLENE": null }, "geometry": { "type": "MultiLineString", "coordinates": [ [ [ 4564777.147063061594963, 4598045.960193686187267 ], [ 4564791.098098630085588, 4598044.836989477276802 ], [ 4564830.014980365522206, 4598045.952014086768031 ] ] ] } },
{ "type": "Feature", "properties": { "fid": 179, "OBJECTID": 181, "TIP": 1, "AD": "431", "SHAPE_Leng": 102.075116876, "DÜZENLENE": null }, "geometry": { "type": "MultiLineString", "coordinates": [ [ [ 4564779.639946633018553, 4598123.258696007542312 ], [ 4564806.488258526660502, 4598122.195834961719811 ], [ 4564834.857199709862471, 4598121.039826303720474 ], [ 4564860.258173022419214, 4598119.318729868158698 ], [ 4564886.933874196372926, 4598118.559241680428386 ], [ 4564909.076236342079937, 4598119.051383292302489 ] ] ] } },
{ "type": "Feature", "properties": { "fid": 180, "OBJECTID": 182, "TIP": 2, "AD": "SİTE", "SHAPE_Leng": 37.856516059900002, "DÜZENLENE": null }, "geometry": { "type": "MultiLineString", "coordinates": [ [ [ 4564687.040981505066156, 4598652.532300606369972 ], [ 4564686.84214252140373, 4598633.279967644251883 ], [ 4564685.458746002055705, 4598619.467328086495399 ], [ 4564683.434281682595611, 4598604.489892655983567 ] ] ] } },
{ "type": "Feature", "properties": { "fid": 181, "OBJECTID": 183, "TIP": 1, "AD": "433", "SHAPE_Leng": 105.715291873, "DÜZENLENE": null }, "geometry": { "type": "MultiLineString", "coordinates": [ [ [ 4564779.225554781034589, 4598104.019545631483197 ], [ 4564785.592997590079904, 4598104.391040151938796 ], [ 4564803.302210951223969, 4598103.196893654763699 ], [ 4564832.39902198407799, 4598102.564832468517125 ], [ 4564848.245644089765847, 4598102.220566474832594 ], [ 4564871.221549557521939, 4598100.192258047871292 ], [ 4564896.760482960380614, 4598100.716687936335802 ], [ 4564913.213191081769764, 4598101.740518795326352 ] ] ] } },
{ "type": "Feature", "properties": { "fid": 182, "OBJECTID": 184, "TIP": 1, "AD": "429", "SHAPE_Leng": 99.296212847700005, "DÜZENLENE": null }, "geometry": { "type": "MultiLineString", "coordinates": [ [ [ 4564779.707742053084075, 4598143.044904892332852 ], [ 4564787.47953628282994, 4598142.072599057108164 ], [ 4564807.357305553741753, 4598140.538900369778275 ], [ 4564825.042987918481231, 4598139.457787369377911 ], [ 4564839.79203530587256, 4598138.058002969250083 ], [ 4564859.297669631429017, 4598137.094603031873703 ], [ 4564878.87738448753953, 4598135.409932526759803 ], [ 4564896.689781706780195, 4598134.84300191886723 ], [ 4564905.395876612514257, 4598135.406451824121177 ] ] ] } },
{ "type": "Feature", "properties": { "fid": 183, "OBJECTID": 185, "TIP": 1, "AD": "423", "SHAPE_Leng": 99.707255703200005, "DÜZENLENE": null }, "geometry": { "type": "MultiLineString", "coordinates": [ [ [ 4564780.293348902836442, 4598270.034522511065006 ], [ 4564793.320632084272802, 4598267.70459586661309 ], [ 4564804.644710620865226, 4598264.272220918908715 ], [ 4564823.661214011721313, 4598258.260015736334026 ], [ 4564838.400561054237187, 4598253.285083761438727 ], [ 4564839.261969949118793, 4598252.933388202451169 ], [ 4564864.821818233467638, 4598243.393564385361969 ], [ 4564865.417199085466564, 4598243.174490975216031 ], [ 4564868.519733087159693, 4598240.833579725585878 ], [ 4564869.147851903922856, 4598240.230841386131942 ], [ 4564870.244048893451691, 4598238.715238467790186 ], [ 4564871.14172276481986, 4598237.201017171144485 ], [ 4564872.584998670965433, 4598236.350845814682543 ], [ 4564873.584391223266721, 4598236.169524128548801 ], [ 4564874.89735141582787, 4598236.200146528892219 ], [ 4564875.310337968170643, 4598236.312662364915013 ], [ 4564875.987831330858171, 4598236.422362836077809 ], [ 4564877.935583689250052, 4598236.307248596101999 ], [ 4564884.702173483557999, 4598234.041989146731794 ], [ 4564888.569374582730234, 4598232.946138146333396 ], [ 4564893.705022330395877, 4598232.195349046960473 ], [ 4564899.097771040163934, 4598232.240953724831343 ] ] ] } },
{ "type": "Feature", "properties": { "fid": 184, "OBJECTID": 186, "TIP": 2, "AD": "SİTE", "SHAPE_Leng": 80.204465628099996, "DÜZENLENE": null }, "geometry": { "type": "MultiLineString", "coordinates": [ [ [ 4564710.996269980445504, 4598759.562639724463224 ], [ 4564703.389596614055336, 4598750.006891954690218 ], [ 4564697.87741715926677, 4598739.36881500761956 ], [ 4564692.683214724063873, 4598726.687744417227805 ], [ 4564687.936378394253552, 4598714.016351188533008 ], [ 4564685.709562278352678, 4598699.559750901535153 ], [ 4564685.053977632895112, 4598686.046623526141047 ], [ 4564685.666829683817923, 4598664.774304198101163 ], [ 4564685.839675378985703, 4598663.473887508735061 ] ] ] } },
{ "type": "Feature", "properties": { "fid": 185, "OBJECTID": 187, "TIP": 1, "AD": "425", "SHAPE_Leng": 69.972108589300007, "DÜZENLENE": null }, "geometry": { "type": "MultiLineString", "coordinates": [ [ [ 4564780.6615871489048, 4598249.179615448229015 ], [ 4564784.977120783179998, 4598247.537877799943089 ], [ 4564804.479594198986888, 4598242.257230827584863 ], [ 4564824.49884329456836, 4598236.020815751515329 ], [ 4564843.249069426208735, 4598231.36401791498065 ], [ 4564864.13045631442219, 4598223.621864119544625 ], [ 4564865.063507985323668, 4598224.751087027601898 ] ] ] } },
{ "type": "Feature", "properties": { "fid": 186, "OBJECTID": 188, "TIP": 1, "AD": "414", "SHAPE_Leng": 119.390480744, "DÜZENLENE": null }, "geometry": { "type": "MultiLineString", "coordinates": [ [ [ 4564800.180626083165407, 4598789.672493094578385 ], [ 4564790.606692923232913, 4598782.005669531412423 ], [ 4564781.043285471387208, 4598766.882115719839931 ], [ 4564769.347378907725215, 4598749.264833752065897 ], [ 4564762.912526658736169, 4598739.546129168011248 ], [ 4564757.756087513640523, 4598727.731949586421251 ], [ 4564753.775719623081386, 4598713.025948438793421 ], [ 4564750.328261607326567, 4598698.528944636695087 ], [ 4564746.976216675713658, 4598684.299904149957001 ], [ 4564743.786323118023574, 4598665.120122836902738 ], [ 4564741.740071386098862, 4598653.291252399794757 ] ] ] } },
{ "type": "Feature", "properties": { "fid": 187, "OBJECTID": 189, "TIP": 2, "AD": "HASAN YILMAZ", "SHAPE_Leng": 21.836990114900001, "DÜZENLENE": null }, "geometry": { "type": "MultiLineString", "coordinates": [ [ [ 4564908.88898712489754, 4598162.883059312589467 ], [ 4564907.650840654037893, 4598143.385496846400201 ], [ 4564905.395876612514257, 4598135.406451824121177 ] ] ] } },
{ "type": "Feature", "properties": { "fid": 188, "OBJECTID": 190, "TIP": 1, "AD": "409", "SHAPE_Leng": 55.923876934299997, "DÜZENLENE": null }, "geometry": { "type": "MultiLineString", "coordinates": [ [ [ 4564752.081334904767573, 4598650.997818069532514 ], [ 4564772.238438629545271, 4598646.962108470499516 ], [ 4564807.099191091954708, 4598638.956393577158451 ], [ 4564816.917795675806701, 4598637.401941657066345 ], [ 4564821.645754474215209, 4598637.429774094372988 ] ] ] } },
{ "type": "Feature", "properties": { "fid": 189, "OBJECTID": 191, "TIP": 1, "AD": "421", "SHAPE_Leng": 108.004577165, "DÜZENLENE": null }, "geometry": { "type": "MultiLineString", "coordinates": [ [ [ 4564785.071635087020695, 4598358.797227152623236 ], [ 4564801.121860393323004, 4598355.421778245829046 ], [ 4564805.898943731561303, 4598354.11164206918329 ], [ 4564813.030093234032393, 4598351.580459255725145 ], [ 4564816.611529569141567, 4598350.093594466336071 ], [ 4564831.234709799289703, 4598344.817615016363561 ], [ 4564843.381732949055731, 4598342.008146771229804 ], [ 4564858.559722604230046, 4598337.600599664263427 ], [ 4564880.695712455548346, 4598332.844369910657406 ], [ 4564901.98810201510787, 4598326.139377045445144 ], [ 4564917.151142599061131, 4598322.731025788933039 ] ] ] } },
{ "type": "Feature", "properties": { "fid": 190, "OBJECTID": 192, "TIP": 1, "AD": "409", "SHAPE_Leng": 44.784237729600001, "DÜZENLENE": null }, "geometry": { "type": "MultiLineString", "coordinates": [ [ [ 4564685.839675378985703, 4598663.473887508735061 ], [ 4564703.905682793818414, 4598660.049491920508444 ], [ 4564720.218686775304377, 4598656.367109453305602 ], [ 4564741.740071386098862, 4598653.291252399794757 ] ] ] } },
{ "type": "Feature", "properties": { "fid": 191, "OBJECTID": 193, "TIP": 1, "AD": "417", "SHAPE_Leng": 79.215638118900003, "DÜZENLENE": null }, "geometry": { "type": "MultiLineString", "coordinates": [ [ [ 4564812.31415892764926, 4598525.686723112128675 ], [ 4564829.965107406489551, 4598522.915861086919904 ], [ 4564846.98573880456388, 4598520.576303995214403 ], [ 4564857.881556247361004, 4598519.080272638238966 ], [ 4564883.831024888902903, 4598514.877490947954357 ], [ 4564893.109460508450866, 4598513.33612687792629 ], [ 4564899.871792273595929, 4598513.321498516947031 ], [ 4564911.868046347051859, 4598514.476375931873918 ] ] ] } },
{ "type": "Feature", "properties": { "fid": 192, "OBJECTID": 194, "TIP": 2, "AD": "SİTE", "SHAPE_Leng": 6.6251032783600001, "DÜZENLENE": null }, "geometry": { "type": "MultiLineString", "coordinates": [ [ [ 4564683.434281682595611, 4598604.489892655983567 ], [ 4564681.364889555610716, 4598596.305498916655779 ] ] ] } },
{ "type": "Feature", "properties": { "fid": 193, "OBJECTID": 195, "TIP": 2, "AD": "SİTE", "SHAPE_Leng": 77.680630072900001, "DÜZENLENE": null }, "geometry": { "type": "MultiLineString", "coordinates": [ [ [ 4564792.251287213526666, 4598814.535987939685583 ], [ 4564782.820398855023086, 4598810.133297333493829 ], [ 4564778.258065297268331, 4598807.395404664799571 ], [ 4564770.146193496882915, 4598802.033391773700714 ], [ 4564765.254998629912734, 4598798.544849649071693 ], [ 4564759.268208302557468, 4598794.274888060055673 ], [ 4564751.296983296982944, 4598788.303734595887363 ], [ 4564744.032495614141226, 4598783.739101072773337 ], [ 4564741.479221428744495, 4598782.28254680801183 ], [ 4564727.096199030056596, 4598774.606007751077414 ], [ 4564723.984357165172696, 4598772.538420415483415 ], [ 4564720.976431929506361, 4598770.161330653354526 ], [ 4564716.175381380133331, 4598765.350938586518168 ], [ 4564710.996269980445504, 4598759.562639724463224 ] ] ] } },
{ "type": "Feature", "properties": { "fid": 194, "OBJECTID": 196, "TIP": 2, "AD": "SİTE", "SHAPE_Leng": 50.1118600402, "DÜZENLENE": null }, "geometry": { "type": "MultiLineString", "coordinates": [ [ [ 4564681.364889555610716, 4598596.305498916655779 ], [ 4564679.177010181359947, 4598590.365770383737981 ], [ 4564678.005465105175972, 4598585.813968070782721 ], [ 4564677.236836325377226, 4598582.174119369126856 ], [ 4564675.698203572072089, 4598573.008438287302852 ], [ 4564673.380528346635401, 4598560.650622425600886 ], [ 4564670.59242223482579, 4598545.070142940618098 ], [ 4564668.135444429703057, 4598533.924958616495132 ] ] ] } },
{ "type": "Feature", "properties": { "fid": 195, "OBJECTID": 197, "TIP": 1, "AD": "805", "SHAPE_Leng": 274.77512074600003, "DÜZENLENE": null }, "geometry": { "type": "MultiLineString", "coordinates": [ [ [ 4564775.130954290740192, 4600563.559154760092497 ], [ 4564775.203960998915136, 4600562.262326588854194 ], [ 4564799.209458763711154, 4600553.052238154225051 ], [ 4564816.950831576250494, 4600534.448825526982546 ], [ 4564845.241081987507641, 4600500.232085379771888 ], [ 4564866.164174699224532, 4600460.912734646350145 ], [ 4564885.018348588608205, 4600437.831839869730175 ], [ 4564891.922853335738182, 4600421.488250250928104 ], [ 4564905.378265562467277, 4600391.10280741378665 ], [ 4564915.004089050926268, 4600376.319459228776395 ], [ 4564932.503069299273193, 4600352.728392452932894 ], [ 4564956.501756318844855, 4600331.425153903663158 ], [ 4564983.82970988098532, 4600302.492457336746156 ], [ 4564990.715586834587157, 4600297.754653373733163 ] ] ] } },
{ "type": "Feature", "properties": { "fid": 196, "OBJECTID": 198, "TIP": 1, "AD": "839", "SHAPE_Leng": 58.2236071413, "DÜZENLENE": null }, "geometry": { "type": "MultiLineString", "coordinates": [ [ [ 4564699.24907264020294, 4600674.461014564149082 ], [ 4564694.005345064215362, 4600671.990005234256387 ], [ 4564681.731975241564214, 4600676.460857733152807 ], [ 4564632.826270173303783, 4600701.878145193681121 ] ] ] } },
{ "type": "Feature", "properties": { "fid": 197, "OBJECTID": 199, "TIP": 1, "AD": "839", "SHAPE_Leng": 39.810209954800001, "DÜZENLENE": null }, "geometry": { "type": "MultiLineString", "coordinates": [ [ [ 4564632.826270173303783, 4600701.878145193681121 ], [ 4564633.011632787063718, 4600720.510928632691503 ], [ 4564632.492589951492846, 4600728.09128394536674 ], [ 4564609.558671517297626, 4600736.506305845454335 ] ] ] } },
{ "type": "Feature", "properties": { "fid": 198, "OBJECTID": 200, "TIP": 1, "AD": "806", "SHAPE_Leng": 79.793409853200004, "DÜZENLENE": null }, "geometry": { "type": "MultiLineString", "coordinates": [ [ [ 4564723.445998355746269, 4600649.824549222365022 ], [ 4564747.378350694663823, 4600621.235277412459254 ], [ 4564761.035202754661441, 4600598.087366109713912 ], [ 4564768.949248598888516, 4600574.52438444737345 ], [ 4564775.130954290740192, 4600563.559154760092497 ] ] ] } },
{ "type": "Feature", "properties": { "fid": 199, "OBJECTID": 201, "TIP": 1, "AD": "829", "SHAPE_Leng": 76.893272979000002, "DÜZENLENE": null }, "geometry": { "type": "MultiLineString", "coordinates": [ [ [ 4564689.469620177522302, 4600577.105575007386506 ], [ 4564663.1030362714082, 4600593.55711436830461 ], [ 4564649.4443628359586, 4600606.028502254746854 ], [ 4564642.815133103169501, 4600613.838489765301347 ], [ 4564632.188699702732265, 4600631.946555556729436 ], [ 4564621.282333569601178, 4600644.99344879668206 ] ] ] } },
{ "type": "Feature", "properties": { "fid": 200, "OBJECTID": 202, "TIP": 1, "AD": "837", "SHAPE_Leng": 49.7099329435, "DÜZENLENE": null }, "geometry": { "type": "MultiLineString", "coordinates": [ [ [ 4564707.161030338145792, 4600617.520693778991699 ], [ 4564674.560372513718903, 4600629.380029438994825 ], [ 4564647.391766639426351, 4600637.801458625122905 ] ] ] } },
{ "type": "Feature", "properties": { "fid": 201, "OBJECTID": 203, "TIP": 1, "AD": "831", "SHAPE_Leng": 78.1568886214, "DÜZENLENE": null }, "geometry": { "type": "MultiLineString", "coordinates": [ [ [ 4564507.575767312198877, 4600554.43132196739316 ], [ 4564470.813127781264484, 4600558.906664818525314 ], [ 4564456.250761519186199, 4600562.081254744902253 ], [ 4564411.162807309068739, 4600576.394467426463962 ] ] ] } },
{ "type": "Feature", "properties": { "fid": 202, "OBJECTID": 204, "TIP": 2, "AD": "ŞEHİTLİK", "SHAPE_Leng": 134.98782727700001, "DÜZENLENE": null }, "geometry": { "type": "MultiLineString", "coordinates": [ [ [ 4565254.987234844826162, 4599729.562992945313454 ], [ 4565256.064037619158626, 4599729.843890856951475 ], [ 4565270.630953558720648, 4599733.643953600898385 ], [ 4565295.609224649146199, 4599737.058305718004704 ], [ 4565316.542292180471122, 4599743.978950164280832 ], [ 4565335.82919944357127, 4599750.275597467087209 ], [ 4565364.537113294005394, 4599754.14061463996768 ], [ 4565380.891394666396081, 4599761.828458361327648 ], [ 4565415.399332396686077, 4599783.386493254452944 ] ] ] } },
{ "type": "Feature", "properties": { "fid": 203, "OBJECTID": 205, "TIP": 2, "AD": "ŞEHİTLİK", "SHAPE_Leng": 156.41779510399999, "DÜZENLENE": null }, "geometry": { "type": "MultiLineString", "coordinates": [ [ [ 4565459.480531231500208, 4599799.55182063113898 ], [ 4565454.193066255189478, 4599811.901445751078427 ], [ 4565467.48327608872205, 4599842.377693992108107 ], [ 4565478.944196226075292, 4599871.780667757615447 ], [ 4565495.053145204670727, 4599904.174827139824629 ], [ 4565513.867739329114556, 4599945.686010633595288 ], [ 4565529.517320148646832, 4599981.688724818639457 ] ] ] } },
{ "type": "Feature", "properties": { "fid": 204, "OBJECTID": 206, "TIP": 2, "AD": "ŞEHİTLİK", "SHAPE_Leng": 48.1636677276, "DÜZENLENE": null }, "geometry": { "type": "MultiLineString", "coordinates": [ [ [ 4565529.517320148646832, 4599981.688724818639457 ], [ 4565553.848477683030069, 4600038.013281283900142 ] ] ] } },
{ "type": "Feature", "properties": { "fid": 205, "OBJECTID": 207, "TIP": 2, "AD": "ŞEHİTLİK", "SHAPE_Leng": 45.340711884999997, "DÜZENLENE": null }, "geometry": { "type": "MultiLineString", "coordinates": [ [ [ 4565553.848477683030069, 4600038.013281283900142 ], [ 4565577.385704726912081, 4600090.756982306018472 ] ] ] } },
{ "type": "Feature", "properties": { "fid": 206, "OBJECTID": 208, "TIP": 2, "AD": "KARABEHLÜLBEY", "SHAPE_Leng": 49.130161301999998, "DÜZENLENE": null }, "geometry": { "type": "MultiLineString", "coordinates": [ [ [ 4564656.754888063296676, 4599973.558716317638755 ], [ 4564667.048415542580187, 4600008.426718330942094 ], [ 4564671.904173554852605, 4600034.229875823482871 ] ] ] } },
{ "type": "Feature", "properties": { "fid": 207, "OBJECTID": 209, "TIP": 1, "AD": "811", "SHAPE_Leng": 52.615519495100003, "DÜZENLENE": null }, "geometry": { "type": "MultiLineString", "coordinates": [ [ [ 4565186.165518535301089, 4600473.089854379184544 ], [ 4565165.968583585694432, 4600500.338891328312457 ], [ 4565143.420067989267409, 4600524.49030237365514 ] ] ] } },
{ "type": "Feature", "properties": { "fid": 208, "OBJECTID": 210, "TIP": 1, "AD": "811", "SHAPE_Leng": 81.888762311199997, "DÜZENLENE": null }, "geometry": { "type": "MultiLineString", "coordinates": [ [ [ 4565245.050632863305509, 4600387.061785854399204 ], [ 4565217.428508893586695, 4600427.247227247804403 ], [ 4565186.165518535301089, 4600473.089854379184544 ] ] ] } },
{ "type": "Feature", "properties": { "fid": 209, "OBJECTID": 211, "TIP": 2, "AD": "YENİYOL", "SHAPE_Leng": 436.5064039, "DÜZENLENE": null }, "geometry": { "type": "MultiLineString", "coordinates": [ [ [ 4569704.848475520499051, 4597126.1484703887254 ], [ 4569682.353564905002713, 4597037.058347039856017 ], [ 4569629.821659944951534, 4596846.661039799451828 ], [ 4569602.896823527291417, 4596708.37330830283463 ], [ 4569594.230054109357297, 4596582.809066351503134 ] ] ] } },
{ "type": "Feature", "properties": { "fid": 210, "OBJECTID": 212, "TIP": 1, "AD": "811", "SHAPE_Leng": 59.567938753100002, "DÜZENLENE": null }, "geometry": { "type": "MultiLineString", "coordinates": [ [ [ 4565289.437605258077383, 4600325.583948485553265 ], [ 4565285.980809879489243, 4600330.371739719063044 ], [ 4565245.050632863305509, 4600387.061785854399204 ] ] ] } },
{ "type": "Feature", "properties": { "fid": 211, "OBJECTID": 213, "TIP": 1, "AD": "832", "SHAPE_Leng": 89.6604106976, "DÜZENLENE": null }, "geometry": { "type": "MultiLineString", "coordinates": [ [ [ 4564383.270633238367736, 4600476.629206759855151 ], [ 4564377.274110404774547, 4600516.447649905458093 ], [ 4564375.454620297066867, 4600537.010731875896454 ], [ 4564399.808737132698298, 4600561.312936499714851 ], [ 4564411.162807309068739, 4600576.394467426463962 ] ] ] } },
{ "type": "Feature", "properties": { "fid": 212, "OBJECTID": 214, "TIP": 2, "AD": "ŞEHİTLİK", "SHAPE_Leng": 94.468989618199998, "DÜZENLENE": null }, "geometry": { "type": "MultiLineString", "coordinates": [ [ [ 4565700.736537015996873, 4600367.669445363804698 ], [ 4565715.044163370504975, 4600407.840845976024866 ], [ 4565725.166602486744523, 4600445.04503611382097 ], [ 4565733.34242653567344, 4600483.371309200301766 ] ] ] } },
{ "type": "Feature", "properties": { "fid": 213, "OBJECTID": 621, "TIP": 1, "AD": "103", "SHAPE_Leng": 56.276110035099997, "DÜZENLENE": null }, "geometry": { "type": "MultiLineString", "coordinates": [ [ [ 4564380.995734876953065, 4599633.755665906704962 ], [ 4564332.890893750824034, 4599642.094943590462208 ], [ 4564310.40797564573586, 4599644.593396741896868 ] ] ] } },
{ "type": "Feature", "properties": { "fid": 214, "OBJECTID": 622, "TIP": 1, "AD": "102", "SHAPE_Leng": 46.102718202600002, "DÜZENLENE": null }, "geometry": { "type": "MultiLineString", "coordinates": [ [ [ 4564373.465028315782547, 4599549.642317429184914 ], [ 4564374.086668915115297, 4599553.438965685665607 ], [ 4564377.899666263721883, 4599608.223862036131322 ] ] ] } },
{ "type": "Feature", "properties": { "fid": 215, "OBJECTID": 623, "TIP": 1, "AD": "623", "SHAPE_Leng": 39.3436765923, "DÜZENLENE": null }, "geometry": { "type": "MultiLineString", "coordinates": [ [ [ 4563713.273422227241099, 4599706.359399699606001 ], [ 4563724.757557756267488, 4599723.416842851787806 ], [ 4563736.615639521740377, 4599750.474051421508193 ] ] ] } },
{ "type": "Feature", "properties": { "fid": 216, "OBJECTID": 624, "TIP": 1, "AD": "623", "SHAPE_Leng": 108.185768274, "DÜZENLENE": null }, "geometry": { "type": "MultiLineString", "coordinates": [ [ [ 4563736.615639521740377, 4599750.474051421508193 ], [ 4563756.250255115330219, 4599797.738710106350482 ], [ 4563781.299123489297926, 4599853.533818898722529 ], [ 4563793.093424869701266, 4599876.10590239521116 ] ] ] } },
{ "type": "Feature", "properties": { "fid": 217, "OBJECTID": 625, "TIP": 2, "AD": "GAZİ", "SHAPE_Leng": 71.477291855000004, "DÜZENLENE": null }, "geometry": { "type": "MultiLineString", "coordinates": [ [ [ 4565300.866468888707459, 4599464.636648760177195 ], [ 4565302.31512326747179, 4599464.37038494553417 ], [ 4565355.853788646869361, 4599446.804413835518062 ], [ 4565386.447342518717051, 4599434.559526786208153 ] ] ] } },
{ "type": "Feature", "properties": { "fid": 218, "OBJECTID": 626, "TIP": 2, "AD": "KULFAKAPI", "SHAPE_Leng": 85.972161405500003, "DÜZENLENE": null }, "geometry": { "type": "MultiLineString", "coordinates": [ [ [ 4565188.330982110463083, 4599461.135285665281117 ], [ 4565187.874294362030923, 4599464.100710400380194 ], [ 4565186.545088616199791, 4599467.260176938958466 ], [ 4565187.499708664603531, 4599481.664956955239177 ], [ 4565191.564699281938374, 4599511.814057374373078 ], [ 4565201.707122492603958, 4599565.585218473337591 ], [ 4565203.097685566172004, 4599568.867970420047641 ] ] ] } },
{ "type": "Feature", "properties": { "fid": 219, "OBJECTID": 627, "TIP": 2, "AD": "ZEMBİLFIROŞ", "SHAPE_Leng": 198.0541537, "DÜZENLENE": null }, "geometry": { "type": "MultiLineString", "coordinates": [ [ [ 4565139.452076974324882, 4599461.934767635539174 ], [ 4565143.892134725116193, 4599478.911165379919112 ], [ 4565157.258012073114514, 4599506.731500774621964 ], [ 4565167.880632014945149, 4599541.585036492906511 ], [ 4565170.076112449169159, 4599561.056176270358264 ], [ 4565175.887315631844103, 4599593.7188661089167 ], [ 4565185.49127924721688, 4599627.783442947082222 ], [ 4565194.967221398837864, 4599655.913815346546471 ], [ 4565198.449105640873313, 4599680.261399046517909 ], [ 4565198.990593584254384, 4599705.347889169119298 ] ] ] } },
{ "type": "Feature", "properties": { "fid": 220, "OBJECTID": 628, "TIP": 1, "AD": "213", "SHAPE_Leng": 47.091177172800002, "DÜZENLENE": null }, "geometry": { "type": "MultiLineString", "coordinates": [ [ [ 4565198.990593584254384, 4599705.347889169119298 ], [ 4565203.215554847382009, 4599710.508636079728603 ], [ 4565209.553886351175606, 4599715.37310291454196 ], [ 4565231.923650306649506, 4599728.181277300231159 ], [ 4565248.458366438746452, 4599738.363609800115228 ] ] ] } },
{ "type": "Feature", "properties": { "fid": 221, "OBJECTID": 629, "TIP": 1, "AD": "213", "SHAPE_Leng": 49.639683234899998, "DÜZENLENE": null }, "geometry": { "type": "MultiLineString", "coordinates": [ [ [ 4565148.251422919332981, 4599683.623566749505699 ], [ 4565163.18485935870558, 4599680.960784296505153 ], [ 4565166.00433027651161, 4599681.213201824575663 ], [ 4565167.475038578733802, 4599682.74382056016475 ], [ 4565170.196185518056154, 4599688.529910701327026 ], [ 4565175.743092522025108, 4599699.106987420469522 ], [ 4565187.848739171400666, 4599699.653143791481853 ], [ 4565198.990593584254384, 4599705.347889169119298 ] ] ] } },
{ "type": "Feature", "properties": { "fid": 222, "OBJECTID": 630, "TIP": 1, "AD": "554", "SHAPE_Leng": 74.4340399238, "DÜZENLENE": "DÜZENLENEN" }, "geometry": { "type": "MultiLineString", "coordinates": [ [ [ 4563535.852996128611267, 4599772.359606677666306 ], [ 4563530.67416616063565, 4599761.315106236375868 ], [ 4563526.594003419391811, 4599752.539582910016179 ], [ 4563520.803936362266541, 4599742.869107080623507 ], [ 4563513.328627339564264, 4599725.243148745037615 ], [ 4563492.893431092612445, 4599688.274738701991737 ] ] ] } },
{ "type": "Feature", "properties": { "fid": 223, "OBJECTID": 631, "TIP": 2, "AD": "RAUF AZİZOĞLU", "SHAPE_Leng": 172.30232659000001, "DÜZENLENE": null }, "geometry": { "type": "MultiLineString", "coordinates": [ [ [ 4561105.675288738682866, 4600655.591336692683399 ], [ 4561102.728697160258889, 4600651.260521624237299 ], [ 4561048.535293953493237, 4600588.317610408179462 ], [ 4561022.355716581456363, 4600557.838706887327135 ], [ 4560967.100970367901027, 4600497.617450762540102 ], [ 4560960.786009195260704, 4600491.136743196286261 ] ] ] } },
{ "type": "Feature", "properties": { "fid": 224, "OBJECTID": 632, "TIP": 1, "AD": "953", "SHAPE_Leng": 78.146531166200006, "DÜZENLENE": null }, "geometry": { "type": "MultiLineString", "coordinates": [ [ [ 4565562.476534694433212, 4599855.163937724195421 ], [ 4565566.458714140579104, 4599852.308569584041834 ], [ 4565576.602440902031958, 4599849.118816839531064 ], [ 4565601.104345005005598, 4599842.917181120254099 ], [ 4565639.467739584855735, 4599836.801813286729157 ], [ 4565649.794926013797522, 4599841.317583277821541 ], [ 4565699.66945955902338, 4599891.590642566792667 ], [ 4565762.778944937512279, 4599898.905610852874815 ], [ 4565851.125512356869876, 4599908.829999413341284 ] ] ] } },
{ "type": "Feature", "properties": { "fid": 225, "OBJECTID": 633, "TIP": 1, "AD": "608", "SHAPE_Leng": 302.56713759199999, "DÜZENLENE": null }, "geometry": { "type": "MultiLineString", "coordinates": [ [ [ 4563809.170328389853239, 4600607.520607916638255 ], [ 4563816.265251201577485, 4600562.384407675825059 ], [ 4563823.281708154827356, 4600544.914262103848159 ], [ 4563848.725540032610297, 4600519.848322522826493 ], [ 4563879.081897530704737, 4600483.655366189777851 ], [ 4563908.410410819575191, 4600451.758006586693227 ], [ 4563932.330029138363898, 4600428.749138883315027 ], [ 4563970.305213411338627, 4600403.187020949088037 ], [ 4563976.399890202097595, 4600394.958344231359661 ], [ 4563994.514924780465662, 4600362.404074253514409 ], [ 4564012.451248495839536, 4600321.532270109280944 ], [ 4564014.19277068413794, 4600298.329039479605854 ] ] ] } },
{ "type": "Feature", "properties": { "fid": 226, "OBJECTID": 634, "TIP": 1, "AD": "1023", "SHAPE_Leng": 104.70397031100001, "DÜZENLENE": null }, "geometry": { "type": "MultiLineString", "coordinates": [ [ [ 4565702.973710933700204, 4598806.381080583669245 ], [ 4565694.489386931061745, 4598801.864503972232342 ], [ 4565678.811340190470219, 4598796.584477010183036 ], [ 4565644.503813397139311, 4598789.349597448483109 ], [ 4565612.896971900016069, 4598782.730391282588243 ], [ 4565574.160211034119129, 4598775.407249912619591 ] ] ] } },
{ "type": "Feature", "properties": { "fid": 227, "OBJECTID": 635, "TIP": 1, "AD": "1120", "SHAPE_Leng": 127.234998842, "DÜZENLENE": null }, "geometry": { "type": "MultiLineString", "coordinates": [ [ [ 4567731.718401844613254, 4598498.288489033468068 ], [ 4567724.488726161420345, 4598470.006116698496044 ], [ 4567700.301651865243912, 4598418.594199243932962 ], [ 4567667.00981268286705, 4598360.411937488242984 ], [ 4567661.697958498261869, 4598353.160845094360411 ] ] ] } },
{ "type": "Feature", "properties": { "fid": 228, "OBJECTID": 636, "TIP": 1, "AD": "1025", "SHAPE_Leng": 128.48728424699999, "DÜZENLENE": null }, "geometry": { "type": "MultiLineString", "coordinates": [ [ [ 4565728.732380329631269, 4598752.161345649510622 ], [ 4565719.367771756835282, 4598745.890285145491362 ], [ 4565682.362414845265448, 4598727.808021960780025 ], [ 4565668.445978640578687, 4598721.140529449097812 ], [ 4565647.247604037635028, 4598714.294353429228067 ], [ 4565598.916782699525356, 4598705.791070988401771 ], [ 4565575.149347418919206, 4598703.066312356851995 ] ] ] } },
{ "type": "Feature", "properties": { "fid": 229, "OBJECTID": 637, "TIP": 1, "AD": "334", "SHAPE_Leng": 42.776046484399998, "DÜZENLENE": null }, "geometry": { "type": "MultiLineString", "coordinates": [ [ [ 4565347.709780969657004, 4599063.991106707602739 ], [ 4565346.152853600680828, 4599054.585445012897253 ], [ 4565342.080919914878905, 4599020.569814863614738 ], [ 4565339.38152813538909, 4599010.190437217243016 ] ] ] } },
{ "type": "Feature", "properties": { "fid": 230, "OBJECTID": 638, "TIP": 1, "AD": "318", "SHAPE_Leng": 32.661723554399998, "DÜZENLENE": null }, "geometry": { "type": "MultiLineString", "coordinates": [ [ [ 4565343.172589220106602, 4599065.43928096909076 ], [ 4565345.666172957979143, 4599074.565492758527398 ], [ 4565355.264586991630495, 4599105.255162404850125 ] ] ] } },
{ "type": "Feature", "properties": { "fid": 231, "OBJECTID": 639, "TIP": 2, "AD": "DEVRİM", "SHAPE_Leng": 17.109434302699999, "DÜZENLENE": null }, "geometry": { "type": "MultiLineString", "coordinates": [ [ [ 4565188.374210611917078, 4599136.415444339625537 ], [ 4565208.733374267816544, 4599128.823885818943381 ] ] ] } },
{ "type": "Feature", "properties": { "fid": 232, "OBJECTID": 640, "TIP": 2, "AD": "DEVRİM", "SHAPE_Leng": 22.0317681145, "DÜZENLENE": null }, "geometry": { "type": "MultiLineString", "coordinates": [ [ [ 4565208.733374267816544, 4599128.823885818943381 ], [ 4565222.000741600058973, 4599104.103231203742325 ] ] ] } },
{ "type": "Feature", "properties": { "fid": 233, "OBJECTID": 641, "TIP": 1, "AD": "613", "SHAPE_Leng": 214.35692095300001, "DÜZENLENE": null }, "geometry": { "type": "MultiLineString", "coordinates": [ [ [ 4563922.688656652346253, 4599925.13606059551239 ], [ 4563907.265030385926366, 4599938.55422412417829 ], [ 4563882.976045925170183, 4599958.915969830006361 ], [ 4563850.684623166918755, 4599988.356892719864845 ], [ 4563802.676470514386892, 4600024.345130577683449 ], [ 4563765.10857608076185, 4600052.145912970416248 ], [ 4563738.497974907048047, 4600070.803558736108243 ], [ 4563704.570538942702115, 4600086.650696503929794 ] ] ] } },
{ "type": "Feature", "properties": { "fid": 234, "OBJECTID": 642, "TIP": 1, "AD": "553", "SHAPE_Leng": 74.355991422900004, "DÜZENLENE": null }, "geometry": { "type": "MultiLineString", "coordinates": [ [ [ 4563558.125153818167746, 4599621.858692117966712 ], [ 4563544.292815336957574, 4599640.143091134727001 ], [ 4563527.149214207194746, 4599664.734489360824227 ], [ 4563518.278319011442363, 4599672.745621212758124 ], [ 4563499.049721511080861, 4599684.698095900937915 ], [ 4563492.887011845596135, 4599688.202281589619815 ] ] ] } },
{ "type": "Feature", "properties": { "fid": 235, "OBJECTID": 643, "TIP": 1, "AD": "550", "SHAPE_Leng": 56.913156769899999, "DÜZENLENE": null }, "geometry": { "type": "MultiLineString", "coordinates": [ [ [ 4563610.410304687917233, 4599718.088179793208838 ], [ 4563603.634922406636178, 4599706.641719019971788 ], [ 4563591.665482970885932, 4599693.400499804876745 ], [ 4563590.673959475941956, 4599692.303630548529327 ], [ 4563576.464756184257567, 4599677.205337541177869 ], [ 4563565.051569733768702, 4599661.934309335425496 ] ] ] } },
{ "type": "Feature", "properties": { "fid": 236, "OBJECTID": 644, "TIP": 1, "AD": "552", "SHAPE_Leng": 67.297488128099999, "DÜZENLENE": "DÜZENLENEN" }, "geometry": { "type": "MultiLineString", "coordinates": [ [ [ 4563587.038252266123891, 4599737.349441156722605 ], [ 4563580.851542632095516, 4599735.615636862814426 ], [ 4563572.931885058991611, 4599727.87069280911237 ], [ 4563566.880385796539485, 4599715.926097891293466 ], [ 4563560.848887181840837, 4599698.188536070287228 ], [ 4563552.457706606015563, 4599688.713894460350275 ] ] ] } },
{ "type": "Feature", "properties": { "fid": 237, "OBJECTID": 897, "TIP": 2, "AD": "DİYARBAKIR", "SHAPE_Leng": 695.56631285399999, "DÜZENLENE": null }, "geometry": { "type": "MultiLineString", "coordinates": [ [ [ 4560716.39032238908112, 4600952.985480669885874 ], [ 4560668.730695101432502, 4600931.590334455482662 ], [ 4560652.220482727512717, 4600924.070208728313446 ], [ 4560574.90465703420341, 4600890.40609856788069 ], [ 4560550.048977041617036, 4600880.139723148196936 ], [ 4560433.416490964591503, 4600830.218728500418365 ], [ 4560358.076645000837743, 4600794.569911366328597 ], [ 4560216.446346134878695, 4600727.552514941431582 ], [ 4560068.798977571539581, 4600661.869210832752287 ], [ 4559909.654981209896505, 4600592.604982012882829 ] ] ] } },
{ "type": "Feature", "properties": { "fid": 238, "OBJECTID": 898, "TIP": 2, "AD": "ESENLİK", "SHAPE_Leng": 341.163701387, "DÜZENLENE": null }, "geometry": { "type": "MultiLineString", "coordinates": [ [ [ 4560716.39032238908112, 4600952.985480669885874 ], [ 4560703.675684987567365, 4600997.762089886702597 ], [ 4560685.850333639420569, 4601037.375102570280433 ], [ 4560660.690253845416009, 4601105.929270062595606 ], [ 4560638.268157280050218, 4601156.929516484960914 ], [ 4560639.503093473613262, 4601215.320123984478414 ], [ 4560610.065903062932193, 4601294.743328589946032 ], [ 4560581.722211672924459, 4601361.916737056337297 ] ] ] } },
{ "type": "Feature", "properties": { "fid": 239, "OBJECTID": 899, "TIP": 1, "AD": "504", "SHAPE_Leng": 56.978408954800003, "DÜZENLENE": null }, "geometry": { "type": "MultiLineString", "coordinates": [ [ [ 4564813.30730555858463, 4599442.735482046380639 ], [ 4564812.930454970337451, 4599433.825210774317384 ], [ 4564800.188824301585555, 4599393.662883967161179 ], [ 4564791.316220056265593, 4599378.954897096380591 ], [ 4564788.22919743321836, 4599375.885581863112748 ] ] ] } },
{ "type": "Feature", "properties": { "fid": 240, "OBJECTID": 900, "TIP": 2, "AD": "DEMİRDÖVEN", "SHAPE_Leng": 52.375371769700003, "DÜZENLENE": null }, "geometry": { "type": "MultiLineString", "coordinates": [ [ [ 4564708.078941525891423, 4599388.492238259874284 ], [ 4564689.025519943796098, 4599389.681927777826786 ], [ 4564674.13316779397428, 4599392.305311663076282 ], [ 4564658.877059194259346, 4599395.200360236689448 ], [ 4564651.305624198168516, 4599399.277704680338502 ], [ 4564644.446321007795632, 4599403.708173919469118 ] ] ] } },
{ "type": "Feature", "properties": { "fid": 241, "OBJECTID": 901, "TIP": 2, "AD": "DEMİRCİLER", "SHAPE_Leng": 77.720851005200004, "DÜZENLENE": null }, "geometry": { "type": "MultiLineString", "coordinates": [ [ [ 4564708.078941525891423, 4599388.492238259874284 ], [ 4564698.615212697535753, 4599387.286252310499549 ], [ 4564696.562842087820172, 4599386.108651319518685 ], [ 4564695.48346602357924, 4599382.563500493764877 ], [ 4564692.323266509920359, 4599353.454900934360921 ], [ 4564685.170415750704706, 4599336.33303314819932 ], [ 4564677.490768446587026, 4599318.501645909622312 ], [ 4564676.143763603642583, 4599317.409325680695474 ], [ 4564673.853080651722848, 4599316.284075191244483 ], [ 4564662.203571623191237, 4599318.054959772154689 ] ] ] } },
{ "type": "Feature", "properties": { "fid": 242, "OBJECTID": 902, "TIP": 1, "AD": "1152", "SHAPE_Leng": 42.6150440969, "DÜZENLENE": null }, "geometry": { "type": "MultiLineString", "coordinates": [ [ [ 4568287.354341622442007, 4598489.167287985794246 ], [ 4568287.663683390244842, 4598490.198052675463259 ], [ 4568297.864701467566192, 4598521.454489454627037 ], [ 4568306.718654251657426, 4598539.754539742134511 ] ] ] } },
{ "type": "Feature", "properties": { "fid": 243, "OBJECTID": 903, "TIP": 1, "AD": "1021", "SHAPE_Leng": 86.941729995000003, "DÜZENLENE": null }, "geometry": { "type": "MultiLineString", "coordinates": [ [ [ 4565655.152140930294991, 4598862.413416812196374 ], [ 4565649.168824824504554, 4598854.911532659083605 ], [ 4565634.605118521489203, 4598844.210144237615168 ], [ 4565615.547539714723825, 4598837.991813872940838 ], [ 4565606.015125517733395, 4598832.128012561239302 ], [ 4565587.580540210939944, 4598823.647290437482297 ], [ 4565559.070710894651711, 4598810.816605417057872 ] ] ] } },
{ "type": "Feature", "properties": { "fid": 244, "OBJECTID": 904, "TIP": 2, "AD": "DİYARBAKIR", "SHAPE_Leng": 58.2642761476, "DÜZENLENE": null }, "geometry": { "type": "MultiLineString", "coordinates": [ [ [ 4563711.199527656659484, 4600647.57354003470391 ], [ 4563679.080411228351295, 4600656.378600723110139 ], [ 4563639.578018309548497, 4600666.10798445250839 ] ] ] } },
{ "type": "Feature", "properties": { "fid": 245, "OBJECTID": 905, "TIP": 2, "AD": "FIRAT", "SHAPE_Leng": 67.5967181197, "DÜZENLENE": null }, "geometry": { "type": "MultiLineString", "coordinates": [ [ [ 4564533.444473730400205, 4600102.794747400097549 ], [ 4564537.241005347110331, 4600112.463735405355692 ], [ 4564541.091669446788728, 4600122.275890806689858 ], [ 4564548.709886294789612, 4600135.436152731068432 ], [ 4564550.895135211758316, 4600153.718385740183294 ], [ 4564551.277054704725742, 4600174.063928425312042 ], [ 4564551.351074936799705, 4600185.307616750709713 ] ] ] } },
{ "type": "Feature", "properties": { "fid": 246, "OBJECTID": 906, "TIP": 2, "AD": "FIRAT", "SHAPE_Leng": 112.9914753, "DÜZENLENE": null }, "geometry": { "type": "MultiLineString", "coordinates": [ [ [ 4564551.351074936799705, 4600185.307616750709713 ], [ 4564552.239150391891599, 4600205.754694973118603 ], [ 4564549.19439094979316, 4600230.785310115665197 ], [ 4564544.538924660533667, 4600264.228716648183763 ], [ 4564542.893931444734335, 4600284.056291246786714 ], [ 4564542.148521283641458, 4600309.26211010850966 ], [ 4564541.061782762408257, 4600328.703676827251911 ] ] ] } },
{ "type": "Feature", "properties": { "fid": 247, "OBJECTID": 907, "TIP": 1, "AD": "510", "SHAPE_Leng": 41.688605314100002, "DÜZENLENE": null }, "geometry": { "type": "MultiLineString", "coordinates": [ [ [ 4564610.370041871443391, 4599508.433707968331873 ], [ 4564610.814412580803037, 4599501.679871394298971 ], [ 4564611.178904404863715, 4599496.140265204943717 ], [ 4564613.327188260853291, 4599477.337759306654334 ], [ 4564615.418883232399821, 4599468.38673999812454 ], [ 4564614.474362656474113, 4599455.723418441601098 ] ] ] } },
{ "type": "Feature", "properties": { "fid": 248, "OBJECTID": 908, "TIP": 2, "AD": "AZİZOĞLU", "SHAPE_Leng": 13.447709979400001, "DÜZENLENE": null }, "geometry": { "type": "MultiLineString", "coordinates": [ [ [ 4564883.74691120442003, 4599271.300282497890294 ], [ 4564882.267671679146588, 4599254.223802947439253 ] ] ] } },
{ "type": "Feature", "properties": { "fid": 249, "OBJECTID": 215, "TIP": 2, "AD": "ŞEHİTLİK", "SHAPE_Leng": 15.2667757578, "DÜZENLENE": null }, "geometry": { "type": "MultiLineString", "coordinates": [ [ [ 4565733.34242653567344, 4600483.371309200301766 ], [ 4565736.624424362555146, 4600502.55208108201623 ] ] ] } },
{ "type": "Feature", "properties": { "fid": 250, "OBJECTID": 216, "TIP": 2, "AD": "ŞEHİTLİK", "SHAPE_Leng": 60.1680673109, "DÜZENLENE": null }, "geometry": { "type": "MultiLineString", "coordinates": [ [ [ 4565605.065491983667016, 4600152.766445542685688 ], [ 4565612.392447331920266, 4600160.163474756292999 ], [ 4565624.398954084143043, 4600185.090946937911212 ], [ 4565632.924702255986631, 4600214.772412376478314 ], [ 4565635.233247501775622, 4600222.098877503536642 ] ] ] } },
{ "type": "Feature", "properties": { "fid": 251, "OBJECTID": 217, "TIP": 2, "AD": "ŞEHİTLİK", "SHAPE_Leng": 125.35074884700001, "DÜZENLENE": null }, "geometry": { "type": "MultiLineString", "coordinates": [ [ [ 4565635.233247501775622, 4600222.098877503536642 ], [ 4565656.797441920265555, 4600274.706435319036245 ], [ 4565700.736537015996873, 4600367.669445363804698 ] ] ] } },
{ "type": "Feature", "properties": { "fid": 252, "OBJECTID": 218, "TIP": 1, "AD": "819", "SHAPE_Leng": 74.159325104399997, "DÜZENLENE": null }, "geometry": { "type": "MultiLineString", "coordinates": [ [ [ 4565168.737423182465136, 4600561.211012555286288 ], [ 4565154.562307696789503, 4600568.862289732322097 ], [ 4565129.641911238431931, 4600589.808723950758576 ], [ 4565122.349694855511189, 4600598.359345428645611 ], [ 4565134.510247236117721, 4600613.856737197376788 ], [ 4565142.246322222985327, 4600623.824292013421655 ], [ 4565142.122712445445359, 4600625.9396992912516 ] ] ] } },
{ "type": "Feature", "properties": { "fid": 253, "OBJECTID": 219, "TIP": 1, "AD": "945", "SHAPE_Leng": 57.438955583099997, "DÜZENLENE": "SİLİNECEK" }, "geometry": { "type": "MultiLineString", "coordinates": [ [ [ 4565525.616703115403652, 4599666.239142725244164 ], [ 4565575.030242444016039, 4599640.66724731400609 ], [ 4565654.852185720577836, 4599602.184735082089901 ] ] ] } },
{ "type": "Feature", "properties": { "fid": 254, "OBJECTID": 220, "TIP": 2, "AD": "BEYAZIT", "SHAPE_Leng": 23.3471375188, "DÜZENLENE": null }, "geometry": { "type": "MultiLineString", "coordinates": [ [ [ 4565317.931802399456501, 4599992.611666701734066 ], [ 4565323.512777525931597, 4600004.627985102124512 ], [ 4565331.005898321978748, 4600019.315036374144256 ] ] ] } },
{ "type": "Feature", "properties": { "fid": 255, "OBJECTID": 221, "TIP": 2, "AD": "POLAT", "SHAPE_Leng": 41.773555382600001, "DÜZENLENE": null }, "geometry": { "type": "MultiLineString", "coordinates": [ [ [ 4566022.030251846648753, 4600107.879491010680795 ], [ 4566028.080693277530372, 4600108.675534285604954 ], [ 4566074.91096678096801, 4600111.700683543458581 ] ] ] } },
{ "type": "Feature", "properties": { "fid": 256, "OBJECTID": 222, "TIP": 2, "AD": "POLAT", "SHAPE_Leng": 45.960650602500003, "DÜZENLENE": null }, "geometry": { "type": "MultiLineString", "coordinates": [ [ [ 4566102.790878041647375, 4600114.599811661057174 ], [ 4566161.057734284549952, 4600117.621977750211954 ] ] ] } },
{ "type": "Feature", "properties": { "fid": 257, "OBJECTID": 223, "TIP": 1, "AD": "817", "SHAPE_Leng": 37.984503710299997, "DÜZENLENE": null }, "geometry": { "type": "MultiLineString", "coordinates": [ [ [ 4564905.718978838995099, 4600659.412722994573414 ], [ 4564893.677527980878949, 4600668.221797476522624 ], [ 4564870.08652959112078, 4600691.856045545078814 ] ] ] } },
{ "type": "Feature", "properties": { "fid": 258, "OBJECTID": 224, "TIP": 2, "AD": "FIRAT SİMPİL", "SHAPE_Leng": 31.769094999699998, "DÜZENLENE": null }, "geometry": { "type": "MultiLineString", "coordinates": [ [ [ 4564513.822642548941076, 4600514.455878192558885 ], [ 4564511.863554373383522, 4600522.625564402900636 ], [ 4564507.575767312198877, 4600554.43132196739316 ] ] ] } },
{ "type": "Feature", "properties": { "fid": 259, "OBJECTID": 225, "TIP": 1, "AD": "670", "SHAPE_Leng": 172.32107217800001, "DÜZENLENE": null }, "geometry": { "type": "MultiLineString", "coordinates": [ [ [ 4563146.746603462845087, 4600654.202266872860491 ], [ 4563144.046506267972291, 4600630.665652556344867 ], [ 4563139.030368314124644, 4600605.583377914503217 ], [ 4563127.935188907198608, 4600555.981672908179462 ], [ 4563125.013604660518467, 4600545.181239400058985 ], [ 4563118.19983196631074, 4600515.921832419000566 ], [ 4563117.952091448940337, 4600512.098073035478592 ], [ 4563118.22164211794734, 4600510.38682465441525 ], [ 4563119.934075172059238, 4600507.826998939737678 ], [ 4563124.941030850633979, 4600502.044737088494003 ], [ 4563133.764390650205314, 4600493.420236985199153 ], [ 4563158.801405695267022, 4600469.558492311276495 ], [ 4563168.434591897763312, 4600458.114777323789895 ] ] ] } },
{ "type": "Feature", "properties": { "fid": 260, "OBJECTID": 226, "TIP": 1, "AD": "670", "SHAPE_Leng": 55.103427981899998, "DÜZENLENE": null }, "geometry": { "type": "MultiLineString", "coordinates": [ [ [ 4563168.434591897763312, 4600458.114777323789895 ], [ 4563177.867643851786852, 4600438.503756113350391 ], [ 4563179.00676060654223, 4600436.295094933360815 ], [ 4563182.728231399320066, 4600431.687638349831104 ], [ 4563185.106000604107976, 4600429.679605528712273 ], [ 4563190.007287802174687, 4600426.772521324455738 ], [ 4563219.051888955757022, 4600415.660811657086015 ] ] ] } },
{ "type": "Feature", "properties": { "fid": 261, "OBJECTID": 227, "TIP": 1, "AD": "HASTANE", "SHAPE_Leng": 93.142050658000002, "DÜZENLENE": null }, "geometry": { "type": "MultiLineString", "coordinates": [ [ [ 4563175.447509678080678, 4600769.295652663335204 ], [ 4563166.555920113809407, 4600740.780388684011996 ], [ 4563158.508948624134064, 4600710.14035630505532 ], [ 4563146.746603462845087, 4600654.202266872860491 ] ] ] } },
{ "type": "Feature", "properties": { "fid": 262, "OBJECTID": 228, "TIP": 1, "AD": "611", "SHAPE_Leng": 13.518687889500001, "DÜZENLENE": null }, "geometry": { "type": "MultiLineString", "coordinates": [ [ [ 4564056.371174824424088, 4599787.399927227757871 ], [ 4564051.892974480986595, 4599770.764678621664643 ] ] ] } },
{ "type": "Feature", "properties": { "fid": 263, "OBJECTID": 229, "TIP": 1, "AD": "611", "SHAPE_Leng": 33.205132994800003, "DÜZENLENE": null }, "geometry": { "type": "MultiLineString", "coordinates": [ [ [ 4564051.892974480986595, 4599770.764678621664643 ], [ 4564052.248811587691307, 4599762.300794878043234 ], [ 4564040.103670752607286, 4599730.718558692373335 ] ] ] } },
{ "type": "Feature", "properties": { "fid": 264, "OBJECTID": 230, "TIP": 1, "AD": "212", "SHAPE_Leng": 89.046090502699997, "DÜZENLENE": null }, "geometry": { "type": "MultiLineString", "coordinates": [ [ [ 4564987.765470443293452, 4600152.755166282877326 ], [ 4564958.681534450501204, 4600136.973819640465081 ], [ 4564918.863358772359788, 4600112.835187451913953 ], [ 4564890.466708603315055, 4600095.045751565136015 ] ] ] } },
{ "type": "Feature", "properties": { "fid": 265, "OBJECTID": 232, "TIP": 2, "AD": "ŞEHİTLİK", "SHAPE_Leng": 37.182093346499997, "DÜZENLENE": null }, "geometry": { "type": "MultiLineString", "coordinates": [ [ [ 4565415.399332396686077, 4599783.386493254452944 ], [ 4565441.138397825881839, 4599795.465533229522407 ], [ 4565459.480531231500208, 4599799.55182063113898 ] ] ] } },
{ "type": "Feature", "properties": { "fid": 266, "OBJECTID": 233, "TIP": 1, "AD": "962", "SHAPE_Leng": 106.386414738, "DÜZENLENE": null }, "geometry": { "type": "MultiLineString", "coordinates": [ [ [ 4565994.658805067650974, 4600104.277967694215477 ], [ 4565992.927900687791407, 4600092.010653863660991 ], [ 4565989.261987366713583, 4600067.531400561332703 ], [ 4565974.142004321329296, 4599970.239600482396781 ] ] ] } },
{ "type": "Feature", "properties": { "fid": 267, "OBJECTID": 234, "TIP": 1, "AD": "964", "SHAPE_Leng": 117.259778689, "DÜZENLENE": null }, "geometry": { "type": "MultiLineString", "coordinates": [ [ [ 4566022.030251846648753, 4600107.879491010680795 ], [ 4566028.726537586189806, 4600105.278876866213977 ], [ 4566030.107638266868889, 4600100.795635976828635 ], [ 4566007.089884098619223, 4599965.179359920322895 ] ] ] } },
{ "type": "Feature", "properties": { "fid": 268, "OBJECTID": 235, "TIP": 2, "AD": "POLAT", "SHAPE_Leng": 119.676119508, "DÜZENLENE": null }, "geometry": { "type": "MultiLineString", "coordinates": [ [ [ 4566161.057734284549952, 4600117.621977750211954 ], [ 4566172.344373675063252, 4600118.207332297228277 ], [ 4566233.900108529254794, 4600118.61565035674721 ], [ 4566285.65933592710644, 4600119.642829980701208 ], [ 4566312.949283419176936, 4600120.125343305058777 ] ] ] } },
{ "type": "Feature", "properties": { "fid": 269, "OBJECTID": 236, "TIP": 1, "AD": "930", "SHAPE_Leng": 50.349170283200003, "DÜZENLENE": null }, "geometry": { "type": "MultiLineString", "coordinates": [ [ [ 4565468.130086747929454, 4599583.649795247241855 ], [ 4565481.346644211560488, 4599597.094417689368129 ], [ 4565495.411566912196577, 4599617.837779332883656 ], [ 4565504.579250668175519, 4599635.809372497722507 ] ] ] } },
{ "type": "Feature", "properties": { "fid": 270, "OBJECTID": 237, "TIP": 2, "AD": "GAZİ", "SHAPE_Leng": 30.425020912299999, "DÜZENLENE": null }, "geometry": { "type": "MultiLineString", "coordinates": [ [ [ 4564527.105089137330651, 4599512.482090657576919 ], [ 4564528.822256878949702, 4599512.142662077210844 ], [ 4564535.996001471765339, 4599510.724648787640035 ], [ 4564565.527152297087014, 4599509.429083708673716 ] ] ] } },
{ "type": "Feature", "properties": { "fid": 271, "OBJECTID": 238, "TIP": 2, "AD": "GAZİ", "SHAPE_Leng": 35.354378349500003, "DÜZENLENE": null }, "geometry": { "type": "MultiLineString", "coordinates": [ [ [ 4564565.527152297087014, 4599509.429083708673716 ], [ 4564596.85483359452337, 4599508.054532255977392 ], [ 4564610.370041871443391, 4599508.433707968331873 ] ] ] } },
{ "type": "Feature", "properties": { "fid": 272, "OBJECTID": 239, "TIP": 1, "AD": "520", "SHAPE_Leng": 30.192028028100001, "DÜZENLENE": null }, "geometry": { "type": "MultiLineString", "coordinates": [ [ [ 4564508.823481121100485, 4599516.09589661564678 ], [ 4564506.133480805903673, 4599503.713131310418248 ], [ 4564504.272365352138877, 4599499.121049500070512 ], [ 4564501.30866741668433, 4599491.808656455017626 ], [ 4564497.441495400853455, 4599479.445975624024868 ] ] ] } },
{ "type": "Feature", "properties": { "fid": 273, "OBJECTID": 240, "TIP": 1, "AD": "520", "SHAPE_Leng": 48.757180438399999, "DÜZENLENE": null }, "geometry": { "type": "MultiLineString", "coordinates": [ [ [ 4564495.770428093150258, 4599465.481737781316042 ], [ 4564499.949999402277172, 4599460.380968099460006 ], [ 4564500.321216805838048, 4599452.159489289857447 ], [ 4564494.492318836972117, 4599434.805370138026774 ], [ 4564484.980775538831949, 4599407.424599199555814 ] ] ] } },
{ "type": "Feature", "properties": { "fid": 274, "OBJECTID": 241, "TIP": 1, "AD": "TOKİ", "SHAPE_Leng": 540.70574561000001, "DÜZENLENE": null }, "geometry": { "type": "MultiLineString", "coordinates": [ [ [ 4560459.030054991133511, 4600824.633283477276564 ], [ 4560467.696212618611753, 4600790.344698283821344 ], [ 4560500.628445643931627, 4600714.340119046159089 ], [ 4560531.190488681197166, 4600647.023484903387725 ], [ 4560579.822588136419654, 4600538.162592981010675 ], [ 4560591.030075155198574, 4600515.25229318998754 ], [ 4560940.026177548803389, 4600480.014072880148888 ] ] ] } },
{ "type": "Feature", "properties": { "fid": 275, "OBJECTID": 242, "TIP": 1, "AD": "MEHTEP", "SHAPE_Leng": 146.878976204, "DÜZENLENE": null }, "geometry": { "type": "MultiLineString", "coordinates": [ [ [ 4565394.096614627167583, 4598973.522329365834594 ], [ 4565393.969881576485932, 4598973.47409381903708 ], [ 4565395.324275187216699, 4598964.239561511203647 ], [ 4565395.9467320330441, 4598955.804022618569434 ], [ 4565396.152046525850892, 4598936.280113020911813 ], [ 4565398.040541307069361, 4598920.291829004883766 ], [ 4565398.114102057181299, 4598894.410169268026948 ], [ 4565399.039521716535091, 4598875.05057599581778 ], [ 4565396.775597630999982, 4598840.73890034109354 ], [ 4565389.24117982108146, 4598798.806292006745934 ], [ 4565387.721840700134635, 4598787.672724884934723 ], [ 4565387.842669676989317, 4598787.571162665262818 ] ] ] } },
{ "type": "Feature", "properties": { "fid": 276, "OBJECTID": 243, "TIP": 1, "AD": "345", "SHAPE_Leng": 20.313162742399999, "DÜZENLENE": null }, "geometry": { "type": "MultiLineString", "coordinates": [ [ [ 4565213.292804028838873, 4598971.125638286583126 ], [ 4565228.554554814472795, 4598970.67541232239455 ], [ 4565239.059617521241307, 4598970.208606353029609 ] ] ] } },
{ "type": "Feature", "properties": { "fid": 277, "OBJECTID": 244, "TIP": 1, "AD": "558", "SHAPE_Leng": 87.836204068100002, "DÜZENLENE": null }, "geometry": { "type": "MultiLineString", "coordinates": [ [ [ 4563260.622098250314593, 4599899.981788010336459 ], [ 4563256.319041753187776, 4599879.796656241640449 ], [ 4563246.254028040915728, 4599855.351370268501341 ], [ 4563234.950758787803352, 4599828.635535491630435 ], [ 4563215.778752740472555, 4599798.399897863157094 ] ] ] } },
{ "type": "Feature", "properties": { "fid": 278, "OBJECTID": 245, "TIP": 1, "AD": "560", "SHAPE_Leng": 86.984525698200002, "DÜZENLENE": null }, "geometry": { "type": "MultiLineString", "coordinates": [ [ [ 4562420.845129772089422, 4600916.337665732949972 ], [ 4562420.112538048066199, 4600915.580551709979773 ], [ 4562410.44943290296942, 4600905.595445426180959 ], [ 4562394.8954665241763, 4600890.455216054804623 ], [ 4562367.664009927771986, 4600861.283556978218257 ], [ 4562361.950698874890804, 4600858.67271822411567 ], [ 4562352.841796305030584, 4600855.267891098745167 ], [ 4562340.45500026550144, 4600842.101069622673094 ] ] ] } },
{ "type": "Feature", "properties": { "fid": 279, "OBJECTID": 246, "TIP": 1, "AD": "761", "SHAPE_Leng": 55.206372565099997, "DÜZENLENE": null }, "geometry": { "type": "MultiLineString", "coordinates": [ [ [ 4562776.066195894964039, 4601460.900695270858705 ], [ 4562779.668413077481091, 4601479.593822796829045 ], [ 4562790.607262178324163, 4601504.703850205987692 ], [ 4562801.868343662470579, 4601525.800637412816286 ] ] ] } },
{ "type": "Feature", "properties": { "fid": 280, "OBJECTID": 247, "TIP": 2, "AD": "DİYARBAKIR", "SHAPE_Leng": 156.12306034299999, "DÜZENLENE": null }, "geometry": { "type": "MultiLineString", "coordinates": [ [ [ 4560903.174804022535682, 4601020.423769821412861 ], [ 4560832.48736172914505, 4600988.869026478379965 ], [ 4560721.535252864472568, 4600940.763974319212139 ] ] ] } },
{ "type": "Feature", "properties": { "fid": 281, "OBJECTID": 248, "TIP": 2, "AD": "DİYARBAKIR", "SHAPE_Leng": 225.955221163, "DÜZENLENE": null }, "geometry": { "type": "MultiLineString", "coordinates": [ [ [ 4560721.535252864472568, 4600940.763974319212139 ], [ 4560651.526279680430889, 4600909.463557757437229 ], [ 4560572.328928828239441, 4600875.794587367214262 ], [ 4560459.030054991133511, 4600824.633283477276564 ] ] ] } },
{ "type": "Feature", "properties": { "fid": 282, "OBJECTID": 249, "TIP": 1, "AD": "635", "SHAPE_Leng": 56.064751234200003, "DÜZENLENE": null }, "geometry": { "type": "MultiLineString", "coordinates": [ [ [ 4563583.368470787070692, 4599823.822995044291019 ], [ 4563579.309895006008446, 4599821.147880636155605 ], [ 4563572.2254081023857, 4599819.898069403134286 ], [ 4563566.784390616230667, 4599820.725812165997922 ], [ 4563517.618750533089042, 4599842.209555637091398 ] ] ] } },
{ "type": "Feature", "properties": { "fid": 283, "OBJECTID": 250, "TIP": 2, "AD": "ESKİBİTLİS", "SHAPE_Leng": 22.475203931399999, "DÜZENLENE": null }, "geometry": { "type": "MultiLineString", "coordinates": [ [ [ 4565074.293394353240728, 4599267.470606870017946 ], [ 4565062.47541275806725, 4599251.760108984075487 ], [ 4565057.605917162261903, 4599244.253388011828065 ] ] ] } },
{ "type": "Feature", "properties": { "fid": 284, "OBJECTID": 251, "TIP": 1, "AD": "948", "SHAPE_Leng": 87.893451244999994, "DÜZENLENE": null }, "geometry": { "type": "MultiLineString", "coordinates": [ [ [ 4565807.995166284032166, 4600064.764891539700329 ], [ 4565811.316616153344512, 4600080.447990839369595 ], [ 4565818.550805984996259, 4600107.511611429974437 ], [ 4565831.392751282081008, 4600148.25369215477258 ], [ 4565835.918202456086874, 4600163.66505294572562 ], [ 4565837.670942411758006, 4600172.678977776318789 ] ] ] } },
{ "type": "Feature", "properties": { "fid": 285, "OBJECTID": 252, "TIP": 1, "AD": "937", "SHAPE_Leng": 179.478099695, "DÜZENLENE": null }, "geometry": { "type": "MultiLineString", "coordinates": [ [ [ 4565553.055835208855569, 4600606.028163500130177 ], [ 4565576.533661280758679, 4600597.959126378409564 ], [ 4565610.801414165645838, 4600585.471399021334946 ], [ 4565642.426194361411035, 4600575.065434439107776 ], [ 4565685.500800033099949, 4600559.686403426341712 ], [ 4565713.551212267018855, 4600551.787274478003383 ], [ 4565729.556378959678113, 4600539.967587294988334 ], [ 4565735.951402974314988, 4600524.983830907382071 ], [ 4565736.624424362555146, 4600502.55208108201623 ] ] ] } },
{ "type": "Feature", "properties": { "fid": 286, "OBJECTID": 253, "TIP": 1, "AD": "937", "SHAPE_Leng": 47.593741593799997, "DÜZENLENE": null }, "geometry": { "type": "MultiLineString", "coordinates": [ [ [ 4565496.396447696723044, 4600627.100721465423703 ], [ 4565553.055835208855569, 4600606.028163500130177 ] ] ] } },
{ "type": "Feature", "properties": { "fid": 287, "OBJECTID": 254, "TIP": 1, "AD": "923", "SHAPE_Leng": 44.526131560800003, "DÜZENLENE": null }, "geometry": { "type": "MultiLineString", "coordinates": [ [ [ 4565635.233247501775622, 4600222.098877503536642 ], [ 4565689.681464705616236, 4600206.857758330181241 ] ] ] } },
{ "type": "Feature", "properties": { "fid": 288, "OBJECTID": 255, "TIP": 1, "AD": "923", "SHAPE_Leng": 61.414045677600001, "DÜZENLENE": null }, "geometry": { "type": "MultiLineString", "coordinates": [ [ [ 4565689.681464705616236, 4600206.857758330181241 ], [ 4565765.063633860088885, 4600186.883191286586225 ] ] ] } },
{ "type": "Feature", "properties": { "fid": 289, "OBJECTID": 256, "TIP": 1, "AD": "942", "SHAPE_Leng": 126.36336585, "DÜZENLENE": null }, "geometry": { "type": "MultiLineString", "coordinates": [ [ [ 4565689.681464705616236, 4600206.857758330181241 ], [ 4565688.121919933706522, 4600212.003840233199298 ], [ 4565698.096309614367783, 4600238.235174996778369 ], [ 4565715.910656646825373, 4600285.211710306815803 ], [ 4565721.893571805208921, 4600300.869745087809861 ], [ 4565725.987164286896586, 4600328.578982312232256 ], [ 4565733.526329140178859, 4600360.261454640887678 ] ] ] } },
{ "type": "Feature", "properties": { "fid": 290, "OBJECTID": 257, "TIP": 1, "AD": "989", "SHAPE_Leng": 26.475015612499998, "DÜZENLENE": null }, "geometry": { "type": "MultiLineString", "coordinates": [ [ [ 4565700.736537015996873, 4600367.669445363804698 ], [ 4565733.526329140178859, 4600360.261454640887678 ] ] ] } },
{ "type": "Feature", "properties": { "fid": 291, "OBJECTID": 258, "TIP": 1, "AD": "989", "SHAPE_Leng": 52.362413494999998, "DÜZENLENE": null }, "geometry": { "type": "MultiLineString", "coordinates": [ [ [ 4565733.526329140178859, 4600360.261454640887678 ], [ 4565798.903089202940464, 4600348.18985076341778 ] ] ] } },
{ "type": "Feature", "properties": { "fid": 292, "OBJECTID": 259, "TIP": 1, "AD": "991", "SHAPE_Leng": 58.568088328599998, "DÜZENLENE": null }, "geometry": { "type": "MultiLineString", "coordinates": [ [ [ 4565736.624424362555146, 4600502.55208108201623 ], [ 4565763.125673326663673, 4600498.474945215508342 ], [ 4565776.19303531665355, 4600493.736533096991479 ], [ 4565787.42067906819284, 4600484.719930481165648 ], [ 4565798.150780252180994, 4600468.645252381451428 ] ] ] } },
{ "type": "Feature", "properties": { "fid": 293, "OBJECTID": 260, "TIP": 2, "AD": "TARANCI", "SHAPE_Leng": 37.714047444199998, "DÜZENLENE": null }, "geometry": { "type": "MultiLineString", "coordinates": [ [ [ 4565074.747883825562894, 4598901.505209877155721 ], [ 4565066.411805184558034, 4598867.170530399307609 ], [ 4565064.541317502968013, 4598854.580268181860447 ] ] ] } },
{ "type": "Feature", "properties": { "fid": 294, "OBJECTID": 261, "TIP": 2, "AD": "TARANCI", "SHAPE_Leng": 11.321010164400001, "DÜZENLENE": null }, "geometry": { "type": "MultiLineString", "coordinates": [ [ [ 4565059.581768481992185, 4598819.414891817606986 ], [ 4565057.841804854571819, 4598806.23565695527941 ], [ 4565057.724776398390532, 4598805.106745789758861 ] ] ] } },
{ "type": "Feature", "properties": { "fid": 295, "OBJECTID": 262, "TIP": 2, "AD": "TARANCI", "SHAPE_Leng": 27.865888326899999, "DÜZENLENE": null }, "geometry": { "type": "MultiLineString", "coordinates": [ [ [ 4565064.541317502968013, 4598854.580268181860447 ], [ 4565061.696251663379371, 4598835.430645902641118 ], [ 4565059.581768481992185, 4598819.414891817606986 ] ] ] } },
{ "type": "Feature", "properties": { "fid": 296, "OBJECTID": 263, "TIP": 1, "AD": "351", "SHAPE_Leng": 85.710012123799999, "DÜZENLENE": null }, "geometry": { "type": "MultiLineString", "coordinates": [ [ [ 4564966.635386415757239, 4598901.219910714775324 ], [ 4564996.987314677797258, 4598906.766704771667719 ], [ 4565046.498665953986347, 4598903.011772889643908 ], [ 4565074.747883825562894, 4598901.505209877155721 ] ] ] } },
{ "type": "Feature", "properties": { "fid": 297, "OBJECTID": 264, "TIP": 1, "AD": "351", "SHAPE_Leng": 58.913216690900001, "DÜZENLENE": null }, "geometry": { "type": "MultiLineString", "coordinates": [ [ [ 4564894.390681952238083, 4598884.575237741693854 ], [ 4564910.626323873177171, 4598889.754384106956422 ], [ 4564922.032762438990176, 4598895.30824061576277 ], [ 4564942.584115925244987, 4598899.365335640497506 ], [ 4564966.635386415757239, 4598901.219910714775324 ] ] ] } },
{ "type": "Feature", "properties": { "fid": 298, "OBJECTID": 265, "TIP": 1, "AD": "351", "SHAPE_Leng": 37.734979894200002, "DÜZENLENE": null }, "geometry": { "type": "MultiLineString", "coordinates": [ [ [ 4564849.54490849096328, 4598869.448547087609768 ], [ 4564850.469189154915512, 4598870.957565331831574 ], [ 4564852.465155310928822, 4598872.143443590961397 ], [ 4564857.447955951094627, 4598874.630591722205281 ], [ 4564880.10382725391537, 4598880.530314140021801 ], [ 4564894.390681952238083, 4598884.575237741693854 ] ] ] } },
{ "type": "Feature", "properties": { "fid": 299, "OBJECTID": 266, "TIP": 1, "AD": "357", "SHAPE_Leng": 67.685408045800003, "DÜZENLENE": null }, "geometry": { "type": "MultiLineString", "coordinates": [ [ [ 4565064.541317502968013, 4598854.580268181860447 ], [ 4565045.88099907618016, 4598853.498689515516162 ], [ 4565031.46561262384057, 4598851.135808696039021 ], [ 4565007.408299133181572, 4598846.711609834805131 ], [ 4564995.494061798788607, 4598844.609446981921792 ], [ 4564979.606575101613998, 4598842.245100103318691 ] ] ] } },
{ "type": "Feature", "properties": { "fid": 300, "OBJECTID": 267, "TIP": 1, "AD": "322", "SHAPE_Leng": 98.39225862000001, "DÜZENLENE": null }, "geometry": { "type": "MultiLineString", "coordinates": [ [ [ 4564898.959781372919679, 4599138.458971017971635 ], [ 4564909.457866952754557, 4599138.001313310116529 ], [ 4564917.289754665456712, 4599137.291409119963646 ], [ 4564922.855869050137699, 4599136.198933343403041 ], [ 4564926.0675825541839, 4599135.58932014554739 ], [ 4564926.698296524584293, 4599134.927950670011342 ], [ 4564925.864865460433066, 4599131.168094579130411 ], [ 4564924.542018036358058, 4599114.68154352158308 ], [ 4564923.947566851042211, 4599102.065003790892661 ], [ 4564923.562428195029497, 4599089.552169868722558 ], [ 4564923.51493280287832, 4599087.236936421133578 ], [ 4564923.760549997910857, 4599076.332354995422065 ], [ 4564923.594495217315853, 4599060.648291029967368 ], [ 4564923.639806098304689, 4599044.568386511877179 ], [ 4564923.863759871572256, 4599038.03037294652313 ] ] ] } },
{ "type": "Feature", "properties": { "fid": 301, "OBJECTID": 268, "TIP": 1, "AD": "503", "SHAPE_Leng": 13.1886290086, "DÜZENLENE": null }, "geometry": { "type": "MultiLineString", "coordinates": [ [ [ 4564614.474362656474113, 4599455.723418441601098 ], [ 4564602.998688866384327, 4599457.786024150438607 ], [ 4564597.981322593986988, 4599458.60495746973902 ] ] ] } },
{ "type": "Feature", "properties": { "fid": 302, "OBJECTID": 269, "TIP": 2, "AD": "GAZİ", "SHAPE_Leng": 97.652591585300001, "DÜZENLENE": null }, "geometry": { "type": "MultiLineString", "coordinates": [ [ [ 4564729.520168788731098, 4599500.587358454242349 ], [ 4564853.005518379621208, 4599489.730476444587111 ] ] ] } },
{ "type": "Feature", "properties": { "fid": 303, "OBJECTID": 270, "TIP": 1, "AD": "1020", "SHAPE_Leng": 382.17577987099997, "DÜZENLENE": null }, "geometry": { "type": "MultiLineString", "coordinates": [ [ [ 4565794.564930585213006, 4597931.366244704462588 ], [ 4565786.723746348172426, 4597926.214758151210845 ], [ 4565752.348655349574983, 4597910.550180657766759 ], [ 4565720.717825969681144, 4597897.523833056911826 ], [ 4565693.718947635963559, 4597891.591818375512958 ], [ 4565651.257596944458783, 4597874.754201610572636 ], [ 4565615.734695196151733, 4597857.765054547227919 ], [ 4565587.417770043946803, 4597842.642558487132192 ], [ 4565561.548210824839771, 4597826.792064120061696 ], [ 4565540.724521500058472, 4597806.109610857442021 ], [ 4565515.755716636776924, 4597780.121056878007948 ], [ 4565490.908758296631277, 4597749.40779030136764 ], [ 4565482.677152798511088, 4597731.149277745746076 ], [ 4565468.534099787473679, 4597708.747386993840337 ], [ 4565447.365636479109526, 4597682.451249118894339 ], [ 4565430.522517750971019, 4597659.433629906736314 ], [ 4565420.430657580494881, 4597647.519574402831495 ] ] ] } },
{ "type": "Feature", "properties": { "fid": 304, "OBJECTID": 271, "TIP": 2, "AD": "DİYARBAKIR", "SHAPE_Leng": 112.809199663, "DÜZENLENE": null }, "geometry": { "type": "MultiLineString", "coordinates": [ [ [ 4563580.32246754039079, 4600681.790335612371564 ], [ 4563532.829041061922908, 4600692.33238772675395 ], [ 4563441.282699185423553, 4600716.171810760162771 ] ] ] } },
{ "type": "Feature", "properties": { "fid": 305, "OBJECTID": 272, "TIP": 1, "AD": "716", "SHAPE_Leng": 150.56776535700001, "DÜZENLENE": null }, "geometry": { "type": "MultiLineString", "coordinates": [ [ [ 4563563.793954667635262, 4600978.218961441889405 ], [ 4563533.140722561627626, 4601002.768213431350887 ], [ 4563511.925103395245969, 4601016.182152342051268 ], [ 4563489.044080397114158, 4601033.410837472416461 ], [ 4563449.205211029388011, 4601065.561342781409621 ], [ 4563413.109010961838067, 4601096.050405127927661 ] ] ] } },
{ "type": "Feature", "properties": { "fid": 306, "OBJECTID": 273, "TIP": 2, "AD": "POLAT", "SHAPE_Leng": 40.255537972500001, "DÜZENLENE": null }, "geometry": { "type": "MultiLineString", "coordinates": [ [ [ 4565885.934145568870008, 4600080.242428497411311 ], [ 4565892.182713813148439, 4600082.091483174823225 ], [ 4565935.421421781182289, 4600093.022232108749449 ] ] ] } },
{ "type": "Feature", "properties": { "fid": 307, "OBJECTID": 274, "TIP": 1, "AD": "708", "SHAPE_Leng": 42.542441387099998, "DÜZENLENE": null }, "geometry": { "type": "MultiLineString", "coordinates": [ [ [ 4564059.528226138092577, 4600718.699027735739946 ], [ 4564084.580786557868123, 4600766.745444889180362 ] ] ] } },
{ "type": "Feature", "properties": { "fid": 308, "OBJECTID": 275, "TIP": 2, "AD": "DR MEHMET EMİN AYHAN", "SHAPE_Leng": 119.483226464, "DÜZENLENE": null }, "geometry": { "type": "MultiLineString", "coordinates": [ [ [ 4561495.446531247347593, 4600932.326278803870082 ], [ 4561646.844604425132275, 4600922.854067890904844 ], [ 4561755.14346625842154, 4600915.115497938357294 ], [ 4561854.724166718311608, 4600897.965838629752398 ], [ 4561902.922830118797719, 4600870.063704582862556 ], [ 4562166.042730299755931, 4600624.184465468861163 ] ] ] } },
{ "type": "Feature", "properties": { "fid": 309, "OBJECTID": 276, "TIP": 1, "AD": "1135", "SHAPE_Leng": 27.020725292600002, "DÜZENLENE": null }, "geometry": { "type": "MultiLineString", "coordinates": [ [ [ 4568257.587504800409079, 4598719.52421242557466 ], [ 4568225.991144806146622, 4598732.918444864451885 ] ] ] } },
{ "type": "Feature", "properties": { "fid": 310, "OBJECTID": 277, "TIP": 2, "AD": "BULANIK", "SHAPE_Leng": 270.780070276, "DÜZENLENE": null }, "geometry": { "type": "MultiLineString", "coordinates": [ [ [ 4566783.903149038553238, 4598729.324983390048146 ], [ 4566778.16866369638592, 4598707.375575640238822 ], [ 4566769.223045192658901, 4598690.267247118987143 ], [ 4566759.289691315963864, 4598671.270076283253729 ], [ 4566751.720769654028118, 4598652.726600343361497 ], [ 4566743.365219130180776, 4598630.962380139157176 ], [ 4566736.891094627790153, 4598601.154338557273149 ], [ 4566735.004432323388755, 4598592.46778513956815 ], [ 4566729.344246983528137, 4598580.484927944839001 ], [ 4566718.204775292426348, 4598556.902452651411295 ], [ 4566713.221194680780172, 4598546.35213547386229 ], [ 4566704.586376157589257, 4598536.467098944820464 ], [ 4566665.574985818006098, 4598497.205191662535071 ], [ 4566645.354253889061511, 4598465.267068343237042 ], [ 4566635.441581055521965, 4598440.187242453917861 ], [ 4566631.326470144093037, 4598429.775550585240126 ], [ 4566630.222644108347595, 4598426.772764351218939 ] ] ] } },
{ "type": "Feature", "properties": { "fid": 311, "OBJECTID": 278, "TIP": 2, "AD": "DİCLE", "SHAPE_Leng": 916.25676349900004, "DÜZENLENE": null }, "geometry": { "type": "MultiLineString", "coordinates": [ [ [ 4565794.564930585213006, 4597931.366244704462588 ], [ 4565809.041047202423215, 4597890.672834781929851 ], [ 4565822.553189941681921, 4597842.483964098617435 ], [ 4565830.109572694636881, 4597819.159115388058126 ], [ 4565830.907949683256447, 4597783.614868329837918 ], [ 4565820.56414489261806, 4597750.562392362393439 ], [ 4565812.424362509511411, 4597736.574338177219033 ], [ 4565808.21136905439198, 4597697.092398355714977 ], [ 4565800.889475270174444, 4597638.116433495655656 ], [ 4565805.332235127687454, 4597595.073208003304899 ], [ 4565814.489714723080397, 4597531.916026440449059 ], [ 4565812.865168025717139, 4597487.881435003131628 ], [ 4565811.615772946737707, 4597409.43745902646333 ], [ 4565812.536558722145855, 4597307.113448370248079 ], [ 4565802.641416929662228, 4597253.367237219586968 ], [ 4565793.733597979880869, 4597214.214388225227594 ], [ 4565791.529950901865959, 4597195.150998974218965 ], [ 4565763.122945210896432, 4597134.389368046075106 ], [ 4565746.552497097291052, 4597113.615919834002852 ], [ 4565738.823756420984864, 4597098.843285349197686 ], [ 4565718.058263166807592, 4597059.152108304202557 ], [ 4565698.325912101194263, 4597026.756216183304787 ], [ 4565694.42987213190645, 4596991.541751958429813 ], [ 4565699.266660081222653, 4596956.361969034187496 ], [ 4565703.490705009549856, 4596913.551339626312256 ], [ 4565694.778244801796973, 4596873.046327008865774 ], [ 4565693.8066750401631, 4596817.75871179625392 ], [ 4565693.984589196741581, 4596803.315375844947994 ] ] ] } },
{ "type": "Feature", "properties": { "fid": 312, "OBJECTID": 279, "TIP": 2, "AD": "ESMERİM", "SHAPE_Leng": 38.111510435900001, "DÜZENLENE": null }, "geometry": { "type": "MultiLineString", "coordinates": [ [ [ 4565762.975623956881464, 4598719.108589892275631 ], [ 4565750.878180817700922, 4598726.38913484942168 ], [ 4565735.834951240569353, 4598740.097194189205766 ], [ 4565728.732380329631269, 4598752.161345649510622 ] ] ] } },
{ "type": "Feature", "properties": { "fid": 313, "OBJECTID": 280, "TIP": 1, "AD": "622", "SHAPE_Leng": 12.976434494199999, "DÜZENLENE": null }, "geometry": { "type": "MultiLineString", "coordinates": [ [ [ 4563813.653215794824064, 4599685.175334690138698 ], [ 4563819.433877412229776, 4599700.664342845790088 ] ] ] } },
{ "type": "Feature", "properties": { "fid": 314, "OBJECTID": 281, "TIP": 1, "AD": "622", "SHAPE_Leng": 36.966635947100002, "DÜZENLENE": null }, "geometry": { "type": "MultiLineString", "coordinates": [ [ [ 4563824.227248682640493, 4599713.508205705322325 ], [ 4563838.849438460543752, 4599758.283532356843352 ] ] ] } },
{ "type": "Feature", "properties": { "fid": 315, "OBJECTID": 282, "TIP": 1, "AD": "622", "SHAPE_Leng": 45.830721475099999, "DÜZENLENE": null }, "geometry": { "type": "MultiLineString", "coordinates": [ [ [ 4563838.849438460543752, 4599758.283532356843352 ], [ 4563845.998652592301369, 4599793.999873956665397 ], [ 4563852.496202441863716, 4599814.999642401002347 ] ] ] } },
{ "type": "Feature", "properties": { "fid": 316, "OBJECTID": 284, "TIP": 1, "AD": "617", "SHAPE_Leng": 19.944880959599999, "DÜZENLENE": null }, "geometry": { "type": "MultiLineString", "coordinates": [ [ [ 4563888.371172981336713, 4599856.305975749157369 ], [ 4563892.557779199443758, 4599881.38004435878247 ] ] ] } },
{ "type": "Feature", "properties": { "fid": 317, "OBJECTID": 285, "TIP": 1, "AD": "617", "SHAPE_Leng": 17.056848204000001, "DÜZENLENE": null }, "geometry": { "type": "MultiLineString", "coordinates": [ [ [ 4563892.557779199443758, 4599881.38004435878247 ], [ 4563902.499264820478857, 4599900.695469099096954 ] ] ] } },
{ "type": "Feature", "properties": { "fid": 318, "OBJECTID": 286, "TIP": 1, "AD": "617", "SHAPE_Leng": 24.911067590599998, "DÜZENLENE": null }, "geometry": { "type": "MultiLineString", "coordinates": [ [ [ 4563902.499264820478857, 4599900.695469099096954 ], [ 4563922.688656652346253, 4599925.13606059551239 ] ] ] } },
{ "type": "Feature", "properties": { "fid": 319, "OBJECTID": 287, "TIP": 1, "AD": "617", "SHAPE_Leng": 23.836376688200001, "DÜZENLENE": null }, "geometry": { "type": "MultiLineString", "coordinates": [ [ [ 4563939.491648726165295, 4599772.291452859528363 ], [ 4563936.039252297952771, 4599773.992307482287288 ], [ 4563913.00493910163641, 4599786.971025523729622 ] ] ] } },
{ "type": "Feature", "properties": { "fid": 320, "OBJECTID": 288, "TIP": 1, "AD": "1018", "SHAPE_Leng": 57.579026248700004, "DÜZENLENE": null }, "geometry": { "type": "MultiLineString", "coordinates": [ [ [ 4565574.160211034119129, 4598775.407249912619591 ], [ 4565577.345804341137409, 4598767.377231379039586 ], [ 4565579.474585796706378, 4598753.973333527334034 ], [ 4565578.467761727049947, 4598738.47893844358623 ], [ 4565575.843510344624519, 4598722.75006159953773 ], [ 4565575.155179088003933, 4598703.33607458230108 ], [ 4565575.149347418919206, 4598703.066312356851995 ] ] ] } },
{ "type": "Feature", "properties": { "fid": 321, "OBJECTID": 289, "TIP": 1, "AD": "1018", "SHAPE_Leng": 140.085625583, "DÜZENLENE": null }, "geometry": { "type": "MultiLineString", "coordinates": [ [ [ 4565575.149347418919206, 4598703.066312356851995 ], [ 4565574.206677007488906, 4598690.538990129716694 ], [ 4565577.590939464047551, 4598673.060004712082446 ], [ 4565592.589386565610766, 4598652.089845752343535 ], [ 4565613.339259435422719, 4598629.914894959889352 ], [ 4565633.020445267669857, 4598608.033138861879706 ], [ 4565646.459707649424672, 4598583.319132624194026 ], [ 4565653.148757738061249, 4598569.546134222298861 ], [ 4565662.215345894917846, 4598552.911028079688549 ] ] ] } },
{ "type": "Feature", "properties": { "fid": 322, "OBJECTID": 291, "TIP": 1, "AD": "727", "SHAPE_Leng": 166.457435492, "DÜZENLENE": null }, "geometry": { "type": "MultiLineString", "coordinates": [ [ [ 4564470.420870130881667, 4600928.273898066021502 ], [ 4564460.595188778825104, 4600940.066016402095556 ], [ 4564454.036842820234597, 4600947.563208836130798 ], [ 4564429.515820873901248, 4600947.825262547470629 ], [ 4564395.850169168785214, 4600947.813434828072786 ], [ 4564376.054978852160275, 4600952.223796151578426 ], [ 4564353.271137913689017, 4600964.526413085870445 ], [ 4564348.296067705377936, 4600967.535772943869233 ], [ 4564334.278849152848125, 4600968.784378467127681 ], [ 4564306.285011181607842, 4600973.170164075680077 ], [ 4564277.632193131372333, 4600990.66057372558862 ] ] ] } },
{ "type": "Feature", "properties": { "fid": 323, "OBJECTID": 292, "TIP": 1, "AD": "704", "SHAPE_Leng": 104.334894285, "DÜZENLENE": null }, "geometry": { "type": "MultiLineString", "coordinates": [ [ [ 4564165.723308113403618, 4600532.219201560132205 ], [ 4564167.150563155300915, 4600534.736549597233534 ], [ 4564173.585611577145755, 4600551.102697474882007 ], [ 4564188.265831213444471, 4600580.84882406052202 ], [ 4564194.383053290657699, 4600595.953830116428435 ], [ 4564200.377814307808876, 4600612.166384204290807 ], [ 4564207.604712039232254, 4600633.277731526643038 ], [ 4564213.991363693028688, 4600650.304796094074845 ], [ 4564216.838731115683913, 4600654.644118926487863 ] ] ] } },
{ "type": "Feature", "properties": { "fid": 324, "OBJECTID": 293, "TIP": 2, "AD": "DİCLE", "SHAPE_Leng": 82.899486522299995, "DÜZENLENE": null }, "geometry": { "type": "MultiLineString", "coordinates": [ [ [ 4565919.249257606454194, 4599181.953643322922289 ], [ 4565917.177552091889083, 4599176.609642225317657 ], [ 4565914.07873918954283, 4599168.61621130630374 ], [ 4565896.688957116566598, 4599122.580219729803503 ], [ 4565881.225131491199136, 4599083.431251487694681 ] ] ] } },
{ "type": "Feature", "properties": { "fid": 325, "OBJECTID": 294, "TIP": 2, "AD": "DİCLE", "SHAPE_Leng": 77.943326557600003, "DÜZENLENE": null }, "geometry": { "type": "MultiLineString", "coordinates": [ [ [ 4565855.341207538731396, 4599017.830516112968326 ], [ 4565849.063549564220011, 4599001.914454124867916 ], [ 4565829.189657653681934, 4598965.24323598574847 ], [ 4565812.614517624489963, 4598928.345985600724816 ] ] ] } },
{ "type": "Feature", "properties": { "fid": 326, "OBJECTID": 295, "TIP": 1, "AD": "1001", "SHAPE_Leng": 68.188856335799997, "DÜZENLENE": null }, "geometry": { "type": "MultiLineString", "coordinates": [ [ [ 4565386.447342518717051, 4599434.559526786208153 ], [ 4565384.320843796245754, 4599428.114662463776767 ], [ 4565385.159055353142321, 4599427.349662606604397 ], [ 4565381.070691451430321, 4599417.237800146453083 ], [ 4565380.002819823101163, 4599416.522606825456023 ], [ 4565378.774795128032565, 4599413.318876376375556 ], [ 4565369.45592079591006, 4599392.472382793202996 ], [ 4565366.686156382784247, 4599380.821904312819242 ], [ 4565364.191245561465621, 4599352.405499708838761 ] ] ] } },
{ "type": "Feature", "properties": { "fid": 327, "OBJECTID": 296, "TIP": 1, "AD": "830", "SHAPE_Leng": 67.012369978899997, "DÜZENLENE": null }, "geometry": { "type": "MultiLineString", "coordinates": [ [ [ 4564629.558247596025467, 4600473.77987533994019 ], [ 4564646.726059703156352, 4600504.959635931998491 ], [ 4564665.691247940063477, 4600536.935230629518628 ], [ 4564667.272502718493342, 4600549.415931714698672 ] ] ] } },
{ "type": "Feature", "properties": { "fid": 328, "OBJECTID": 297, "TIP": 1, "AD": "825", "SHAPE_Leng": 90.991097385299994, "DÜZENLENE": null }, "geometry": { "type": "MultiLineString", "coordinates": [ [ [ 4564629.558247596025467, 4600473.77987533994019 ], [ 4564639.72676648478955, 4600474.989732469432056 ], [ 4564657.647076333872974, 4600477.164674384519458 ], [ 4564665.794389989227057, 4600479.886019893921912 ], [ 4564685.745128490030766, 4600498.345326188951731 ], [ 4564694.614489705301821, 4600506.874428765848279 ], [ 4564702.415946288965642, 4600514.418129050172865 ], [ 4564716.920184060931206, 4600538.933451097458601 ] ] ] } },
{ "type": "Feature", "properties": { "fid": 329, "OBJECTID": 298, "TIP": 2, "AD": "DİCLE", "SHAPE_Leng": 14.429683346399999, "DÜZENLENE": null }, "geometry": { "type": "MultiLineString", "coordinates": [ [ [ 4565862.426612759009004, 4598634.804708530195057 ], [ 4565866.407623650506139, 4598616.852990323677659 ] ] ] } },
{ "type": "Feature", "properties": { "fid": 330, "OBJECTID": 431, "TIP": 1, "AD": "1111", "SHAPE_Leng": 253.75346731299999, "DÜZENLENE": null }, "geometry": { "type": "MultiLineString", "coordinates": [ [ [ 4567651.986554960720241, 4598339.903982184827328 ], [ 4567725.658149010501802, 4598293.914671101607382 ], [ 4567782.776033755391836, 4598257.71383623406291 ], [ 4567843.770549757406116, 4598202.161360550671816 ], [ 4567888.506212518550456, 4598160.818184648640454 ], [ 4567906.745650433935225, 4598144.193451879546046 ] ] ] } },
{ "type": "Feature", "properties": { "fid": 331, "OBJECTID": 432, "TIP": 2, "AD": "DİYARBAKIR", "SHAPE_Leng": 256.31372609800002, "DÜZENLENE": null }, "geometry": { "type": "MultiLineString", "coordinates": [ [ [ 4563175.447509678080678, 4600769.295652663335204 ], [ 4563114.645217200741172, 4600785.451705613173544 ], [ 4563037.732527394779027, 4600805.530978275462985 ], [ 4562964.357645879499614, 4600824.521274505183101 ], [ 4562874.93196161929518, 4600847.095842035487294 ], [ 4562860.364988095127046, 4600850.918302987702191 ] ] ] } },
{ "type": "Feature", "properties": { "fid": 332, "OBJECTID": 433, "TIP": 2, "AD": "DİYARBAKIR", "SHAPE_Leng": 78.952178661100007, "DÜZENLENE": null }, "geometry": { "type": "MultiLineString", "coordinates": [ [ [ 4562860.364988095127046, 4600850.918302987702191 ], [ 4562829.60740280803293, 4600858.058628760278225 ], [ 4562763.188039663247764, 4600875.548174042254686 ] ] ] } },
{ "type": "Feature", "properties": { "fid": 333, "OBJECTID": 434, "TIP": 1, "AD": "707", "SHAPE_Leng": 46.759720481800002, "DÜZENLENE": null }, "geometry": { "type": "MultiLineString", "coordinates": [ [ [ 4563963.05948213301599, 4600581.950837136246264 ], [ 4563967.94763502292335, 4600599.932696955278516 ], [ 4563961.906090086326003, 4600628.680398048833013 ], [ 4563940.373499887995422, 4600652.063138411380351 ], [ 4563886.590787296183407, 4600676.143854745663702 ] ] ] } },
{ "type": "Feature", "properties": { "fid": 334, "OBJECTID": 435, "TIP": 2, "AD": "ESKİBİTLİS", "SHAPE_Leng": 77.181445142100003, "DÜZENLENE": null }, "geometry": { "type": "MultiLineString", "coordinates": [ [ [ 4564885.174397311173379, 4599042.914889677427709 ], [ 4564858.585787954740226, 4599049.269690903834999 ], [ 4564836.080946106463671, 4599060.712858492508531 ], [ 4564815.991119326092303, 4599078.030723356641829 ], [ 4564801.762693099677563, 4599090.575195740908384 ] ] ] } },
{ "type": "Feature", "properties": { "fid": 335, "OBJECTID": 436, "TIP": 1, "AD": "662", "SHAPE_Leng": 120.65162224300001, "DÜZENLENE": null }, "geometry": { "type": "MultiLineString", "coordinates": [ [ [ 4563498.058725835755467, 4600533.802090586163104 ], [ 4563498.827435094863176, 4600539.757516643963754 ], [ 4563503.981021896004677, 4600554.490465714596212 ], [ 4563505.820426526479423, 4600581.800182668492198 ], [ 4563508.097009212709963, 4600612.789145170710981 ], [ 4563491.242344252765179, 4600637.354113472625613 ], [ 4563464.550409616902471, 4600654.394490737468004 ], [ 4563454.573633745312691, 4600661.267453045584261 ] ] ] } },
{ "type": "Feature", "properties": { "fid": 336, "OBJECTID": 437, "TIP": 1, "AD": "907", "SHAPE_Leng": 103.99406739, "DÜZENLENE": null }, "geometry": { "type": "MultiLineString", "coordinates": [ [ [ 4565295.244472132995725, 4599899.300132209435105 ], [ 4565295.481439627707005, 4599899.448866308666766 ], [ 4565337.100295099429786, 4599893.891143811866641 ], [ 4565361.328610413707793, 4599887.867370455525815 ], [ 4565386.940176489762962, 4599882.01040018722415 ], [ 4565422.771387646906078, 4599868.483379662036896 ], [ 4565422.815904988907278, 4599868.246022967621684 ] ] ] } },
{ "type": "Feature", "properties": { "fid": 337, "OBJECTID": 438, "TIP": 1, "AD": "765", "SHAPE_Leng": 157.84766671400001, "DÜZENLENE": null }, "geometry": { "type": "MultiLineString", "coordinates": [ [ [ 4562776.066195894964039, 4601460.900695270858705 ], [ 4562621.19269126560539, 4601502.092098262161016 ], [ 4562581.475723057053983, 4601508.291803538799286 ] ] ] } },
{ "type": "Feature", "properties": { "fid": 338, "OBJECTID": 439, "TIP": 2, "AD": "DR.İSMAİL BEŞİKCİ", "SHAPE_Leng": 28.421452822, "DÜZENLENE": null }, "geometry": { "type": "MultiLineString", "coordinates": [ [ [ 4563564.333412389270961, 4599750.119404668919742 ], [ 4563535.852996128611267, 4599772.359606677666306 ] ] ] } },
{ "type": "Feature", "properties": { "fid": 339, "OBJECTID": 440, "TIP": 2, "AD": "DR.İSMAİL BEŞİKCİ", "SHAPE_Leng": 41.093053377300002, "DÜZENLENE": null }, "geometry": { "type": "MultiLineString", "coordinates": [ [ [ 4563493.904748728498816, 4599793.336711993440986 ], [ 4563446.535942330025136, 4599815.275185426697135 ] ] ] } },
{ "type": "Feature", "properties": { "fid": 340, "OBJECTID": 441, "TIP": 2, "AD": "DR.İSMAİL BEŞİKCİ", "SHAPE_Leng": 55.030592005599999, "DÜZENLENE": null }, "geometry": { "type": "MultiLineString", "coordinates": [ [ [ 4563260.622098250314593, 4599899.981788010336459 ], [ 4563233.181765883229673, 4599930.125715337693691 ], [ 4563224.926082536578178, 4599941.186133185401559 ], [ 4563215.676608514040709, 4599953.578082132153213 ] ] ] } },
{ "type": "Feature", "properties": { "fid": 341, "OBJECTID": 442, "TIP": 2, "AD": "CİHAN", "SHAPE_Leng": 14.468480510199999, "DÜZENLENE": null }, "geometry": { "type": "MultiLineString", "coordinates": [ [ [ 4564996.389332089573145, 4599377.696729402057827 ], [ 4565007.420439820736647, 4599377.493959657847881 ], [ 4565014.731664407998323, 4599376.930174277164042 ] ] ] } },
{ "type": "Feature", "properties": { "fid": 342, "OBJECTID": 443, "TIP": 1, "AD": "302", "SHAPE_Leng": 35.819076654, "DÜZENLENE": null }, "geometry": { "type": "MultiLineString", "coordinates": [ [ [ 4564906.725122783333063, 4599376.389682127162814 ], [ 4564909.860053999349475, 4599356.429148440249264 ], [ 4564912.384798291139305, 4599338.495691743679345 ], [ 4564912.562369104474783, 4599331.160131915472448 ] ] ] } },
{ "type": "Feature", "properties": { "fid": 343, "OBJECTID": 444, "TIP": 1, "AD": "306", "SHAPE_Leng": 100.51845120199999, "DÜZENLENE": null }, "geometry": { "type": "MultiLineString", "coordinates": [ [ [ 4564996.389332089573145, 4599377.696729402057827 ], [ 4564995.067550346255302, 4599369.468258027918637 ], [ 4564993.296756379306316, 4599358.899316789582372 ], [ 4564989.897638252004981, 4599347.706389328464866 ], [ 4564984.841748966835439, 4599334.458076063543558 ], [ 4564982.676362833939493, 4599325.944032850675285 ], [ 4564972.13501208089292, 4599326.900455057621002 ], [ 4564970.914758368395269, 4599322.637564255855978 ], [ 4564966.340603413060308, 4599323.627561517059803 ], [ 4564942.457630692981184, 4599328.700371157377958 ], [ 4564912.562369104474783, 4599331.160131915472448 ] ] ] } },
{ "type": "Feature", "properties": { "fid": 344, "OBJECTID": 445, "TIP": 2, "AD": "GAZİ", "SHAPE_Leng": 9.9739202132599996, "DÜZENLENE": null }, "geometry": { "type": "MultiLineString", "coordinates": [ [ [ 4564431.774746191687882, 4599536.506357882171869 ], [ 4564443.999264227226377, 4599533.197974175214767 ] ] ] } },
{ "type": "Feature", "properties": { "fid": 345, "OBJECTID": 446, "TIP": 1, "AD": "522", "SHAPE_Leng": 23.4716391093, "DÜZENLENE": null }, "geometry": { "type": "MultiLineString", "coordinates": [ [ [ 4564443.999264227226377, 4599533.197974175214767 ], [ 4564441.43696073628962, 4599518.632331930100918 ], [ 4564439.730583207681775, 4599508.931777310557663 ], [ 4564439.21450296510011, 4599503.680545218288898 ] ] ] } },
{ "type": "Feature", "properties": { "fid": 346, "OBJECTID": 447, "TIP": 1, "AD": "522", "SHAPE_Leng": 43.441790294299999, "DÜZENLENE": null }, "geometry": { "type": "MultiLineString", "coordinates": [ [ [ 4564434.555925854481757, 4599430.782482114620507 ], [ 4564434.82250470854342, 4599424.434807075187564 ], [ 4564424.804885950870812, 4599402.25315220374614 ], [ 4564414.636267400346696, 4599379.80209681019187 ] ] ] } },
{ "type": "Feature", "properties": { "fid": 347, "OBJECTID": 448, "TIP": 1, "AD": "505", "SHAPE_Leng": 104.97139866800001, "DÜZENLENE": null }, "geometry": { "type": "MultiLineString", "coordinates": [ [ [ 4564314.859650653786957, 4599486.809964822605252 ], [ 4564318.435840289108455, 4599481.360502786934376 ], [ 4564334.947709994390607, 4599472.569923855364323 ], [ 4564341.950780536048114, 4599468.841566973365843 ], [ 4564377.745082180015743, 4599452.718864588066936 ], [ 4564393.36996141821146, 4599446.477225775830448 ], [ 4564406.153673599474132, 4599440.978649992495775 ], [ 4564425.877938158810139, 4599433.399497924372554 ], [ 4564434.555925854481757, 4599430.782482114620507 ] ] ] } },
{ "type": "Feature", "properties": { "fid": 348, "OBJECTID": 449, "TIP": 2, "AD": "TEKEL", "SHAPE_Leng": 5.4822400293799998, "DÜZENLENE": null }, "geometry": { "type": "MultiLineString", "coordinates": [ [ [ 4564733.021292734891176, 4598996.623979104682803 ], [ 4564735.285275404341519, 4598990.016450528055429 ] ] ] } },
{ "type": "Feature", "properties": { "fid": 349, "OBJECTID": 450, "TIP": 2, "AD": "DEĞİRMEN", "SHAPE_Leng": 37.3389772536, "DÜZENLENE": null }, "geometry": { "type": "MultiLineString", "coordinates": [ [ [ 4564632.96293306350708, 4598901.44103170838207 ], [ 4564597.759583078324795, 4598888.982473582960665 ], [ 4564587.906155603937805, 4598886.902542741037905 ] ] ] } },
{ "type": "Feature", "properties": { "fid": 350, "OBJECTID": 451, "TIP": 2, "AD": "DEĞİRMEN", "SHAPE_Leng": 51.889064869899997, "DÜZENLENE": null }, "geometry": { "type": "MultiLineString", "coordinates": [ [ [ 4564587.906155603937805, 4598886.902542741037905 ], [ 4564547.428612449206412, 4598885.352278501726687 ], [ 4564537.19904815312475, 4598878.288245362229645 ], [ 4564530.747601144015789, 4598871.951786881312728 ], [ 4564528.660508760251105, 4598868.62384179700166 ] ] ] } },
{ "type": "Feature", "properties": { "fid": 351, "OBJECTID": 452, "TIP": 2, "AD": "TEKEL", "SHAPE_Leng": 47.129505764299999, "DÜZENLENE": null }, "geometry": { "type": "MultiLineString", "coordinates": [ [ [ 4564714.364145509898663, 4599053.698927127756178 ], [ 4564725.827768463641405, 4599018.233675624243915 ], [ 4564733.021292734891176, 4598996.623979104682803 ] ] ] } },
{ "type": "Feature", "properties": { "fid": 352, "OBJECTID": 453, "TIP": 2, "AD": "TEKEL", "SHAPE_Leng": 39.959582431900003, "DÜZENLENE": null }, "geometry": { "type": "MultiLineString", "coordinates": [ [ [ 4564683.657008877955377, 4599187.675760408863425 ], [ 4564686.420042001642287, 4599178.710399595089257 ], [ 4564692.965533489361405, 4599158.193818056955934 ], [ 4564696.033392104320228, 4599138.427476645447314 ] ] ] } },
{ "type": "Feature", "properties": { "fid": 353, "OBJECTID": 777, "TIP": 2, "AD": "GAZİ", "SHAPE_Leng": 177.74577976200001, "DÜZENLENE": null }, "geometry": { "type": "MultiLineString", "coordinates": [ [ [ 4565544.590484838932753, 4599376.275794722139835 ], [ 4565549.170568264089525, 4599374.856895706616342 ], [ 4565562.239848638884723, 4599370.808096668682992 ], [ 4565634.64812277443707, 4599332.685219820588827 ], [ 4565654.442365213297307, 4599322.15970800910145 ], [ 4565742.472612782381475, 4599275.348928840830922 ], [ 4565745.474622802808881, 4599273.779264409095049 ] ] ] } },
{ "type": "Feature", "properties": { "fid": 354, "OBJECTID": 778, "TIP": 2, "AD": "GAZİ", "SHAPE_Leng": 97.265065464000003, "DÜZENLENE": null }, "geometry": { "type": "MultiLineString", "coordinates": [ [ [ 4565745.474622802808881, 4599273.779264409095049 ], [ 4565809.570542469620705, 4599240.26458394434303 ], [ 4565854.816577136516571, 4599216.206696458160877 ] ] ] } },
{ "type": "Feature", "properties": { "fid": 355, "OBJECTID": 779, "TIP": 2, "AD": "GAZİ", "SHAPE_Leng": 209.03863150500001, "DÜZENLENE": null }, "geometry": { "type": "MultiLineString", "coordinates": [ [ [ 4567313.459515552036464, 4598598.630114420317113 ], [ 4567323.844983723014593, 4598596.403001750819385 ], [ 4567357.994696472771466, 4598589.079604309052229 ], [ 4567457.50321345962584, 4598568.138591207563877 ], [ 4567530.123575226403773, 4598552.645079116337001 ], [ 4567573.163912087678909, 4598544.111114423722029 ] ] ] } },
{ "type": "Feature", "properties": { "fid": 356, "OBJECTID": 780, "TIP": 2, "AD": "GAZİ", "SHAPE_Leng": 112.319209746, "DÜZENLENE": null }, "geometry": { "type": "MultiLineString", "coordinates": [ [ [ 4567173.938336872495711, 4598627.929538710974157 ], [ 4567183.324509712867439, 4598626.106700873933733 ], [ 4567251.776574426330626, 4598610.436813766136765 ], [ 4567313.459515552036464, 4598598.630114420317113 ] ] ] } },
{ "type": "Feature", "properties": { "fid": 357, "OBJECTID": 781, "TIP": 1, "AD": "228", "SHAPE_Leng": 20.3849648964, "DÜZENLENE": null }, "geometry": { "type": "MultiLineString", "coordinates": [ [ [ 4565111.740338524803519, 4599811.972992662340403 ], [ 4565112.363820489495993, 4599791.044041354209185 ], [ 4565112.994892590679228, 4599786.0375373121351 ] ] ] } },
{ "type": "Feature", "properties": { "fid": 358, "OBJECTID": 782, "TIP": 1, "AD": "951", "SHAPE_Leng": 53.823890344500001, "DÜZENLENE": null }, "geometry": { "type": "MultiLineString", "coordinates": [ [ [ 4565531.523427829146385, 4599834.383532020263374 ], [ 4565544.344341121613979, 4599823.500095527619123 ], [ 4565570.40490376483649, 4599809.875676058232784 ], [ 4565592.139108129777014, 4599805.55767866037786 ] ] ] } },
{ "type": "Feature", "properties": { "fid": 359, "OBJECTID": 783, "TIP": 1, "AD": "1131", "SHAPE_Leng": 189.706204109, "DÜZENLENE": null }, "geometry": { "type": "MultiLineString", "coordinates": [ [ [ 4568271.994108142331243, 4598441.447734254412353 ], [ 4568292.870290054939687, 4598437.614237065427005 ], [ 4568321.901608900167048, 4598431.914160690270364 ], [ 4568324.71360419690609, 4598452.967131893150508 ], [ 4568359.059133543632925, 4598444.518812586553395 ], [ 4568371.684886978007853, 4598441.436565330252051 ], [ 4568388.527967504225671, 4598437.324732048436999 ], [ 4568421.185100154951215, 4598425.405666069127619 ], [ 4568451.454383892938495, 4598414.888250581920147 ], [ 4568475.677529936656356, 4598410.508177055045962 ], [ 4568487.393101475201547, 4598409.664857557043433 ] ] ] } },
{ "type": "Feature", "properties": { "fid": 360, "OBJECTID": 784, "TIP": 2, "AD": "KARABEHLÜLBEY", "SHAPE_Leng": 72.423389495899997, "DÜZENLENE": null }, "geometry": { "type": "MultiLineString", "coordinates": [ [ [ 4564681.164902305230498, 4600289.520320602692664 ], [ 4564688.36635172739625, 4600304.038881620392203 ], [ 4564698.9713343270123, 4600344.066998057067394 ], [ 4564710.992132727056742, 4600376.58148199506104 ] ] ] } },
{ "type": "Feature", "properties": { "fid": 361, "OBJECTID": 785, "TIP": 2, "AD": "GÜL", "SHAPE_Leng": 108.428394084, "DÜZENLENE": null }, "geometry": { "type": "MultiLineString", "coordinates": [ [ [ 4565161.518955267034471, 4600168.57279587071389 ], [ 4565182.930379688739777, 4600183.717837208881974 ], [ 4565196.894280035980046, 4600198.729919231496751 ], [ 4565207.746893962845206, 4600214.234449567273259 ], [ 4565219.170354602858424, 4600229.841574147343636 ], [ 4565234.635407044552267, 4600251.095925006084144 ], [ 4565246.980867836624384, 4600273.092848548665643 ], [ 4565247.607826234772801, 4600274.437136692926288 ] ] ] } },
{ "type": "Feature", "properties": { "fid": 362, "OBJECTID": 786, "TIP": 1, "AD": "1141", "SHAPE_Leng": 174.678055613, "DÜZENLENE": null }, "geometry": { "type": "MultiLineString", "coordinates": [ [ [ 4567589.139418349601328, 4598726.570698740892112 ], [ 4567398.504836922511458, 4598763.537220337428153 ], [ 4567377.330035328865051, 4598781.247101493179798 ] ] ] } },
{ "type": "Feature", "properties": { "fid": 363, "OBJECTID": 787, "TIP": 2, "AD": "GAZİ", "SHAPE_Leng": 39.3989629768, "DÜZENLENE": null }, "geometry": { "type": "MultiLineString", "coordinates": [ [ [ 4566783.903149038553238, 4598729.324983390048146 ], [ 4566828.505142194218934, 4598706.615238212049007 ] ] ] } },
{ "type": "Feature", "properties": { "fid": 364, "OBJECTID": 788, "TIP": 1, "AD": "1122", "SHAPE_Leng": 780.38256709100006, "DÜZENLENE": null }, "geometry": { "type": "MultiLineString", "coordinates": [ [ [ 4567210.267121062614024, 4597799.284497135318816 ], [ 4567190.305167463608086, 4597808.628295660018921 ], [ 4567161.472753400914371, 4597822.442561713047326 ], [ 4567131.930572282522917, 4597854.008456787094474 ], [ 4567110.585719340480864, 4597876.400124058127403 ], [ 4567079.662399045191705, 4597900.375023795291781 ], [ 4567042.36190877109766, 4597905.441825044341385 ], [ 4566982.769867718219757, 4597893.819822026416659 ], [ 4566922.767414286732674, 4597786.081522423774004 ], [ 4566882.398390276357532, 4597680.162090924568474 ], [ 4566850.010147908702493, 4597580.814113659784198 ], [ 4566830.703391906805336, 4597542.451072218827903 ], [ 4566811.445622771047056, 4597506.335408735089004 ], [ 4566775.247634689323604, 4597360.417136163450778 ], [ 4566764.305755718611181, 4597269.033543446101248 ], [ 4566750.715004842728376, 4597210.310640806332231 ] ] ] } },
{ "type": "Feature", "properties": { "fid": 365, "OBJECTID": 789, "TIP": 1, "AD": "215", "SHAPE_Leng": 28.594208012500001, "DÜZENLENE": null }, "geometry": { "type": "MultiLineString", "coordinates": [ [ [ 4565125.269198854453862, 4599717.841122018173337 ], [ 4565098.561797715723515, 4599727.054780240170658 ], [ 4565093.515879319049418, 4599733.363445261493325 ] ] ] } },
{ "type": "Feature", "properties": { "fid": 366, "OBJECTID": 790, "TIP": 1, "AD": "1154", "SHAPE_Leng": 346.15702580499999, "DÜZENLENE": null }, "geometry": { "type": "MultiLineString", "coordinates": [ [ [ 4568512.745625986717641, 4598360.843831494450569 ], [ 4568527.58390793018043, 4598358.002664775587618 ], [ 4568566.271759033203125, 4598509.07681364286691 ], [ 4568519.194808347150683, 4598537.019282450899482 ], [ 4568478.192284993827343, 4598550.07932479120791 ], [ 4568407.728839873336256, 4598569.821252246387303 ], [ 4568311.928749275393784, 4598580.147270379588008 ] ] ] } },
{ "type": "Feature", "properties": { "fid": 367, "OBJECTID": 791, "TIP": 1, "AD": "1106", "SHAPE_Leng": 135.015061616, "DÜZENLENE": null }, "geometry": { "type": "MultiLineString", "coordinates": [ [ [ 4567040.255803104490042, 4598493.926549712195992 ], [ 4567030.17967932857573, 4598476.042625167407095 ], [ 4567009.498863907530904, 4598447.713353984057903 ], [ 4567002.76908347569406, 4598434.818809048272669 ], [ 4566995.737058482132852, 4598416.264158820733428 ], [ 4566990.186819986440241, 4598404.063155272044241 ], [ 4566979.209591456688941, 4598385.325332356616855 ], [ 4566962.842699743807316, 4598361.758661100640893 ], [ 4566951.694828026928008, 4598347.521812017075717 ] ] ] } },
{ "type": "Feature", "properties": { "fid": 368, "OBJECTID": 792, "TIP": 1, "AD": "1107", "SHAPE_Leng": 38.512532751400002, "DÜZENLENE": null }, "geometry": { "type": "MultiLineString", "coordinates": [ [ [ 4567040.255803104490042, 4598493.926549712195992 ], [ 4567084.444288924336433, 4598472.939698818139732 ] ] ] } },
{ "type": "Feature", "properties": { "fid": 369, "OBJECTID": 793, "TIP": 1, "AD": "1144", "SHAPE_Leng": 74.350318753600007, "DÜZENLENE": null }, "geometry": { "type": "MultiLineString", "coordinates": [ [ [ 4567741.320782610215247, 4598699.893025234341621 ], [ 4567755.307774311862886, 4598733.99976965598762 ], [ 4567768.799891456961632, 4598775.023350737988949 ], [ 4567775.982371002435684, 4598787.804440099745989 ] ] ] } },
{ "type": "Feature", "properties": { "fid": 370, "OBJECTID": 794, "TIP": 1, "AD": "1143", "SHAPE_Leng": 61.886337989899999, "DÜZENLENE": null }, "geometry": { "type": "MultiLineString", "coordinates": [ [ [ 4567700.192297193221748, 4598560.833907080814242 ], [ 4567715.369638662785292, 4598553.310684619471431 ], [ 4567731.166166878305376, 4598542.439209213480353 ], [ 4567752.319445141591132, 4598534.867802106775343 ], [ 4567770.90797571092844, 4598527.413876784965396 ] ] ] } },
{ "type": "Feature", "properties": { "fid": 371, "OBJECTID": 795, "TIP": 1, "AD": "1145", "SHAPE_Leng": 145.76633157200001, "DÜZENLENE": null }, "geometry": { "type": "MultiLineString", "coordinates": [ [ [ 4567593.923087826929986, 4598818.795416153036058 ], [ 4567733.483520152047276, 4598790.089077986776829 ], [ 4567775.982371002435684, 4598787.804440099745989 ] ] ] } },
{ "type": "Feature", "properties": { "fid": 372, "OBJECTID": 796, "TIP": 1, "AD": "1139", "SHAPE_Leng": 194.61716923, "DÜZENLENE": null }, "geometry": { "type": "MultiLineString", "coordinates": [ [ [ 4567360.808633150532842, 4598896.882669678889215 ], [ 4567401.055024432949722, 4598877.024253606796265 ], [ 4567448.962456444278359, 4598855.732511241920292 ], [ 4567477.302865423262119, 4598846.002010136842728 ], [ 4567504.366422933526337, 4598839.335386673919857 ], [ 4567529.087022215127945, 4598833.057549577206373 ], [ 4567560.828990790992975, 4598825.275912803597748 ], [ 4567581.258286749012768, 4598822.465405759401619 ], [ 4567593.923087826929986, 4598818.795416153036058 ] ] ] } },
{ "type": "Feature", "properties": { "fid": 373, "OBJECTID": 797, "TIP": 1, "AD": "1140", "SHAPE_Leng": 232.53061832, "DÜZENLENE": null }, "geometry": { "type": "MultiLineString", "coordinates": [ [ [ 4567303.495390885509551, 4598913.039946316741407 ], [ 4567300.80137781240046, 4598943.056400840170681 ], [ 4567314.450437465682626, 4598977.477699368260801 ], [ 4567323.530743714421988, 4599011.070063838735223 ], [ 4567335.331947217695415, 4599038.785736397840083 ], [ 4567364.448014074936509, 4599099.560631421394646 ], [ 4567381.172386388294399, 4599132.023945137858391 ], [ 4567328.268314551562071, 4599160.453345855697989 ] ] ] } },
{ "type": "Feature", "properties": { "fid": 374, "OBJECTID": 798, "TIP": 1, "AD": "1144", "SHAPE_Leng": 113.81480924100001, "DÜZENLENE": null }, "geometry": { "type": "MultiLineString", "coordinates": [ [ [ 4567700.192297193221748, 4598560.833907080814242 ], [ 4567741.320782610215247, 4598699.893025234341621 ] ] ] } },
{ "type": "Feature", "properties": { "fid": 375, "OBJECTID": 968, "TIP": 2, "AD": "POLAT", "SHAPE_Leng": 82.623366578399995, "DÜZENLENE": null }, "geometry": { "type": "MultiLineString", "coordinates": [ [ [ 4565562.476534694433212, 4599855.163937724195421 ], [ 4565580.5910460120067, 4599872.580876307561994 ], [ 4565603.359923494048417, 4599893.944613598287106 ], [ 4565625.314247597008944, 4599914.921161470934749 ], [ 4565639.802528907544911, 4599926.210007455199957 ] ] ] } },
{ "type": "Feature", "properties": { "fid": 376, "OBJECTID": 969, "TIP": 2, "AD": "POLAT", "SHAPE_Leng": 66.98825399, "DÜZENLENE": null }, "geometry": { "type": "MultiLineString", "coordinates": [ [ [ 4565639.802528907544911, 4599926.210007455199957 ], [ 4565656.358218385837972, 4599939.882662424817681 ], [ 4565676.268829056061804, 4599959.554411333054304 ], [ 4565704.688006037846208, 4599981.199539280496538 ] ] ] } },
{ "type": "Feature", "properties": { "fid": 377, "OBJECTID": 970, "TIP": 2, "AD": "POLAT", "SHAPE_Leng": 113.458836809, "DÜZENLENE": null }, "geometry": { "type": "MultiLineString", "coordinates": [ [ [ 4565704.688006037846208, 4599981.199539280496538 ], [ 4565714.887175552546978, 4599992.986736767925322 ], [ 4565729.142133532091975, 4600005.899911240674555 ], [ 4565743.712521254085004, 4600014.757987809367478 ], [ 4565782.051185850985348, 4600035.242028208449483 ], [ 4565806.785942360758781, 4600048.061335612088442 ], [ 4565823.782402034848928, 4600060.420533800497651 ] ] ] } },
{ "type": "Feature", "properties": { "fid": 378, "OBJECTID": 971, "TIP": 1, "AD": "610", "SHAPE_Leng": 45.682310076100002, "DÜZENLENE": null }, "geometry": { "type": "MultiLineString", "coordinates": [ [ [ 4564056.371174824424088, 4599787.399927227757871 ], [ 4564068.398768818937242, 4599783.788511917926371 ], [ 4564083.283880894072354, 4599778.181150530464947 ], [ 4564085.443901280872524, 4599779.108981659635901 ], [ 4564092.270035986788571, 4599805.536404305137694 ] ] ] } },
{ "type": "Feature", "properties": { "fid": 379, "OBJECTID": 972, "TIP": 1, "AD": "615", "SHAPE_Leng": 149.43427236900001, "DÜZENLENE": null }, "geometry": { "type": "MultiLineString", "coordinates": [ [ [ 4564051.892974480986595, 4599770.764678621664643 ], [ 4564038.5855154376477, 4599777.349926124326885 ], [ 4564001.05016918759793, 4599791.993683564476669 ], [ 4563964.339287159964442, 4599808.531221796758473 ], [ 4563936.775101911276579, 4599823.40877827256918 ], [ 4563907.060038356110454, 4599837.208270710892975 ], [ 4563897.120656410232186, 4599840.951438740827143 ], [ 4563891.193913327530026, 4599844.905737143009901 ], [ 4563886.728151123039424, 4599847.893163586966693 ] ] ] } },
{ "type": "Feature", "properties": { "fid": 380, "OBJECTID": 973, "TIP": 2, "AD": "4.", "SHAPE_Leng": 26.5085107751, "DÜZENLENE": null }, "geometry": { "type": "MultiLineString", "coordinates": [ [ [ 4563804.580193072557449, 4599617.848336033523083 ], [ 4563803.28197777364403, 4599615.660114909522235 ], [ 4563786.107188585214317, 4599589.608637579716742 ] ] ] } },
{ "type": "Feature", "properties": { "fid": 381, "OBJECTID": 974, "TIP": 1, "AD": "625", "SHAPE_Leng": 15.1809578212, "DÜZENLENE": null }, "geometry": { "type": "MultiLineString", "coordinates": [ [ [ 4563804.580193072557449, 4599617.848336033523083 ], [ 4563791.575060197152197, 4599632.128161883912981 ] ] ] } },
{ "type": "Feature", "properties": { "fid": 382, "OBJECTID": 975, "TIP": 1, "AD": "240", "SHAPE_Leng": 38.1456099567, "DÜZENLENE": null }, "geometry": { "type": "MultiLineString", "coordinates": [ [ [ 4565322.146805569529533, 4599616.075437718071043 ], [ 4565312.157490841113031, 4599607.482868684455752 ], [ 4565300.023418593220413, 4599593.174104736186564 ], [ 4565291.807262905873358, 4599583.658728898502886 ], [ 4565289.836018864065409, 4599580.151355524547398 ] ] ] } },
{ "type": "Feature", "properties": { "fid": 383, "OBJECTID": 976, "TIP": 2, "AD": "DİYARBAKIR", "SHAPE_Leng": 22.7413141585, "DÜZENLENE": null }, "geometry": { "type": "MultiLineString", "coordinates": [ [ [ 4565322.146805569529533, 4599616.075437718071043 ], [ 4565307.772518172860146, 4599641.214110446162522 ] ] ] } },
{ "type": "Feature", "properties": { "fid": 384, "OBJECTID": 977, "TIP": 2, "AD": "DİYARBAKIR", "SHAPE_Leng": 41.005515443199997, "DÜZENLENE": null }, "geometry": { "type": "MultiLineString", "coordinates": [ [ [ 4565281.110349605791271, 4599684.352758156135678 ], [ 4565270.855791443027556, 4599702.117700487375259 ], [ 4565254.987234844826162, 4599729.562992945313454 ] ] ] } },
{ "type": "Feature", "properties": { "fid": 385, "OBJECTID": 978, "TIP": 2, "AD": "DİYARBAKIR", "SHAPE_Leng": 8.6092839360899998, "DÜZENLENE": null }, "geometry": { "type": "MultiLineString", "coordinates": [ [ [ 4565254.987234844826162, 4599729.562992945313454 ], [ 4565248.458366438746452, 4599738.363609800115228 ] ] ] } },
{ "type": "Feature", "properties": { "fid": 386, "OBJECTID": 979, "TIP": 2, "AD": "DİYARBAKIR", "SHAPE_Leng": 24.035123429799999, "DÜZENLENE": null }, "geometry": { "type": "MultiLineString", "coordinates": [ [ [ 4565248.458366438746452, 4599738.363609800115228 ], [ 4565233.582558419555426, 4599765.112752506509423 ] ] ] } },
{ "type": "Feature", "properties": { "fid": 387, "OBJECTID": 1194, "TIP": 2, "AD": "DİYARBAKIR", "SHAPE_Leng": 18.037397856999998, "DÜZENLENE": null }, "geometry": { "type": "MultiLineString", "coordinates": [ [ [ 4563985.256448946893215, 4600576.302065797150135 ], [ 4563963.05948213301599, 4600581.950837136246264 ] ] ] } },
{ "type": "Feature", "properties": { "fid": 388, "OBJECTID": 1195, "TIP": 2, "AD": "LİSE", "SHAPE_Leng": 30.832817176399999, "DÜZENLENE": null }, "geometry": { "type": "MultiLineString", "coordinates": [ [ [ 4565522.063348366878927, 4599315.033436662517488 ], [ 4565511.359711449593306, 4599289.38683570548892 ], [ 4565506.050534872338176, 4599279.205251353792846 ] ] ] } },
{ "type": "Feature", "properties": { "fid": 389, "OBJECTID": 1196, "TIP": 1, "AD": "1135", "SHAPE_Leng": 131.14123663399999, "DÜZENLENE": null }, "geometry": { "type": "MultiLineString", "coordinates": [ [ [ 4568225.991144806146622, 4598732.918444864451885 ], [ 4568203.426673877052963, 4598760.137729221954942 ], [ 4568186.562676854431629, 4598787.719347210600972 ], [ 4568190.010872948914766, 4598802.035226345062256 ], [ 4568184.660882281139493, 4598813.396973459981382 ], [ 4568156.915105334483087, 4598834.922154520638287 ], [ 4568133.274517938494682, 4598863.123103836551309 ] ] ] } },
{ "type": "Feature", "properties": { "fid": 390, "OBJECTID": 1197, "TIP": 2, "AD": "TARANCI", "SHAPE_Leng": 37.943100692000002, "DÜZENLENE": null }, "geometry": { "type": "MultiLineString", "coordinates": [ [ [ 4565081.520181461237371, 4598949.273814596235752 ], [ 4565080.397768088616431, 4598930.011845892295241 ], [ 4565075.112396751530468, 4598903.006626388058066 ], [ 4565074.747883825562894, 4598901.505209877155721 ] ] ] } },
{ "type": "Feature", "properties": { "fid": 391, "OBJECTID": 1198, "TIP": 2, "AD": "AZİZOĞLU", "SHAPE_Leng": 42.2135759361, "DÜZENLENE": null }, "geometry": { "type": "MultiLineString", "coordinates": [ [ [ 4565029.43256898317486, 4600015.250752536579967 ], [ 4565025.341302745975554, 4600006.371064188890159 ], [ 4565006.940090005286038, 4599966.40959114395082 ] ] ] } },
{ "type": "Feature", "properties": { "fid": 392, "OBJECTID": 1199, "TIP": 2, "AD": "KARABEHLÜLBEY", "SHAPE_Leng": 90.237384422399998, "DÜZENLENE": null }, "geometry": { "type": "MultiLineString", "coordinates": [ [ [ 4564673.77755007520318, 4600175.304847629740834 ], [ 4564675.201148263178766, 4600212.282019886188209 ], [ 4564674.230393700301647, 4600258.723668682388961 ], [ 4564681.164902305230498, 4600289.520320602692664 ] ] ] } },
{ "type": "Feature", "properties": { "fid": 393, "OBJECTID": 1200, "TIP": 1, "AD": "623", "SHAPE_Leng": 65.71545894, "DÜZENLENE": null }, "geometry": { "type": "MultiLineString", "coordinates": [ [ [ 4563814.081112843938172, 4599909.611714189872146 ], [ 4563841.768566093407571, 4599900.466585374437273 ], [ 4563882.295373794622719, 4599884.296590658836067 ], [ 4563892.557779199443758, 4599881.38004435878247 ] ] ] } },
{ "type": "Feature", "properties": { "fid": 394, "OBJECTID": 1201, "TIP": 1, "AD": "619", "SHAPE_Leng": 90.546997876199995, "DÜZENLENE": null }, "geometry": { "type": "MultiLineString", "coordinates": [ [ [ 4563830.139621807262301, 4599943.059489028528333 ], [ 4563804.19072974100709, 4599960.36924290843308 ], [ 4563782.32389922067523, 4599975.078236405737698 ], [ 4563749.204606688581407, 4599992.764714851975441 ], [ 4563733.045336713083088, 4600004.530368281528354 ] ] ] } },
{ "type": "Feature", "properties": { "fid": 395, "OBJECTID": 1203, "TIP": 2, "AD": "GAZİ", "SHAPE_Leng": 448.50804357099997, "DÜZENLENE": null }, "geometry": { "type": "MultiLineString", "coordinates": [ [ [ 4568549.751560269854963, 4598336.185484097339213 ], [ 4568559.42586338147521, 4598334.181325076147914 ], [ 4568575.332910157740116, 4598330.457052994519472 ], [ 4568616.537072363309562, 4598322.328667803667486 ], [ 4568638.603767887689173, 4598317.65870691370219 ], [ 4568685.015798479318619, 4598308.065724832937121 ], [ 4568719.58418826572597, 4598300.62334874458611 ], [ 4568758.497697138227522, 4598292.207735673524439 ], [ 4568798.701804175972939, 4598284.438076384365559 ], [ 4568867.90678361710161, 4598269.618288122117519 ], [ 4568897.258095243945718, 4598263.235109711065888 ], [ 4568931.320096508599818, 4598257.219696351327002 ], [ 4568969.175890368409455, 4598249.319310002028942 ], [ 4568973.984614866785705, 4598248.315696562640369 ], [ 4569013.82893274910748, 4598239.473816582933068 ], [ 4569055.180078319273889, 4598232.106146158650517 ], [ 4569107.246650827117264, 4598220.885225021280348 ] ] ] } },
{ "type": "Feature", "properties": { "fid": 396, "OBJECTID": 1204, "TIP": 1, "AD": "620", "SHAPE_Leng": 98.665888382000006, "DÜZENLENE": null }, "geometry": { "type": "MultiLineString", "coordinates": [ [ [ 4563850.397543197497725, 4599687.782023779116571 ], [ 4563857.375258446671069, 4599683.632060660049319 ], [ 4563866.238745013251901, 4599700.08249631524086 ], [ 4563882.553961078636348, 4599725.637355932965875 ], [ 4563899.541675516404212, 4599757.474914920516312 ], [ 4563913.00493910163641, 4599786.971025523729622 ] ] ] } },
{ "type": "Feature", "properties": { "fid": 397, "OBJECTID": 1205, "TIP": 1, "AD": "HASTANE", "SHAPE_Leng": 214.42149752399999, "DÜZENLENE": null }, "geometry": { "type": "MultiLineString", "coordinates": [ [ [ 4563581.168585057370365, 4600482.800344735383987 ], [ 4563595.997077652253211, 4600471.426171611063182 ], [ 4563634.253995643928647, 4600451.390162200666964 ], [ 4563671.425593491643667, 4600423.577064851298928 ], [ 4563695.03736193664372, 4600408.585755693726242 ], [ 4563713.863183824345469, 4600399.110348584130406 ], [ 4563725.559857301414013, 4600393.718610074371099 ], [ 4563733.177446900866926, 4600391.570629796944559 ], [ 4563745.423007504083216, 4600389.724337175488472 ], [ 4563784.436778677627444, 4600373.77958248089999 ], [ 4563825.356514416635036, 4600359.17335560079664 ] ] ] } },
{ "type": "Feature", "properties": { "fid": 398, "OBJECTID": 299, "TIP": 1, "AD": "1039", "SHAPE_Leng": 170.722561472, "DÜZENLENE": null }, "geometry": { "type": "MultiLineString", "coordinates": [ [ [ 4565862.426612759009004, 4598634.804708530195057 ], [ 4565847.449834434315562, 4598630.060453655198216 ], [ 4565819.921023319475353, 4598620.4296043375507 ], [ 4565784.490102964453399, 4598607.822849807329476 ], [ 4565749.368288960307837, 4598593.972508570179343 ], [ 4565711.198053048923612, 4598578.95182110927999 ], [ 4565675.327117290347815, 4598561.519593005999923 ], [ 4565662.215345894917846, 4598552.911028079688549 ] ] ] } },
{ "type": "Feature", "properties": { "fid": 399, "OBJECTID": 300, "TIP": 2, "AD": "DİCLE", "SHAPE_Leng": 16.629378900799999, "DÜZENLENE": null }, "geometry": { "type": "MultiLineString", "coordinates": [ [ [ 4565857.83868090249598, 4598655.493059904314578 ], [ 4565862.426612759009004, 4598634.804708530195057 ] ] ] } },
{ "type": "Feature", "properties": { "fid": 400, "OBJECTID": 301, "TIP": 2, "AD": "DİCLE", "SHAPE_Leng": 60.805774640800003, "DÜZENLENE": null }, "geometry": { "type": "MultiLineString", "coordinates": [ [ [ 4565841.044332260265946, 4598731.103681105189025 ], [ 4565841.527643823996186, 4598729.607144757173955 ], [ 4565852.014023046009243, 4598686.427623832598329 ], [ 4565857.83868090249598, 4598655.493059904314578 ] ] ] } },
{ "type": "Feature", "properties": { "fid": 401, "OBJECTID": 302, "TIP": 2, "AD": "DİYARBAKIR", "SHAPE_Leng": 120.755372166, "DÜZENLENE": null }, "geometry": { "type": "MultiLineString", "coordinates": [ [ [ 4565130.766250823624432, 4599921.531554753892124 ], [ 4565122.519582099281251, 4599934.803381737321615 ], [ 4565093.248863123357296, 4599981.589745652861893 ], [ 4565065.110903480090201, 4600026.912217281758785 ], [ 4565046.140840393491089, 4600049.600544440560043 ] ] ] } },
{ "type": "Feature", "properties": { "fid": 402, "OBJECTID": 303, "TIP": 1, "AD": "207", "SHAPE_Leng": 53.805388411800003, "DÜZENLENE": null }, "geometry": { "type": "MultiLineString", "coordinates": [ [ [ 4565006.940090005286038, 4599966.40959114395082 ], [ 4565001.452705328352749, 4599971.684989903122187 ], [ 4564997.56333271600306, 4599976.398032618686557 ], [ 4564981.665282415226102, 4599999.413818374276161 ], [ 4564963.602281087078154, 4600019.180117542855442 ] ] ] } },
{ "type": "Feature", "properties": { "fid": 403, "OBJECTID": 304, "TIP": 1, "AD": "207", "SHAPE_Leng": 104.461913369, "DÜZENLENE": "DÜZENLENEN" }, "geometry": { "type": "MultiLineString", "coordinates": [ [ [ 4565081.857414553873241, 4599934.600178454071283 ], [ 4565051.869674083776772, 4599948.484173426404595 ], [ 4565006.940090005286038, 4599966.40959114395082 ] ] ] } },
{ "type": "Feature", "properties": { "fid": 404, "OBJECTID": 305, "TIP": 1, "AD": "339", "SHAPE_Leng": 30.7751787945, "DÜZENLENE": null }, "geometry": { "type": "MultiLineString", "coordinates": [ [ [ 4564923.863759871572256, 4599038.03037294652313 ], [ 4564922.488189660944045, 4599037.921179942786694 ], [ 4564904.462252072989941, 4599039.455805483274162 ], [ 4564885.174397311173379, 4599042.914889677427709 ] ] ] } },
{ "type": "Feature", "properties": { "fid": 405, "OBJECTID": 306, "TIP": 1, "AD": "339", "SHAPE_Leng": 9.5565597119800003, "DÜZENLENE": null }, "geometry": { "type": "MultiLineString", "coordinates": [ [ [ 4564935.956343496218324, 4599038.990411845967174 ], [ 4564923.863759871572256, 4599038.03037294652313 ] ] ] } },
{ "type": "Feature", "properties": { "fid": 406, "OBJECTID": 307, "TIP": 1, "AD": "339", "SHAPE_Leng": 19.379759090699999, "DÜZENLENE": null }, "geometry": { "type": "MultiLineString", "coordinates": [ [ [ 4564973.67004805803299, 4599034.451254715211689 ], [ 4564962.201722107827663, 4599035.168855419382453 ], [ 4564949.262434979900718, 4599037.277090491726995 ] ] ] } },
{ "type": "Feature", "properties": { "fid": 407, "OBJECTID": 308, "TIP": 1, "AD": "120", "SHAPE_Leng": 137.976137494, "DÜZENLENE": null }, "geometry": { "type": "MultiLineString", "coordinates": [ [ [ 4564167.837227467447519, 4600232.553606758825481 ], [ 4564191.278697093017399, 4600290.79571115039289 ], [ 4564232.222699899226427, 4600332.55093886796385 ], [ 4564284.95509884878993, 4600345.314969909377396 ] ] ] } },
{ "type": "Feature", "properties": { "fid": 408, "OBJECTID": 309, "TIP": 1, "AD": "HASTANE", "SHAPE_Leng": 352.56452514900002, "DÜZENLENE": null }, "geometry": { "type": "MultiLineString", "coordinates": [ [ [ 4564317.867245825007558, 4599819.214593931101263 ], [ 4564311.656092304736376, 4599841.179276952520013 ], [ 4564307.64922995865345, 4599852.735993860289454 ], [ 4564292.227262384258211, 4599875.345647945068777 ], [ 4564285.878647093661129, 4599902.685563996434212 ], [ 4564284.258581913076341, 4599931.507769920863211 ], [ 4564262.188147362321615, 4599967.520503047853708 ], [ 4564231.47062773630023, 4599997.198442254215479 ], [ 4564221.665709834545851, 4600020.350864184089005 ], [ 4564215.804879396222532, 4600060.285537839867175 ], [ 4564212.253602252341807, 4600082.627818667329848 ], [ 4564196.813165795058012, 4600135.364935903809965 ], [ 4564181.633432103320956, 4600200.241514247842133 ], [ 4564167.837227467447519, 4600232.553606758825481 ] ] ] } },
{ "type": "Feature", "properties": { "fid": 409, "OBJECTID": 310, "TIP": 1, "AD": "HASTANE", "SHAPE_Leng": 43.388548713200002, "DÜZENLENE": null }, "geometry": { "type": "MultiLineString", "coordinates": [ [ [ 4564167.837227467447519, 4600232.553606758825481 ], [ 4564152.654270960018039, 4600244.402188085019588 ], [ 4564142.677701066248119, 4600265.588584039360285 ], [ 4564130.477049830369651, 4600268.380065049044788 ] ] ] } },
{ "type": "Feature", "properties": { "fid": 410, "OBJECTID": 311, "TIP": 1, "AD": "117", "SHAPE_Leng": 251.33043541699999, "DÜZENLENE": null }, "geometry": { "type": "MultiLineString", "coordinates": [ [ [ 4564551.351074936799705, 4600185.307616750709713 ], [ 4564531.694157192483544, 4600185.81213363725692 ], [ 4564514.48532800283283, 4600190.818478357046843 ], [ 4564474.576361239887774, 4600206.39342953171581 ], [ 4564404.829019026830792, 4600240.805549456737936 ], [ 4564371.308037406764925, 4600257.662930597551167 ], [ 4564350.549590831622481, 4600271.382635118439794 ], [ 4564284.95509884878993, 4600345.314969909377396 ] ] ] } },
{ "type": "Feature", "properties": { "fid": 411, "OBJECTID": 312, "TIP": 1, "AD": "210", "SHAPE_Leng": 110.913720529, "DÜZENLENE": null }, "geometry": { "type": "MultiLineString", "coordinates": [ [ [ 4564810.9375693295151, 4599972.623099448159337 ], [ 4564820.03718982450664, 4599979.032420623116195 ], [ 4564822.865412510931492, 4599986.16299565974623 ], [ 4564825.788257383741438, 4599990.242549859918654 ], [ 4564844.975094151683152, 4600013.939931537955999 ], [ 4564855.948022506199777, 4600024.131837663240731 ], [ 4564878.922763566486537, 4600048.866513759829104 ], [ 4564885.395654398947954, 4600056.147660969756544 ], [ 4564888.843691036105156, 4600060.255844488739967 ], [ 4564904.04869476146996, 4600077.477208552882075 ] ] ] } },
{ "type": "Feature", "properties": { "fid": 412, "OBJECTID": 313, "TIP": 2, "AD": "GAZİ", "SHAPE_Leng": 47.107330525800002, "DÜZENLENE": null }, "geometry": { "type": "MultiLineString", "coordinates": [ [ [ 4564373.465028315782547, 4599549.642317429184914 ], [ 4564407.914186883717775, 4599542.963955696672201 ], [ 4564431.774746191687882, 4599536.506357882171869 ] ] ] } },
{ "type": "Feature", "properties": { "fid": 413, "OBJECTID": 314, "TIP": 2, "AD": "ATATÜRK", "SHAPE_Leng": 24.1776882616, "DÜZENLENE": null }, "geometry": { "type": "MultiLineString", "coordinates": [ [ [ 4564431.774746191687882, 4599536.506357882171869 ], [ 4564432.958771115168929, 4599549.866347012110054 ], [ 4564432.99722175206989, 4599567.272214426659048 ] ] ] } },
{ "type": "Feature", "properties": { "fid": 414, "OBJECTID": 315, "TIP": 2, "AD": "LİSE", "SHAPE_Leng": 51.495891357300003, "DÜZENLENE": null }, "geometry": { "type": "MultiLineString", "coordinates": [ [ [ 4565544.590484838932753, 4599376.275794722139835 ], [ 4565543.538433020934463, 4599367.882025470025837 ], [ 4565541.121835986152291, 4599358.657799584791064 ], [ 4565528.176006929948926, 4599329.679725249297917 ], [ 4565522.063348366878927, 4599315.033436662517488 ] ] ] } },
{ "type": "Feature", "properties": { "fid": 415, "OBJECTID": 316, "TIP": 1, "AD": "1005", "SHAPE_Leng": 145.51354979300001, "DÜZENLENE": null }, "geometry": { "type": "MultiLineString", "coordinates": [ [ [ 4565506.050534872338176, 4599279.205251353792846 ], [ 4565518.264277392067015, 4599272.092522482387722 ], [ 4565547.379174100235105, 4599261.787920388393104 ], [ 4565577.026157027110457, 4599256.189031159505248 ], [ 4565616.60153787676245, 4599242.063184911385179 ], [ 4565653.263776490464807, 4599225.566766082309186 ], [ 4565667.348682421259582, 4599218.243271877989173 ], [ 4565678.423407243564725, 4599215.082401595078409 ] ] ] } },
{ "type": "Feature", "properties": { "fid": 416, "OBJECTID": 317, "TIP": 1, "AD": "1007", "SHAPE_Leng": 103.2124444, "DÜZENLENE": null }, "geometry": { "type": "MultiLineString", "coordinates": [ [ [ 4565596.609455017372966, 4599166.984953706152737 ], [ 4565576.274373229593039, 4599182.081372289918363 ], [ 4565562.619439953938127, 4599190.842130079865456 ], [ 4565518.034769947640598, 4599210.704154443927109 ], [ 4565479.916491092182696, 4599225.151237896643579 ] ] ] } },
{ "type": "Feature", "properties": { "fid": 417, "OBJECTID": 318, "TIP": 2, "AD": "ANADOLU", "SHAPE_Leng": 46.753690185300002, "DÜZENLENE": null }, "geometry": { "type": "MultiLineString", "coordinates": [ [ [ 4565525.426527087576687, 4599058.894530219957232 ], [ 4565490.817398594692349, 4599064.24686570186168 ], [ 4565466.490809134207666, 4599063.967380473390222 ] ] ] } },
{ "type": "Feature", "properties": { "fid": 418, "OBJECTID": 319, "TIP": 1, "AD": "660", "SHAPE_Leng": 134.72732167300001, "DÜZENLENE": null }, "geometry": { "type": "MultiLineString", "coordinates": [ [ [ 4563614.483066296204925, 4600655.566662155091763 ], [ 4563581.63060590531677, 4600487.013864503242075 ] ] ] } },
{ "type": "Feature", "properties": { "fid": 419, "OBJECTID": 320, "TIP": 1, "AD": "303", "SHAPE_Leng": 65.99251635, "DÜZENLENE": null }, "geometry": { "type": "MultiLineString", "coordinates": [ [ [ 4564882.267671679146588, 4599254.223802947439253 ], [ 4564894.489520346745849, 4599242.078338445164263 ], [ 4564902.52132541872561, 4599235.195199239999056 ], [ 4564914.984512751922011, 4599226.378816795535386 ], [ 4564933.84353585075587, 4599218.619282959960401 ], [ 4564952.604127294383943, 4599210.606237032450736 ] ] ] } },
{ "type": "Feature", "properties": { "fid": 420, "OBJECTID": 321, "TIP": 1, "AD": "412", "SHAPE_Leng": 65.602202829899994, "DÜZENLENE": null }, "geometry": { "type": "MultiLineString", "coordinates": [ [ [ 4564752.081334904767573, 4598650.997818069532514 ], [ 4564749.72757763415575, 4598639.44553173519671 ], [ 4564746.696708835661411, 4598620.386678602546453 ], [ 4564740.133136468008161, 4598568.279920791275799 ] ] ] } },
{ "type": "Feature", "properties": { "fid": 421, "OBJECTID": 322, "TIP": 2, "AD": "ANADOLU", "SHAPE_Leng": 68.375094789599999, "DÜZENLENE": null }, "geometry": { "type": "MultiLineString", "coordinates": [ [ [ 4565343.172589220106602, 4599065.43928096909076 ], [ 4565261.294479270465672, 4599094.342623482458293 ] ] ] } },
{ "type": "Feature", "properties": { "fid": 422, "OBJECTID": 323, "TIP": 2, "AD": "ANADOLU", "SHAPE_Leng": 31.889491576699999, "DÜZENLENE": null }, "geometry": { "type": "MultiLineString", "coordinates": [ [ [ 4565261.294479270465672, 4599094.342623482458293 ], [ 4565222.000741600058973, 4599104.103231203742325 ] ] ] } },
{ "type": "Feature", "properties": { "fid": 423, "OBJECTID": 324, "TIP": 2, "AD": "ELMAS", "SHAPE_Leng": 68.238168869000006, "DÜZENLENE": null }, "geometry": { "type": "MultiLineString", "coordinates": [ [ [ 4565440.859491732902825, 4599146.345118674449623 ], [ 4565442.114221062511206, 4599142.088741226121783 ], [ 4565445.669030650518835, 4599130.030103070661426 ], [ 4565448.321103014051914, 4599106.629594246856868 ], [ 4565461.469664190895855, 4599074.634840996935964 ], [ 4565462.662434300407767, 4599072.100716914981604 ], [ 4565466.490809134207666, 4599063.967380473390222 ] ] ] } },
{ "type": "Feature", "properties": { "fid": 424, "OBJECTID": 325, "TIP": 2, "AD": "ELMAS", "SHAPE_Leng": 47.4886021899, "DÜZENLENE": null }, "geometry": { "type": "MultiLineString", "coordinates": [ [ [ 4565400.054887847974896, 4599190.629147096537054 ], [ 4565402.77324400935322, 4599187.635051498189569 ], [ 4565416.162343418225646, 4599170.72995859477669 ], [ 4565421.150881359353662, 4599164.431528388522565 ], [ 4565427.170260788872838, 4599158.581343706697226 ], [ 4565433.719249634072185, 4599152.216536431573331 ], [ 4565440.859491732902825, 4599146.345118674449623 ] ] ] } },
{ "type": "Feature", "properties": { "fid": 425, "OBJECTID": 326, "TIP": 1, "AD": "MEHTEP", "SHAPE_Leng": 63.789260722500003, "DÜZENLENE": null }, "geometry": { "type": "MultiLineString", "coordinates": [ [ [ 4565401.519782355055213, 4599054.45353480707854 ], [ 4565400.181973246857524, 4599041.97543185390532 ], [ 4565398.209817458875477, 4599008.736187316477299 ], [ 4565395.398334851488471, 4598986.399416962638497 ], [ 4565394.096614627167583, 4598973.522329365834594 ] ] ] } },
{ "type": "Feature", "properties": { "fid": 426, "OBJECTID": 327, "TIP": 2, "AD": "DR.İSMAİL BEŞİKCİ", "SHAPE_Leng": 99.729900703200002, "DÜZENLENE": null }, "geometry": { "type": "MultiLineString", "coordinates": [ [ [ 4564414.636267400346696, 4599379.80209681019187 ], [ 4564363.429708536714315, 4599398.049039264209569 ], [ 4564324.795744400471449, 4599413.594286528415978 ], [ 4564313.671253609471023, 4599417.293258406221867 ], [ 4564295.71036022156477, 4599423.265380844473839 ] ] ] } },
{ "type": "Feature", "properties": { "fid": 427, "OBJECTID": 328, "TIP": 1, "AD": "505", "SHAPE_Leng": 43.837701357500002, "DÜZENLENE": null }, "geometry": { "type": "MultiLineString", "coordinates": [ [ [ 4564434.555925854481757, 4599430.782482114620507 ], [ 4564441.656879673711956, 4599426.619994425214827 ], [ 4564462.754087935201824, 4599417.352157211862504 ], [ 4564470.92896131426096, 4599413.139329720288515 ], [ 4564484.973356550559402, 4599407.510564612224698 ], [ 4564484.980775538831949, 4599407.424599199555814 ] ] ] } },
{ "type": "Feature", "properties": { "fid": 428, "OBJECTID": 329, "TIP": 1, "AD": "505", "SHAPE_Leng": 102.914453463, "DÜZENLENE": null }, "geometry": { "type": "MultiLineString", "coordinates": [ [ [ 4564484.980775538831949, 4599407.424599199555814 ], [ 4564503.466978217475116, 4599398.522772308439016 ], [ 4564526.662859920412302, 4599389.923524701967835 ], [ 4564552.48965547606349, 4599378.703338951803744 ], [ 4564604.277636427432299, 4599354.156229336746037 ] ] ] } },
{ "type": "Feature", "properties": { "fid": 429, "OBJECTID": 330, "TIP": 2, "AD": "GAZİ", "SHAPE_Leng": 38.3629323165, "DÜZENLENE": null }, "geometry": { "type": "MultiLineString", "coordinates": [ [ [ 4564461.707701535895467, 4599528.405379023402929 ], [ 4564502.767747373320162, 4599517.292906936258078 ], [ 4564508.823481121100485, 4599516.09589661564678 ] ] ] } },
{ "type": "Feature", "properties": { "fid": 430, "OBJECTID": 331, "TIP": 1, "AD": "611", "SHAPE_Leng": 145.10491126599999, "DÜZENLENE": null }, "geometry": { "type": "MultiLineString", "coordinates": [ [ [ 4563947.602856113575399, 4599914.855704431422055 ], [ 4563986.505357077345252, 4599888.047538504004478 ], [ 4564042.816112062893808, 4599848.685637164860964 ], [ 4564057.85790098272264, 4599832.915364105254412 ], [ 4564060.222143573686481, 4599829.64145873580128 ], [ 4564061.215609430335462, 4599825.841717567294836 ], [ 4564060.872660742141306, 4599816.133598081767559 ], [ 4564059.453539657406509, 4599800.106667513027787 ], [ 4564056.371174824424088, 4599787.399927227757871 ] ] ] } },
{ "type": "Feature", "properties": { "fid": 431, "OBJECTID": 332, "TIP": 1, "AD": "101", "SHAPE_Leng": 53.573467471599997, "DÜZENLENE": null }, "geometry": { "type": "MultiLineString", "coordinates": [ [ [ 4564377.899666263721883, 4599608.223862036131322 ], [ 4564374.641817279160023, 4599607.641208393499255 ], [ 4564352.975991751998663, 4599612.428975641727448 ], [ 4564340.494279955513775, 4599613.861493005417287 ], [ 4564334.533656960353255, 4599612.086415234021842 ], [ 4564328.965798947960138, 4599610.171878622844815 ], [ 4564311.871073443442583, 4599615.319832596927881 ] ] ] } },
{ "type": "Feature", "properties": { "fid": 432, "OBJECTID": 333, "TIP": 1, "AD": "557", "SHAPE_Leng": 70.615825643099996, "DÜZENLENE": null }, "geometry": { "type": "MultiLineString", "coordinates": [ [ [ 4563581.840186542831361, 4599580.738566816784441 ], [ 4563566.47952838987112, 4599568.483632996678352 ], [ 4563545.864313379861414, 4599552.287026442587376 ], [ 4563535.0384178198874, 4599545.343054128810763 ], [ 4563521.371751582249999, 4599533.254346050322056 ], [ 4563509.781393797136843, 4599527.832485963590443 ] ] ] } },
{ "type": "Feature", "properties": { "fid": 433, "OBJECTID": 334, "TIP": 2, "AD": "SELAHADDİN İ EYYUBİ", "SHAPE_Leng": 150.10898190200001, "DÜZENLENE": null }, "geometry": { "type": "MultiLineString", "coordinates": [ [ [ 4564848.675132996402681, 4599684.075098014436662 ], [ 4564803.389157090336084, 4599646.602350123226643 ], [ 4564786.811906626448035, 4599631.849623542279005 ], [ 4564766.257507769390941, 4599619.61225064471364 ], [ 4564737.202450365759432, 4599618.219336248934269 ], [ 4564710.660752828232944, 4599621.224625022150576 ], [ 4564680.638738675974309, 4599621.431230966001749 ] ] ] } },
{ "type": "Feature", "properties": { "fid": 434, "OBJECTID": 335, "TIP": 1, "AD": "991", "SHAPE_Leng": 112.61558076199999, "DÜZENLENE": null }, "geometry": { "type": "MultiLineString", "coordinates": [ [ [ 4565798.150780252180994, 4600468.645252381451428 ], [ 4565804.932420472614467, 4600468.009258897975087 ], [ 4565829.098857969045639, 4600454.526928170584142 ], [ 4565849.521769681014121, 4600441.935832304880023 ], [ 4565862.61291781347245, 4600434.225248596630991 ], [ 4565886.127463318407536, 4600425.752811497077346 ], [ 4565896.741475039161742, 4600423.231908197514713 ], [ 4565914.5001180768013, 4600418.005462846718729 ], [ 4565929.200430639088154, 4600415.163357130251825 ] ] ] } },
{ "type": "Feature", "properties": { "fid": 435, "OBJECTID": 336, "TIP": 1, "AD": "330", "SHAPE_Leng": 67.248051254800004, "DÜZENLENE": null }, "geometry": { "type": "MultiLineString", "coordinates": [ [ [ 4565127.697467097081244, 4599029.572772079147398 ], [ 4565120.129610363394022, 4599013.451630556955934 ], [ 4565113.453079513274133, 4598984.250119957141578 ], [ 4565112.187299423851073, 4598946.340590577572584 ] ] ] } },
{ "type": "Feature", "properties": { "fid": 436, "OBJECTID": 337, "TIP": 1, "AD": "360", "SHAPE_Leng": 31.583339296599998, "DÜZENLENE": null }, "geometry": { "type": "MultiLineString", "coordinates": [ [ [ 4564900.116624321788549, 4599170.377157199196517 ], [ 4564873.402295986190438, 4599174.059124237857759 ], [ 4564860.802396197803319, 4599177.749990786425769 ] ] ] } },
{ "type": "Feature", "properties": { "fid": 437, "OBJECTID": 338, "TIP": 2, "AD": "ESKİBİTLİS", "SHAPE_Leng": 50.566918375, "DÜZENLENE": null }, "geometry": { "type": "MultiLineString", "coordinates": [ [ [ 4565042.903920428827405, 4599222.175637987442315 ], [ 4565030.954870161600411, 4599204.545300340279937 ], [ 4565017.876345570199192, 4599183.780653262510896 ], [ 4565009.122702895663679, 4599167.43560157250613 ] ] ] } },
{ "type": "Feature", "properties": { "fid": 438, "OBJECTID": 339, "TIP": 1, "AD": "312", "SHAPE_Leng": 21.881056902200001, "DÜZENLENE": null }, "geometry": { "type": "MultiLineString", "coordinates": [ [ [ 4565169.748886855319142, 4599145.051392797380686 ], [ 4565174.890820738859475, 4599156.3324612993747 ], [ 4565176.700410813093185, 4599165.468325008638203 ], [ 4565176.026518110185862, 4599171.599822492338717 ] ] ] } },
{ "type": "Feature", "properties": { "fid": 439, "OBJECTID": 340, "TIP": 2, "AD": "DİYARBAKIR", "SHAPE_Leng": 44.761248523600003, "DÜZENLENE": null }, "geometry": { "type": "MultiLineString", "coordinates": [ [ [ 4563766.353165617212653, 4600633.844180466607213 ], [ 4563718.092701578512788, 4600645.683833501301706 ], [ 4563711.199527656659484, 4600647.57354003470391 ] ] ] } },
{ "type": "Feature", "properties": { "fid": 440, "OBJECTID": 341, "TIP": 2, "AD": "POLAT", "SHAPE_Leng": 39.0669049, "DÜZENLENE": null }, "geometry": { "type": "MultiLineString", "coordinates": [ [ [ 4565823.782402034848928, 4600060.420533800497651 ], [ 4565870.94875938910991, 4600075.807983540929854 ] ] ] } },
{ "type": "Feature", "properties": { "fid": 441, "OBJECTID": 342, "TIP": 1, "AD": "946", "SHAPE_Leng": 132.034388939, "DÜZENLENE": null }, "geometry": { "type": "MultiLineString", "coordinates": [ [ [ 4565765.063633860088885, 4600186.883191286586225 ], [ 4565779.264197987504303, 4600222.108302067033947 ], [ 4565785.544474702328444, 4600243.224852895364165 ], [ 4565797.433592413552105, 4600285.472724547609687 ], [ 4565803.297812901437283, 4600308.060331476852298 ], [ 4565804.835692148655653, 4600327.368845361284912 ], [ 4565798.903089202940464, 4600348.18985076341778 ] ] ] } },
{ "type": "Feature", "properties": { "fid": 442, "OBJECTID": 343, "TIP": 2, "AD": "BEYAZIT", "SHAPE_Leng": 75.617097206500006, "DÜZENLENE": null }, "geometry": { "type": "MultiLineString", "coordinates": [ [ [ 4565295.244472132995725, 4599899.300132209435105 ], [ 4565298.76878862362355, 4599927.673059047199786 ], [ 4565305.563609788194299, 4599951.926652881316841 ], [ 4565311.081033456139266, 4599974.071688040159643 ], [ 4565317.931802399456501, 4599992.611666701734066 ] ] ] } },
{ "type": "Feature", "properties": { "fid": 443, "OBJECTID": 344, "TIP": 2, "AD": "1.CAD.", "SHAPE_Leng": 161.361154016, "DÜZENLENE": null }, "geometry": { "type": "MultiLineString", "coordinates": [ [ [ 4563219.051888955757022, 4600415.660811657086015 ], [ 4563227.204601742327213, 4600451.245615351013839 ], [ 4563242.22987565677613, 4600493.99207466468215 ], [ 4563253.746752183884382, 4600535.01497882977128 ], [ 4563274.709438215009868, 4600613.475829574279487 ] ] ] } },
{ "type": "Feature", "properties": { "fid": 444, "OBJECTID": 345, "TIP": 1, "AD": "646", "SHAPE_Leng": 197.284098863, "DÜZENLENE": null }, "geometry": { "type": "MultiLineString", "coordinates": [ [ [ 4563369.631789875216782, 4600586.236467226408422 ], [ 4563333.099531074985862, 4600496.290251526981592 ], [ 4563310.95455726981163, 4600440.09053863491863 ], [ 4563301.649708810262382, 4600417.739384420216084 ], [ 4563301.507910373620689, 4600416.926466217264533 ] ] ] } },
{ "type": "Feature", "properties": { "fid": 445, "OBJECTID": 346, "TIP": 2, "AD": "HASTANE", "SHAPE_Leng": 36.422109821500001, "DÜZENLENE": null }, "geometry": { "type": "MultiLineString", "coordinates": [ [ [ 4563413.841451589018106, 4600573.340954313986003 ], [ 4563395.855647074989974, 4600580.812125932425261 ], [ 4563369.631789875216782, 4600586.236467226408422 ] ] ] } },
{ "type": "Feature", "properties": { "fid": 446, "OBJECTID": 347, "TIP": 1, "AD": "1137", "SHAPE_Leng": 72.273556219400007, "DÜZENLENE": null }, "geometry": { "type": "MultiLineString", "coordinates": [ [ [ 4568287.354341622442007, 4598489.167287985794246 ], [ 4568314.502818955108523, 4598480.130937139503658 ], [ 4568335.806077862158418, 4598475.343389485031366 ], [ 4568375.895930584520102, 4598465.374079121276736 ] ] ] } },
{ "type": "Feature", "properties": { "fid": 447, "OBJECTID": 348, "TIP": 1, "AD": "532", "SHAPE_Leng": 33.401749146999997, "DÜZENLENE": null }, "geometry": { "type": "MultiLineString", "coordinates": [ [ [ 4564522.491349221207201, 4599305.806435545906425 ], [ 4564518.101578643545508, 4599299.276575508527458 ], [ 4564516.016820622608066, 4599296.061019432730973 ], [ 4564500.016525975428522, 4599300.389430955052376 ], [ 4564486.58075856603682, 4599304.881983691826463 ] ] ] } },
{ "type": "Feature", "properties": { "fid": 448, "OBJECTID": 349, "TIP": 1, "AD": "521", "SHAPE_Leng": 91.898046939500006, "DÜZENLENE": null }, "geometry": { "type": "MultiLineString", "coordinates": [ [ [ 4564547.080941545777023, 4599229.088581886142492 ], [ 4564530.627836820669472, 4599241.13814846239984 ], [ 4564521.551077893003821, 4599247.069626796990633 ], [ 4564522.478812106885016, 4599252.716585441492498 ], [ 4564527.652027771808207, 4599260.283277963288128 ], [ 4564532.206818236038089, 4599267.685283591970801 ], [ 4564535.043222240172327, 4599270.854429079219699 ], [ 4564538.343836134299636, 4599270.726710828952491 ], [ 4564540.673352234996855, 4599272.306552234105766 ], [ 4564543.928213173523545, 4599278.49536083266139 ], [ 4564546.326112377457321, 4599289.913448369130492 ], [ 4564548.045144781470299, 4599294.860015300102532 ], [ 4564534.52231442835182, 4599300.355856450274587 ], [ 4564522.491349221207201, 4599305.806435545906425 ] ] ] } },
{ "type": "Feature", "properties": { "fid": 449, "OBJECTID": 350, "TIP": 2, "AD": "GAZİ", "SHAPE_Leng": 10.647771836800001, "DÜZENLENE": null }, "geometry": { "type": "MultiLineString", "coordinates": [ [ [ 4564622.676551977172494, 4599508.778926506638527 ], [ 4564623.969988749362528, 4599508.81523372605443 ], [ 4564636.156125624664128, 4599507.874440179206431 ] ] ] } },
{ "type": "Feature", "properties": { "fid": 450, "OBJECTID": 351, "TIP": 1, "AD": "506", "SHAPE_Leng": 70.232374266700006, "DÜZENLENE": null }, "geometry": { "type": "MultiLineString", "coordinates": [ [ [ 4564636.156125624664128, 4599507.874440179206431 ], [ 4564635.69767118897289, 4599501.453462347388268 ], [ 4564634.617304598912597, 4599486.320896193385124 ], [ 4564634.270938945002854, 4599476.478301775641739 ], [ 4564629.739288129843771, 4599453.233153615146875 ], [ 4564625.594664263539016, 4599441.718829519115388 ], [ 4564621.894227920100093, 4599419.897685672156513 ] ] ] } },
{ "type": "Feature", "properties": { "fid": 451, "OBJECTID": 352, "TIP": 2, "AD": "DEMİRDÖVEN", "SHAPE_Leng": 21.8394874723, "DÜZENLENE": null }, "geometry": { "type": "MultiLineString", "coordinates": [ [ [ 4564644.446321007795632, 4599403.708173919469118 ], [ 4564621.894227920100093, 4599419.897685672156513 ] ] ] } },
{ "type": "Feature", "properties": { "fid": 452, "OBJECTID": 353, "TIP": 1, "AD": "616", "SHAPE_Leng": 55.8687924165, "DÜZENLENE": null }, "geometry": { "type": "MultiLineString", "coordinates": [ [ [ 4563926.733648093417287, 4599590.859793738462031 ], [ 4563928.658675187267363, 4599599.073875841684639 ], [ 4563933.616068203002214, 4599617.733917931094766 ], [ 4563936.836808611638844, 4599632.561108422465622 ], [ 4563938.36802639067173, 4599638.789031521417201 ], [ 4563941.330758033320308, 4599646.605207257904112 ], [ 4563944.324560173787177, 4599650.858278004452586 ], [ 4563946.752405140548944, 4599658.794028951786458 ] ] ] } },
{ "type": "Feature", "properties": { "fid": 453, "OBJECTID": 354, "TIP": 2, "AD": "4.", "SHAPE_Leng": 276.85557040700002, "DÜZENLENE": null }, "geometry": { "type": "MultiLineString", "coordinates": [ [ [ 4564167.213436274789274, 4599812.22438985761255 ], [ 4564163.887031380087137, 4599800.363055761903524 ], [ 4564161.191492849960923, 4599794.928740667179227 ], [ 4564157.555402448400855, 4599789.632486624643207 ], [ 4564150.992084307596087, 4599782.708869044668972 ], [ 4564141.754211801104248, 4599773.720186826772988 ], [ 4564132.249389739707112, 4599767.245974800549448 ], [ 4564124.675241176970303, 4599759.126117430627346 ], [ 4564120.089245532639325, 4599750.936181615106761 ], [ 4564107.578174418769777, 4599719.002185196615756 ], [ 4564096.177765293978155, 4599680.387242033146322 ], [ 4564084.022058645263314, 4599664.997856591828167 ], [ 4564074.392937861382961, 4599650.453394128941 ], [ 4564069.997419783845544, 4599629.318568537943065 ], [ 4564067.892758064903319, 4599598.059160998091102 ], [ 4564055.32112873531878, 4599579.980124375782907 ], [ 4564036.74806119222194, 4599574.445096720010042 ], [ 4563970.092793669551611, 4599582.54485749732703 ] ] ] } },
{ "type": "Feature", "properties": { "fid": 454, "OBJECTID": 355, "TIP": 2, "AD": "4.", "SHAPE_Leng": 34.774762765200002, "DÜZENLENE": null }, "geometry": { "type": "MultiLineString", "coordinates": [ [ [ 4563970.092793669551611, 4599582.54485749732703 ], [ 4563926.733648093417287, 4599590.859793738462031 ] ] ] } },
{ "type": "Feature", "properties": { "fid": 455, "OBJECTID": 356, "TIP": 1, "AD": "611", "SHAPE_Leng": 129.02776487200001, "DÜZENLENE": null }, "geometry": { "type": "MultiLineString", "coordinates": [ [ [ 4564040.103670752607286, 4599730.718558692373335 ], [ 4564009.142885137349367, 4599657.263611353002489 ], [ 4563982.786327044479549, 4599614.654689691960812 ], [ 4563970.092793669551611, 4599582.54485749732703 ] ] ] } },
{ "type": "Feature", "properties": { "fid": 456, "OBJECTID": 357, "TIP": 1, "AD": "604", "SHAPE_Leng": 210.919998252, "DÜZENLENE": null }, "geometry": { "type": "MultiLineString", "coordinates": [ [ [ 4564161.827937470749021, 4600518.916795988567173 ], [ 4564143.821687930263579, 4600483.545903447084129 ], [ 4564115.4707171022892, 4600435.804189821705222 ], [ 4564070.491238884627819, 4600354.236645218916237 ], [ 4564029.609068787656724, 4600306.991583655588329 ], [ 4564014.19277068413794, 4600298.329039479605854 ] ] ] } },
{ "type": "Feature", "properties": { "fid": 457, "OBJECTID": 358, "TIP": 1, "AD": "MEHTEP", "SHAPE_Leng": 32.787794603599998, "DÜZENLENE": null }, "geometry": { "type": "MultiLineString", "coordinates": [ [ [ 4565317.384594117291272, 4598539.354450752027333 ], [ 4565296.157062532380223, 4598551.869664722122252 ], [ 4565285.16493880841881, 4598564.892267729155719 ] ] ] } },
{ "type": "Feature", "properties": { "fid": 458, "OBJECTID": 359, "TIP": 2, "AD": "UMUT", "SHAPE_Leng": 177.015617142, "DÜZENLENE": null }, "geometry": { "type": "MultiLineString", "coordinates": [ [ [ 4565468.130086747929454, 4599583.649795247241855 ], [ 4565481.868829684332013, 4599556.138528935611248 ], [ 4565505.618143044412136, 4599515.140564890578389 ], [ 4565537.406652636826038, 4599462.723092355765402 ], [ 4565564.780701830983162, 4599423.670345244929194 ], [ 4565563.696046768687665, 4599404.578480175696313 ], [ 4565561.125798589549959, 4599385.576025294139981 ] ] ] } },
{ "type": "Feature", "properties": { "fid": 459, "OBJECTID": 360, "TIP": 2, "AD": "UMUT", "SHAPE_Leng": 79.264559160399997, "DÜZENLENE": null }, "geometry": { "type": "MultiLineString", "coordinates": [ [ [ 4565388.275372007861733, 4599640.03849012311548 ], [ 4565440.240553954616189, 4599616.434215710498393 ], [ 4565446.799727892503142, 4599612.226030665449798 ], [ 4565460.800872497260571, 4599596.853140898048878 ], [ 4565468.130086747929454, 4599583.649795247241855 ] ] ] } },
{ "type": "Feature", "properties": { "fid": 460, "OBJECTID": 361, "TIP": 1, "AD": "652", "SHAPE_Leng": 99.363717498599996, "DÜZENLENE": null }, "geometry": { "type": "MultiLineString", "coordinates": [ [ [ 4563350.117759747430682, 4600401.104459144175053 ], [ 4563349.994033763185143, 4600395.32522944547236 ], [ 4563349.991333775222301, 4600391.24394803121686 ], [ 4563350.064108692109585, 4600388.602587124332786 ], [ 4563348.990726402029395, 4600381.572547721676528 ], [ 4563347.191149774938822, 4600372.839898755773902 ], [ 4563340.260113526135683, 4600344.111284887418151 ], [ 4563335.200231598690152, 4600324.023783588781953 ], [ 4563334.314857522025704, 4600319.084664228372276 ], [ 4563331.315772350877523, 4600296.668700095266104 ], [ 4563328.322878905571997, 4600286.517611346207559 ] ] ] } },
{ "type": "Feature", "properties": { "fid": 461, "OBJECTID": 362, "TIP": 1, "AD": "773", "SHAPE_Leng": 155.76298419599999, "DÜZENLENE": null }, "geometry": { "type": "MultiLineString", "coordinates": [ [ [ 4563062.366730388253927, 4601619.383257394656539 ], [ 4563020.285314766690135, 4601631.312525904737413 ], [ 4562873.681394273415208, 4601678.784737986512482 ] ] ] } },
{ "type": "Feature", "properties": { "fid": 462, "OBJECTID": 363, "TIP": 1, "AD": "761", "SHAPE_Leng": 439.76562347800001, "DÜZENLENE": null }, "geometry": { "type": "MultiLineString", "coordinates": [ [ [ 4563156.718251304700971, 4601265.553756699897349 ], [ 4563148.723878649063408, 4601237.385279316455126 ], [ 4563136.651304732076824, 4601207.055424565449357 ], [ 4563076.303824152797461, 4601223.652036443352699 ], [ 4562971.109710051678121, 4601258.984306887723505 ], [ 4562852.110376491211355, 4601298.211995169520378 ], [ 4562729.847618658095598, 4601342.007227731868625 ], [ 4562736.564373519271612, 4601357.523153135553002 ], [ 4562742.470804578624666, 4601382.363324843347073 ], [ 4562749.608796558342874, 4601407.261706785298884 ] ] ] } },
{ "type": "Feature", "properties": { "fid": 463, "OBJECTID": 364, "TIP": 1, "AD": "956", "SHAPE_Leng": 105.76348232799999, "DÜZENLENE": null }, "geometry": { "type": "MultiLineString", "coordinates": [ [ [ 4565963.511491071432829, 4600099.425663283094764 ], [ 4565982.899432477541268, 4600165.232402445748448 ], [ 4566006.313755798153579, 4600227.111099882982671 ] ] ] } },
{ "type": "Feature", "properties": { "fid": 464, "OBJECTID": 365, "TIP": 2, "AD": "KARABEHLÜLBEY", "SHAPE_Leng": 110.940049297, "DÜZENLENE": null }, "geometry": { "type": "MultiLineString", "coordinates": [ [ [ 4564671.904173554852605, 4600034.229875823482871 ], [ 4564674.533579444512725, 4600056.483039878308773 ], [ 4564675.481340699829161, 4600075.53430381976068 ], [ 4564676.322690484113991, 4600106.282699632458389 ], [ 4564676.646180318668485, 4600137.942102454602718 ], [ 4564673.574672144837677, 4600170.035144880414009 ], [ 4564673.77755007520318, 4600175.304847629740834 ] ] ] } },
{ "type": "Feature", "properties": { "fid": 465, "OBJECTID": 366, "TIP": 1, "AD": "761", "SHAPE_Leng": 30.462293435799999, "DÜZENLENE": null }, "geometry": { "type": "MultiLineString", "coordinates": [ [ [ 4563192.853666081093252, 4601279.394567414186895 ], [ 4563156.718251304700971, 4601265.553756699897349 ] ] ] } },
{ "type": "Feature", "properties": { "fid": 466, "OBJECTID": 367, "TIP": 1, "AD": "1007", "SHAPE_Leng": 24.563723654499999, "DÜZENLENE": null }, "geometry": { "type": "MultiLineString", "coordinates": [ [ [ 4565421.146105838008225, 4599252.713196968659759 ], [ 4565407.510058614425361, 4599261.418322172015905 ], [ 4565394.783597276546061, 4599269.431604507379234 ] ] ] } },
{ "type": "Feature", "properties": { "fid": 467, "OBJECTID": 368, "TIP": 1, "AD": "1011", "SHAPE_Leng": 92.128812099100003, "DÜZENLENE": null }, "geometry": { "type": "MultiLineString", "coordinates": [ [ [ 4565855.341207538731396, 4599017.830516112968326 ], [ 4565831.774639394134283, 4599029.971502571366727 ], [ 4565804.950528712943196, 4599039.007358506321907 ], [ 4565764.148224828764796, 4599047.31877760682255 ], [ 4565759.181769032031298, 4599047.8657032744959 ], [ 4565748.864869570359588, 4599047.982930213212967 ], [ 4565743.691245104186237, 4599047.340161046944559 ] ] ] } },
{ "type": "Feature", "properties": { "fid": 468, "OBJECTID": 369, "TIP": 1, "AD": "923", "SHAPE_Leng": 52.660848183299997, "DÜZENLENE": null }, "geometry": { "type": "MultiLineString", "coordinates": [ [ [ 4565573.235566027462482, 4600232.058074007742107 ], [ 4565614.684199459850788, 4600218.199602933600545 ], [ 4565623.423864407464862, 4600216.55749031342566 ], [ 4565627.269839624874294, 4600216.234670692123473 ], [ 4565629.097708237357438, 4600216.248741812072694 ], [ 4565630.480647828429937, 4600216.808547809720039 ], [ 4565632.382051849737763, 4600218.925105213187635 ], [ 4565635.233247501775622, 4600222.098877503536642 ] ] ] } },
{ "type": "Feature", "properties": { "fid": 469, "OBJECTID": 370, "TIP": 1, "AD": "923", "SHAPE_Leng": 109.71102313, "DÜZENLENE": null }, "geometry": { "type": "MultiLineString", "coordinates": [ [ [ 4565452.377169193699956, 4600300.320126402191818 ], [ 4565481.401973653584719, 4600277.421830133534968 ], [ 4565520.203726622276008, 4600257.144200221635401 ], [ 4565573.235566027462482, 4600232.058074007742107 ] ] ] } },
{ "type": "Feature", "properties": { "fid": 470, "OBJECTID": 371, "TIP": 2, "AD": "ŞEHİTLİK", "SHAPE_Leng": 40.5428305497, "DÜZENLENE": null }, "geometry": { "type": "MultiLineString", "coordinates": [ [ [ 4565577.385704726912081, 4600090.756982306018472 ], [ 4565598.420171107165515, 4600137.925134407356381 ] ] ] } },
{ "type": "Feature", "properties": { "fid": 471, "OBJECTID": 372, "TIP": 2, "AD": "ŞEHİTLİK", "SHAPE_Leng": 12.7653096665, "DÜZENLENE": null }, "geometry": { "type": "MultiLineString", "coordinates": [ [ [ 4565598.420171107165515, 4600137.925134407356381 ], [ 4565605.065491983667016, 4600152.766445542685688 ] ] ] } },
{ "type": "Feature", "properties": { "fid": 472, "OBJECTID": 373, "TIP": 2, "AD": "SAİDİ NURSİ", "SHAPE_Leng": 352.24377876900002, "DÜZENLENE": null }, "geometry": { "type": "MultiLineString", "coordinates": [ [ [ 4560903.174804022535682, 4601020.423769821412861 ], [ 4560909.826878470368683, 4600991.512942750938237 ], [ 4560925.480538355186582, 4600947.993393577635288 ], [ 4560937.842350989580154, 4600918.264725653454661 ], [ 4560968.153152008540928, 4600879.380725318565965 ], [ 4560993.266065407544374, 4600864.6584254167974 ], [ 4561015.703584934584796, 4600856.151384592987597 ], [ 4561034.585173477418721, 4600832.315103282220662 ], [ 4561043.808292606845498, 4600827.070951697416604 ], [ 4561051.351794257760048, 4600810.326428301632404 ], [ 4561069.98893210105598, 4600791.902979492209852 ], [ 4561095.601495508104563, 4600763.822107980959117 ], [ 4561112.566323057748377, 4600734.258840215392411 ], [ 4561117.124296390451491, 4600712.170693123713136 ], [ 4561105.675288738682866, 4600655.591336692683399 ] ] ] } },
{ "type": "Feature", "properties": { "fid": 473, "OBJECTID": 374, "TIP": 1, "AD": "716", "SHAPE_Leng": 161.519706302, "DÜZENLENE": null }, "geometry": { "type": "MultiLineString", "coordinates": [ [ [ 4563679.198670172132552, 4600812.401805295608938 ], [ 4563673.466703314334154, 4600825.363218975253403 ], [ 4563670.151796324178576, 4600836.231031746603549 ], [ 4563664.514384818263352, 4600855.232387034222484 ], [ 4563647.576936804689467, 4600886.799451665952802 ], [ 4563627.979671637527645, 4600912.99899610131979 ], [ 4563602.024209907278419, 4600943.519489066675305 ], [ 4563587.282692385837436, 4600958.00814772862941 ], [ 4563569.077528736554086, 4600973.921274955384433 ], [ 4563563.793954667635262, 4600978.218961441889405 ] ] ] } },
{ "type": "Feature", "properties": { "fid": 474, "OBJECTID": 375, "TIP": 2, "AD": "DİYARBAKIR", "SHAPE_Leng": 48.277040856299998, "DÜZENLENE": null }, "geometry": { "type": "MultiLineString", "coordinates": [ [ [ 4563639.578018309548497, 4600666.10798445250839 ], [ 4563636.435430723242462, 4600666.881944644264877 ], [ 4563589.406713395379484, 4600679.773917836137116 ], [ 4563580.32246754039079, 4600681.790335612371564 ] ] ] } },
{ "type": "Feature", "properties": { "fid": 475, "OBJECTID": 376, "TIP": 1, "AD": "TAŞPINAR/1", "SHAPE_Leng": 3959.1510451899999, "DÜZENLENE": null }, "geometry": { "type": "MultiLineString", "coordinates": [ [ [ 4569107.246650827117264, 4598220.885225021280348 ], [ 4569107.301259626634419, 4598234.999399744905531 ], [ 4569092.344264155253768, 4598251.385694978758693 ], [ 4569078.488421766087413, 4598259.787464975379407 ], [ 4569049.780181447975338, 4598278.185123770497739 ], [ 4569047.087584919296205, 4598279.910645522177219 ], [ 4569013.918967614881694, 4598305.199934928677976 ], [ 4568972.538601510226727, 4598348.142639990895987 ], [ 4568968.975414386019111, 4598351.728892562910914 ], [ 4568924.702470201998949, 4598396.287705220282078 ], [ 4568904.459759716875851, 4598428.981226159259677 ], [ 4568878.656307985074818, 4598465.440772421658039 ], [ 4568851.331147835589945, 4598499.910108068957925 ], [ 4568837.967288697138429, 4598515.451701824553311 ], [ 4568837.741863117553294, 4598523.551915257237852 ], [ 4568842.35106689017266, 4598531.545213871635497 ], [ 4568848.537606765516102, 4598531.813152899965644 ], [ 4568858.553550914861262, 4598529.02818126231432 ], [ 4568876.967960467562079, 4598523.22397768497467 ], [ 4568890.640691521577537, 4598515.635833410546184 ], [ 4568941.084626781754196, 4598499.948470273986459 ], [ 4568968.826407321728766, 4598492.212763445451856 ], [ 4568973.669148461893201, 4598490.862382207065821 ], [ 4568992.371701790951192, 4598492.067545603960752 ], [ 4568995.844644236378372, 4598496.578693734481931 ], [ 4568999.01022816542536, 4598500.69048185646534 ], [ 4568992.108999949879944, 4598511.704696340486407 ], [ 4568989.923230943270028, 4598515.19309113919735 ], [ 4568969.404522257857025, 4598531.301543710753322 ], [ 4568958.09085311088711, 4598540.183327023871243 ], [ 4568922.299098399467766, 4598574.570552108809352 ], [ 4568904.896984158083797, 4598608.146327562630177 ], [ 4568876.731408051215112, 4598634.944243746809661 ], [ 4568828.911603515967727, 4598672.296004968695343 ], [ 4568793.510627340525389, 4598718.413012225180864 ], [ 4568761.708779722452164, 4598763.236093230545521 ], [ 4568727.237164269201458, 4598814.999554113484919 ], [ 4568703.470427410677075, 4598852.494319871999323 ], [ 4568691.946351864375174, 4598872.313235122710466 ], [ 4568692.908821833319962, 4598879.443034841679037 ], [ 4568702.047165994532406, 4598879.510815211571753 ], [ 4568712.35109122376889, 4598871.457445053383708 ], [ 4568729.78596309479326, 4598857.714472934603691 ], [ 4568770.461400827392936, 4598825.377607971429825 ], [ 4568805.452042499557137, 4598803.42083852738142 ], [ 4568830.44588877260685, 4598791.264601467177272 ], [ 4568864.275611686520278, 4598783.770140904933214 ], [ 4568886.392322916537523, 4598787.463645081035793 ], [ 4568900.742198409512639, 4598798.47981521487236 ], [ 4568919.174455981701612, 4598811.834293104708195 ], [ 4568935.531100865453482, 4598816.329672926105559 ], [ 4568954.771394186653197, 4598817.52303624432534 ], [ 4568968.820893238298595, 4598812.394006822258234 ], [ 4568979.164710001088679, 4598808.617890923283994 ], [ 4568997.849236343987286, 4598796.735876273363829 ], [ 4569014.615876704454422, 4598795.420230828225613 ], [ 4569041.963344923220575, 4598804.799319050274789 ], [ 4569063.750128032639623, 4598817.944403604604304 ], [ 4569076.140179297886789, 4598825.360786160454154 ], [ 4569096.974315314553678, 4598825.709050016477704 ], [ 4569120.242612138390541, 4598814.534846628084779 ], [ 4569127.138362970203161, 4598804.262833193875849 ], [ 4569143.783554672263563, 4598797.417737298645079 ], [ 4569176.232513479888439, 4598800.477023066952825 ], [ 4569199.48006631527096, 4598806.708324669860303 ], [ 4569227.702508983202279, 4598794.749367071315646 ], [ 4569257.495770448818803, 4598756.445562656037509 ], [ 4569275.258628408424556, 4598739.321395054459572 ], [ 4569295.711324317380786, 4598734.550710906274617 ], [ 4569326.246428156271577, 4598742.23913839738816 ], [ 4569355.533382549881935, 4598754.272865586914122 ], [ 4569375.390779791399837, 4598759.094688469544053 ], [ 4569421.66433166898787, 4598755.370253862813115 ], [ 4569457.516015506349504, 4598754.305487214587629 ], [ 4569466.334387145005167, 4598758.157624548301101 ], [ 4569465.786643587052822, 4598769.908117771148682 ], [ 4569432.42430152464658, 4598810.85535130277276 ], [ 4569375.683311681263149, 4598882.409277065657079 ], [ 4569298.626861254684627, 4598971.144433053210378 ], [ 4569276.615607500076294, 4598996.728528643958271 ], [ 4569249.780104152858257, 4599010.681029126048088 ], [ 4569204.005999242886901, 4599018.846190541982651 ], [ 4569191.216767049394548, 4599023.851983607746661 ], [ 4569173.907635439187288, 4599037.188386796042323 ], [ 4569166.26923946570605, 4599062.589057071134448 ], [ 4569177.707600790075958, 4599106.187287899665534 ], [ 4569198.299416245892644, 4599132.177149347960949 ], [ 4569238.492663544602692, 4599163.534640237689018 ], [ 4569273.058274110779166, 4599189.48464048653841 ], [ 4569297.962205899879336, 4599222.125458995811641 ], [ 4569329.695913842879236, 4599247.598495109938085 ], [ 4569364.098824976943433, 4599266.130885889753699 ], [ 4569435.860051761381328, 4599303.129875515587628 ], [ 4569468.5152085153386, 4599315.493872370570898 ], [ 4569522.703972305171192, 4599329.404169974848628 ], [ 4569575.010295888409019, 4599337.149061493575573 ], [ 4569631.058704046532512, 4599350.0729443076998 ], [ 4569650.280093487352133, 4599368.671719988808036 ], [ 4569647.641623397357762, 4599395.311828422360122 ], [ 4569615.399400704540312, 4599444.468086647801101 ], [ 4569603.100414502434433, 4599490.078520859591663 ], [ 4569601.203116201795638, 4599532.084878040477633 ], [ 4569613.115081074647605, 4599578.777565261349082 ], [ 4569621.795517824590206, 4599619.065312471240759 ], [ 4569639.169877331703901, 4599663.612958244979382 ], [ 4569658.900398030877113, 4599699.202833818271756 ], [ 4569681.243575092405081, 4599725.289183642715216 ], [ 4569706.7522899992764, 4599736.462243332527578 ], [ 4569758.263240313157439, 4599750.70106958411634 ], [ 4569795.836842214688659, 4599754.454433966428041 ], [ 4569836.702387438155711, 4599761.237975559197366 ], [ 4569867.071487681008875, 4599761.237945188768208 ], [ 4569906.337765625678003, 4599762.524314733222127 ], [ 4569978.862515218555927, 4599760.777392268180847 ], [ 4570023.170169706456363, 4599759.117577496916056 ], [ 4570078.652238204143941, 4599758.423479468561709 ], [ 4570115.038102540187538, 4599763.146603965200484 ], [ 4570168.994044855237007, 4599778.543437719345093 ], [ 4570233.921135451644659, 4599803.951120736077428 ], [ 4570274.745131719857454, 4599814.916998547501862 ], [ 4570310.844331691972911, 4599824.908248698338866 ], [ 4570357.660996831022203, 4599851.662957088090479 ], [ 4570378.788707943633199, 4599871.298197303898633 ], [ 4570384.945122735574841, 4599894.505374118685722 ], [ 4570374.181000494398177, 4599924.296677252277732 ], [ 4570356.275080751627684, 4600001.880616967566311 ], [ 4570359.347770298831165, 4600037.571266139857471 ], [ 4570345.019620983861387, 4600064.203624743036926 ], [ 4570288.62357634678483, 4600102.702954976819456 ], [ 4570232.582110773772001, 4600145.107441182248294 ], [ 4570181.485675189644098, 4600192.394696393050253 ], [ 4570137.95516802649945, 4600241.537603818811476 ], [ 4570055.240360660478473, 4600317.596373818814754 ], [ 4570017.355487374588847, 4600372.95623080432415 ], [ 4570001.795016440562904, 4600416.889474890194833 ], [ 4569991.533365789800882, 4600451.258811962790787 ], [ 4569993.283534795977175, 4600475.779999904334545 ], [ 4569990.677477773278952, 4600516.051878630183637 ], [ 4569986.1240618750453, 4600608.186955215409398 ], [ 4569984.462074448354542, 4600632.076447494328022 ] ] ] } },
{ "type": "Feature", "properties": { "fid": 476, "OBJECTID": 377, "TIP": 1, "AD": "705", "SHAPE_Leng": 230.114478523, "DÜZENLENE": null }, "geometry": { "type": "MultiLineString", "coordinates": [ [ [ 4564233.891546460799873, 4600710.609816590324044 ], [ 4564251.208501671440899, 4600706.115078935399652 ], [ 4564280.991376821883023, 4600698.973259390331805 ], [ 4564286.81952952593565, 4600697.345845100469887 ], [ 4564291.947136002592742, 4600695.914044264703989 ], [ 4564303.416483424603939, 4600693.862497760914266 ], [ 4564307.663948561996222, 4600693.102757164277136 ], [ 4564313.923589590005577, 4600693.731719677336514 ], [ 4564316.761544128879905, 4600694.016761060804129 ], [ 4564327.145927685312927, 4600700.933882701210678 ], [ 4564331.723810967989266, 4600703.983253189362586 ], [ 4564354.654233293607831, 4600730.109380108304322 ], [ 4564361.206322914920747, 4600737.574506656266749 ], [ 4564371.78985708206892, 4600749.868547649122775 ], [ 4564374.5088079739362, 4600753.026958648115396 ], [ 4564377.08215092215687, 4600756.016004220582545 ], [ 4564379.875328014604747, 4600771.421488958410919 ], [ 4564380.73827953543514, 4600784.774215755052865 ], [ 4564381.658827373757958, 4600799.015747478231788 ], [ 4564382.175216992385685, 4600807.006724487058818 ], [ 4564379.790909848175943, 4600818.161348481662571 ], [ 4564377.404179288074374, 4600829.327512629330158 ], [ 4564375.358137886971235, 4600838.899527383036911 ], [ 4564375.112559445202351, 4600849.904384466819465 ], [ 4564376.400773233734071, 4600859.808955905027688 ], [ 4564376.810071921907365, 4600875.702904210425913 ] ] ] } },
{ "type": "Feature", "properties": { "fid": 477, "OBJECTID": 378, "TIP": 1, "AD": "1018", "SHAPE_Leng": 156.04600728200001, "DÜZENLENE": null }, "geometry": { "type": "MultiLineString", "coordinates": [ [ [ 4565579.254615410231054, 4599025.338416851125658 ], [ 4565571.298533166758716, 4599013.884078870527446 ], [ 4565553.630348775535822, 4598994.255009928718209 ], [ 4565546.580223077908158, 4598968.547568986192346 ], [ 4565540.255497519858181, 4598934.953678295016289 ], [ 4565539.366035936400294, 4598904.164881124161184 ], [ 4565543.659271869808435, 4598864.493009303696454 ], [ 4565550.388882896862924, 4598838.444614816457033 ] ] ] } },
{ "type": "Feature", "properties": { "fid": 478, "OBJECTID": 379, "TIP": 1, "AD": "935", "SHAPE_Leng": 165.565341706, "DÜZENLENE": null }, "geometry": { "type": "MultiLineString", "coordinates": [ [ [ 4565539.237177273258567, 4600563.595970534719527 ], [ 4565642.792183353565633, 4600523.6424132110551 ], [ 4565704.946576161310077, 4600492.708237318322062 ], [ 4565733.34242653567344, 4600483.371309200301766 ] ] ] } },
{ "type": "Feature", "properties": { "fid": 479, "OBJECTID": 380, "TIP": 1, "AD": "935", "SHAPE_Leng": 52.582837440200002, "DÜZENLENE": null }, "geometry": { "type": "MultiLineString", "coordinates": [ [ [ 4565477.945494494400918, 4600590.032291528768837 ], [ 4565513.307363683357835, 4600576.144585034810007 ], [ 4565539.237177273258567, 4600563.595970534719527 ] ] ] } },
{ "type": "Feature", "properties": { "fid": 480, "OBJECTID": 381, "TIP": 2, "AD": "ANADOLU", "SHAPE_Leng": 124.530633428, "DÜZENLENE": null }, "geometry": { "type": "MultiLineString", "coordinates": [ [ [ 4565737.272320355288684, 4599228.503638490103185 ], [ 4565736.945476390421391, 4599221.459766066633165 ], [ 4565739.585002820007503, 4599213.036477016285062 ], [ 4565735.93300823122263, 4599199.25092283077538 ], [ 4565725.672903810627759, 4599184.869702470488846 ], [ 4565715.025079576298594, 4599170.934375246986747 ], [ 4565693.262095127254725, 4599146.312106725759804 ], [ 4565677.481489073485136, 4599124.932681623846292 ], [ 4565661.781338240019977, 4599095.042226357385516 ] ] ] } },
{ "type": "Feature", "properties": { "fid": 481, "OBJECTID": 382, "TIP": 1, "AD": "1006", "SHAPE_Leng": 103.733701349, "DÜZENLENE": null }, "geometry": { "type": "MultiLineString", "coordinates": [ [ [ 4565596.609455017372966, 4599166.984953706152737 ], [ 4565587.467041837982833, 4599163.411902762949467 ], [ 4565566.150138654746115, 4599138.689771272242069 ], [ 4565553.635102824307978, 4599115.035158734768629 ], [ 4565537.725782150402665, 4599083.53875307738781 ], [ 4565525.426527087576687, 4599058.894530219957232 ] ] ] } },
{ "type": "Feature", "properties": { "fid": 482, "OBJECTID": 383, "TIP": 1, "AD": "119", "SHAPE_Leng": 96.758527334099995, "DÜZENLENE": null }, "geometry": { "type": "MultiLineString", "coordinates": [ [ [ 4564673.77755007520318, 4600175.304847629740834 ], [ 4564551.351074936799705, 4600185.307616750709713 ] ] ] } },
{ "type": "Feature", "properties": { "fid": 483, "OBJECTID": 384, "TIP": 1, "AD": "1038", "SHAPE_Leng": 116.257752364, "DÜZENLENE": null }, "geometry": { "type": "MultiLineString", "coordinates": [ [ [ 4566586.230776000767946, 4598707.772698312066495 ], [ 4566570.188108841888607, 4598688.421190829016268 ], [ 4566546.190132101997733, 4598653.731615915894508 ], [ 4566528.799945843406022, 4598632.524639151059091 ], [ 4566513.792195460759103, 4598609.646587710827589 ], [ 4566498.691237246617675, 4598588.659423457458615 ] ] ] } },
{ "type": "Feature", "properties": { "fid": 484, "OBJECTID": 385, "TIP": 2, "AD": "DİCLE", "SHAPE_Leng": 139.613708207, "DÜZENLENE": null }, "geometry": { "type": "MultiLineString", "coordinates": [ [ [ 4565804.344121821224689, 4598903.719218466430902 ], [ 4565802.715464582666755, 4598891.914468428120017 ], [ 4565808.253181571140885, 4598868.40644006524235 ], [ 4565812.832427044399083, 4598821.3075344953686 ], [ 4565827.046344583854079, 4598774.448233374394476 ], [ 4565841.044332260265946, 4598731.103681105189025 ] ] ] } },
{ "type": "Feature", "properties": { "fid": 485, "OBJECTID": 386, "TIP": 2, "AD": "DİCLE", "SHAPE_Leng": 412.59441957000001, "DÜZENLENE": null }, "geometry": { "type": "MultiLineString", "coordinates": [ [ [ 4565877.634856938384473, 4598441.660280932672322 ], [ 4565874.125443873926997, 4598425.096350153908134 ], [ 4565867.303727558813989, 4598389.266596971079707 ], [ 4565852.142207553610206, 4598340.576769713312387 ], [ 4565834.226902193389833, 4598278.455483935773373 ], [ 4565828.242322446778417, 4598250.253359582275152 ], [ 4565823.639658871106803, 4598203.132596790790558 ], [ 4565826.350399946793914, 4598152.479723265394568 ], [ 4565823.061519661918283, 4598114.325170373544097 ], [ 4565805.078612001612782, 4598059.402058063074946 ], [ 4565788.297440185211599, 4598028.962595053948462 ], [ 4565783.675490513443947, 4597991.287303830496967 ], [ 4565792.998699907213449, 4597935.769188840873539 ], [ 4565794.564930585213006, 4597931.366244704462588 ] ] ] } },
{ "type": "Feature", "properties": { "fid": 486, "OBJECTID": 387, "TIP": 2, "AD": "DİCLE", "SHAPE_Leng": 140.94717443299999, "DÜZENLENE": null }, "geometry": { "type": "MultiLineString", "coordinates": [ [ [ 4565866.407623650506139, 4598616.852990323677659 ], [ 4565883.788669211789966, 4598571.499465637840331 ], [ 4565886.737526477314532, 4598542.202053635381162 ], [ 4565887.593997751362622, 4598488.664660551585257 ], [ 4565877.634856938384473, 4598441.660280932672322 ] ] ] } },
{ "type": "Feature", "properties": { "fid": 487, "OBJECTID": 388, "TIP": 1, "AD": "1041", "SHAPE_Leng": 462.30455493, "DÜZENLENE": null }, "geometry": { "type": "MultiLineString", "coordinates": [ [ [ 4565877.634856938384473, 4598441.660280932672322 ], [ 4565837.192162532359362, 4598450.995994577184319 ], [ 4565794.912963538430631, 4598463.386874107643962 ], [ 4565757.436237243004143, 4598470.051045610569417 ], [ 4565727.321626814082265, 4598465.08631060179323 ], [ 4565697.362824303098023, 4598456.969881334342062 ], [ 4565662.372995958663523, 4598444.015951757319272 ], [ 4565638.914761108346283, 4598446.551257979124784 ], [ 4565630.360399523749948, 4598454.833108657039702 ], [ 4565631.88539629522711, 4598470.868931741453707 ], [ 4565630.904706280678511, 4598480.006433421745896 ], [ 4565634.690176256000996, 4598489.368296575732529 ], [ 4565647.550510139204562, 4598493.810154162347317 ], [ 4565676.346423932351172, 4598499.928304430097342 ], [ 4565697.444710675626993, 4598502.166510328650475 ], [ 4565724.795639712363482, 4598503.593771232292056 ], [ 4565742.142228559590876, 4598508.387423468753695 ], [ 4565797.135939816944301, 4598524.727324295789003 ], [ 4565825.824912611395121, 4598536.244337123818696 ], [ 4565844.383366503752768, 4598545.283779341727495 ], [ 4565858.012439078651369, 4598574.894031485542655 ], [ 4565866.407623650506139, 4598616.852990323677659 ] ] ] } },
{ "type": "Feature", "properties": { "fid": 488, "OBJECTID": 389, "TIP": 1, "AD": "617", "SHAPE_Leng": 85.855311729799993, "DÜZENLENE": null }, "geometry": { "type": "MultiLineString", "coordinates": [ [ [ 4564040.103670752607286, 4599730.718558692373335 ], [ 4563983.022427709773183, 4599750.845591710880399 ], [ 4563939.491648726165295, 4599772.291452859528363 ] ] ] } },
{ "type": "Feature", "properties": { "fid": 489, "OBJECTID": 390, "TIP": 2, "AD": "4.", "SHAPE_Leng": 43.683866934699999, "DÜZENLENE": null }, "geometry": { "type": "MultiLineString", "coordinates": [ [ [ 4563858.803671644069254, 4599606.362955992110074 ], [ 4563819.049117802642286, 4599615.678874207660556 ], [ 4563804.580193072557449, 4599617.848336033523083 ] ] ] } },
{ "type": "Feature", "properties": { "fid": 490, "OBJECTID": 391, "TIP": 1, "AD": "815", "SHAPE_Leng": 153.8737838, "DÜZENLENE": null }, "geometry": { "type": "MultiLineString", "coordinates": [ [ [ 4565492.324673531576991, 4600642.890711066313088 ], [ 4565489.183842341415584, 4600645.377788878045976 ], [ 4565486.846128757111728, 4600647.293328288942575 ], [ 4565480.543301402591169, 4600652.457679344341159 ], [ 4565464.5920948414132, 4600655.39188892301172 ], [ 4565407.595654409378767, 4600671.253411717712879 ], [ 4565363.403842219151556, 4600683.686826268211007 ], [ 4565313.615034956485033, 4600696.242097174748778 ], [ 4565306.265995039604604, 4600698.201464080251753 ] ] ] } },
{ "type": "Feature", "properties": { "fid": 491, "OBJECTID": 392, "TIP": 5, "AD": "6", "SHAPE_Leng": 755.22824322400004, "DÜZENLENE": null }, "geometry": { "type": "MultiLineString", "coordinates": [ [ [ 4571008.168335126712918, 4597525.882130412384868 ], [ 4570999.898239624686539, 4597526.021999955177307 ], [ 4570895.569175774231553, 4597527.973288952372968 ], [ 4570809.605543265119195, 4597528.811673901043832 ], [ 4570777.244051945395768, 4597529.115049793384969 ], [ 4570700.034439563751221, 4597529.838492165319622 ], [ 4570612.294098202139139, 4597531.344416675157845 ], [ 4570534.465513431467116, 4597535.551842192187905 ], [ 4570492.246388139203191, 4597540.089782799594104 ], [ 4570461.038122861646116, 4597546.405959656462073 ], [ 4570423.846705662086606, 4597555.553468071855605 ], [ 4570385.751020161435008, 4597564.316258774138987 ], [ 4570369.298863395117223, 4597569.450352435931563 ], [ 4570364.802682818844914, 4597570.853461230173707 ], [ 4570351.245482197962701, 4597575.43193494528532 ], [ 4570289.213192977011204, 4597600.421570034697652 ], [ 4570239.375445913523436, 4597625.027157306671143 ], [ 4570212.49306114949286, 4597639.678210647776723 ], [ 4570162.990038361400366, 4597674.394271854311228 ], [ 4570124.612761829979718, 4597700.880656776949763 ], [ 4570096.298257586546242, 4597724.480166155844927 ] ] ] } },
{ "type": "Feature", "properties": { "fid": 492, "OBJECTID": 393, "TIP": 2, "AD": "ANADOLU", "SHAPE_Leng": 77.295928865299999, "DÜZENLENE": null }, "geometry": { "type": "MultiLineString", "coordinates": [ [ [ 4565661.781338240019977, 4599095.042226357385516 ], [ 4565658.983159705065191, 4599089.714951082132757 ], [ 4565634.680618117563426, 4599053.274504887871444 ], [ 4565612.281632741913199, 4599030.285336033441126 ], [ 4565598.69927363935858, 4599021.035349338315427 ] ] ] } },
{ "type": "Feature", "properties": { "fid": 493, "OBJECTID": 394, "TIP": 1, "AD": "1007", "SHAPE_Leng": 77.230798604100002, "DÜZENLENE": null }, "geometry": { "type": "MultiLineString", "coordinates": [ [ [ 4565661.781338240019977, 4599095.042226357385516 ], [ 4565636.931737091392279, 4599114.478504134342074 ], [ 4565614.138127793557942, 4599137.463674964383245 ], [ 4565602.030606649816036, 4599157.517366758547723 ], [ 4565596.609455017372966, 4599166.984953706152737 ] ] ] } },
{ "type": "Feature", "properties": { "fid": 494, "OBJECTID": 395, "TIP": 2, "AD": "DİCLE", "SHAPE_Leng": 55.359975338300004, "DÜZENLENE": null }, "geometry": { "type": "MultiLineString", "coordinates": [ [ [ 4565881.225131491199136, 4599083.431251487694681 ], [ 4565874.65415745601058, 4599066.795957355760038 ], [ 4565855.341207538731396, 4599017.830516112968326 ] ] ] } },
{ "type": "Feature", "properties": { "fid": 495, "OBJECTID": 396, "TIP": 1, "AD": "1028", "SHAPE_Leng": 178.35346125000001, "DÜZENLENE": null }, "geometry": { "type": "MultiLineString", "coordinates": [ [ [ 4566188.424307645298541, 4599038.962164795026183 ], [ 4566170.614637861959636, 4598993.872433428652585 ], [ 4566159.425315554253757, 4598948.781468773260713 ], [ 4566140.551584992557764, 4598896.302860929630697 ], [ 4566128.8866325058043, 4598850.952782525680959 ], [ 4566123.550498212687671, 4598821.723129016347229 ] ] ] } },
{ "type": "Feature", "properties": { "fid": 496, "OBJECTID": 397, "TIP": 2, "AD": "LİSE", "SHAPE_Leng": 69.069165489400007, "DÜZENLENE": null }, "geometry": { "type": "MultiLineString", "coordinates": [ [ [ 4565479.916491092182696, 4599225.151237896643579 ], [ 4565478.907492498867214, 4599222.988376026973128 ], [ 4565461.818700211122632, 4599188.728708216920495 ], [ 4565443.452924622222781, 4599152.360557624138892 ], [ 4565440.859491732902825, 4599146.345118674449623 ] ] ] } },
{ "type": "Feature", "properties": { "fid": 497, "OBJECTID": 398, "TIP": 2, "AD": "LİSE", "SHAPE_Leng": 47.151083407000002, "DÜZENLENE": null }, "geometry": { "type": "MultiLineString", "coordinates": [ [ [ 4565506.050534872338176, 4599279.205251353792846 ], [ 4565497.341537130996585, 4599262.503670608624816 ], [ 4565479.916491092182696, 4599225.151237896643579 ] ] ] } },
{ "type": "Feature", "properties": { "fid": 498, "OBJECTID": 399, "TIP": 1, "AD": "951", "SHAPE_Leng": 103.790481701, "DÜZENLENE": null }, "geometry": { "type": "MultiLineString", "coordinates": [ [ [ 4565665.725912964902818, 4599775.958410895429552 ], [ 4565665.730732958763838, 4599766.495658517815173 ], [ 4565665.793891777284443, 4599759.477594022639096 ], [ 4565665.581374725326896, 4599754.624496193602681 ], [ 4565664.163602848537266, 4599748.718150195665658 ], [ 4565661.405079996213317, 4599740.466119010001421 ], [ 4565658.8240707507357, 4599735.448830951936543 ], [ 4565650.529574505053461, 4599724.726890010759234 ], [ 4565640.118819986470044, 4599710.596646959893405 ], [ 4565633.571451838128269, 4599703.490605970844626 ], [ 4565621.084149814210832, 4599690.393388605676591 ], [ 4565613.28023592568934, 4599682.467392490245402 ], [ 4565605.065156301483512, 4599675.413909405469894 ], [ 4565576.996492994949222, 4599640.624379649758339 ] ] ] } },
{ "type": "Feature", "properties": { "fid": 499, "OBJECTID": 400, "TIP": 1, "AD": "327", "SHAPE_Leng": 51.484361295, "DÜZENLENE": null }, "geometry": { "type": "MultiLineString", "coordinates": [ [ [ 4564764.39104045368731, 4599029.657553410157561 ], [ 4564773.608419286087155, 4599024.004178535193205 ], [ 4564784.577607737854123, 4599017.909109447151423 ], [ 4564803.283594052307308, 4599007.048648367635906 ], [ 4564820.734918614849448, 4598996.430117759853601 ] ] ] } },
{ "type": "Feature", "properties": { "fid": 500, "OBJECTID": 401, "TIP": 1, "AD": "668", "SHAPE_Leng": 257.98538281899999, "DÜZENLENE": null }, "geometry": { "type": "MultiLineString", "coordinates": [ [ [ 4563041.71062349062413, 4600156.840794626623392 ], [ 4563055.347211268730462, 4600172.130099474452436 ], [ 4563088.560435562394559, 4600233.847955807112157 ], [ 4563108.138032080605626, 4600286.323896049521863 ], [ 4563132.947645764797926, 4600357.219887055456638 ], [ 4563156.178625168278813, 4600421.312976010143757 ], [ 4563168.434591897763312, 4600458.114777323789895 ] ] ] } },
{ "type": "Feature", "properties": { "fid": 501, "OBJECTID": 402, "TIP": 1, "AD": "830", "SHAPE_Leng": 28.4020516828, "DÜZENLENE": null }, "geometry": { "type": "MultiLineString", "coordinates": [ [ [ 4564707.161030338145792, 4600617.520693778991699 ], [ 4564723.445998355746269, 4600649.824549222365022 ] ] ] } },
{ "type": "Feature", "properties": { "fid": 502, "OBJECTID": 403, "TIP": 1, "AD": "818", "SHAPE_Leng": 62.558851499299998, "DÜZENLENE": null }, "geometry": { "type": "MultiLineString", "coordinates": [ [ [ 4565186.165518535301089, 4600473.089854379184544 ], [ 4565221.850888630375266, 4600504.093021052889526 ], [ 4565243.424045993946493, 4600528.138716484420002 ] ] ] } },
{ "type": "Feature", "properties": { "fid": 503, "OBJECTID": 404, "TIP": 2, "AD": "DR.İSMAİL BEŞİKCİ", "SHAPE_Leng": 20.068471454899999, "DÜZENLENE": null }, "geometry": { "type": "MultiLineString", "coordinates": [ [ [ 4563698.47848888207227, 4599639.00083224568516 ], [ 4563679.218544016592205, 4599655.744402882643044 ] ] ] } },
{ "type": "Feature", "properties": { "fid": 504, "OBJECTID": 405, "TIP": 2, "AD": "DR.İSMAİL BEŞİKCİ", "SHAPE_Leng": 42.16977299, "DÜZENLENE": null }, "geometry": { "type": "MultiLineString", "coordinates": [ [ [ 4563679.218544016592205, 4599655.744402882643044 ], [ 4563638.718451206572354, 4599690.893810992129147 ] ] ] } },
{ "type": "Feature", "properties": { "fid": 505, "OBJECTID": 406, "TIP": 2, "AD": "DR.İSMAİL BEŞİKCİ", "SHAPE_Leng": 30.8616713463, "DÜZENLENE": null }, "geometry": { "type": "MultiLineString", "coordinates": [ [ [ 4563638.718451206572354, 4599690.893810992129147 ], [ 4563610.410304687917233, 4599718.088179793208838 ] ] ] } },
{ "type": "Feature", "properties": { "fid": 506, "OBJECTID": 407, "TIP": 2, "AD": "DR.İSMAİL BEŞİKCİ", "SHAPE_Leng": 23.818436964100002, "DÜZENLENE": null }, "geometry": { "type": "MultiLineString", "coordinates": [ [ [ 4563610.410304687917233, 4599718.088179793208838 ], [ 4563587.038252266123891, 4599737.349441156722605 ] ] ] } },
{ "type": "Feature", "properties": { "fid": 507, "OBJECTID": 408, "TIP": 2, "AD": "DR.İSMAİL BEŞİKCİ", "SHAPE_Leng": 20.500579041799998, "DÜZENLENE": null }, "geometry": { "type": "MultiLineString", "coordinates": [ [ [ 4563587.038252266123891, 4599737.349441156722605 ], [ 4563564.333412389270961, 4599750.119404668919742 ] ] ] } },
{ "type": "Feature", "properties": { "fid": 508, "OBJECTID": 409, "TIP": 2, "AD": "HASAN YILMAZ", "SHAPE_Leng": 151.298114521, "DÜZENLENE": null }, "geometry": { "type": "MultiLineString", "coordinates": [ [ [ 4564911.868046347051859, 4598514.476375931873918 ], [ 4564914.749109993688762, 4598503.358819945715368 ], [ 4564918.929950997233391, 4598472.910655651241541 ], [ 4564922.211849104613066, 4598438.164756772108376 ], [ 4564923.272827532142401, 4598425.054496759548783 ], [ 4564921.800281284376979, 4598375.43590800371021 ], [ 4564918.516236273571849, 4598341.507671621628106 ], [ 4564917.151142599061131, 4598322.731025788933039 ] ] ] } },
{ "type": "Feature", "properties": { "fid": 509, "OBJECTID": 410, "TIP": 1, "AD": "236", "SHAPE_Leng": 62.769912591999997, "DÜZENLENE": null }, "geometry": { "type": "MultiLineString", "coordinates": [ [ [ 4565177.340198022313416, 4599785.042178162373602 ], [ 4565174.896838393993676, 4599777.673837566748261 ], [ 4565171.362790355458856, 4599769.587061704136431 ], [ 4565164.160563997924328, 4599753.416316339746118 ], [ 4565159.416381576098502, 4599745.288442553952336 ], [ 4565154.853426483459771, 4599733.108396540395916 ], [ 4565149.600275445729494, 4599716.962857328355312 ], [ 4565148.133675821125507, 4599710.85696376580745 ] ] ] } },
{ "type": "Feature", "properties": { "fid": 510, "OBJECTID": 411, "TIP": 2, "AD": "GAZİ", "SHAPE_Leng": 69.44488478, "DÜZENLENE": null }, "geometry": { "type": "MultiLineString", "coordinates": [ [ [ 4567087.624449879862368, 4598645.852867458947003 ], [ 4567145.727588623762131, 4598633.408328390680254 ], [ 4567173.938336872495711, 4598627.929538710974157 ] ] ] } },
{ "type": "Feature", "properties": { "fid": 511, "OBJECTID": 412, "TIP": 2, "AD": "GAZİ", "SHAPE_Leng": 154.27231259300001, "DÜZENLENE": null }, "geometry": { "type": "MultiLineString", "coordinates": [ [ [ 4567573.163912087678909, 4598544.111114423722029 ], [ 4567680.896387001499534, 4598522.749286157079041 ], [ 4567736.945698074996471, 4598511.396843486465514 ], [ 4567765.200584245845675, 4598505.702378002926707 ] ] ] } },
{ "type": "Feature", "properties": { "fid": 512, "OBJECTID": 413, "TIP": 2, "AD": "DİYARBAKIR", "SHAPE_Leng": 27.009692870599999, "DÜZENLENE": null }, "geometry": { "type": "MultiLineString", "coordinates": [ [ [ 4565046.140840393491089, 4600049.600544440560043 ], [ 4565041.182384329847991, 4600068.649019675329328 ], [ 4565036.436873211525381, 4600077.073628267273307 ], [ 4565033.417651870287955, 4600081.128247865475714 ] ] ] } },
{ "type": "Feature", "properties": { "fid": 513, "OBJECTID": 414, "TIP": 1, "AD": "905", "SHAPE_Leng": 21.8603651705, "DÜZENLENE": null }, "geometry": { "type": "MultiLineString", "coordinates": [ [ [ 4565394.227226893417537, 4599801.399776385165751 ], [ 4565415.399332396686077, 4599783.386493254452944 ] ] ] } },
{ "type": "Feature", "properties": { "fid": 514, "OBJECTID": 415, "TIP": 1, "AD": "636", "SHAPE_Leng": 253.03230699400001, "DÜZENLENE": null }, "geometry": { "type": "MultiLineString", "coordinates": [ [ [ 4563654.259201165288687, 4600129.514209953136742 ], [ 4563646.975283809937537, 4600114.647310948930681 ], [ 4563631.94929862767458, 4600086.544292238540947 ], [ 4563619.91925376560539, 4600065.675775935873389 ], [ 4563617.218308203853667, 4600061.632103219628334 ], [ 4563601.082293157465756, 4600040.316073658876121 ], [ 4563597.939434770494699, 4600036.64891011454165 ], [ 4563594.240355655550957, 4600030.626031412743032 ], [ 4563585.282915644347668, 4600001.958004020154476 ], [ 4563581.113538259640336, 4599982.976489268243313 ], [ 4563577.989607180468738, 4599954.256736212410033 ], [ 4563572.060083759948611, 4599936.752708597108722 ], [ 4563556.617645464837551, 4599910.098290709778666 ], [ 4563540.75738552864641, 4599889.030623415485024 ], [ 4563523.755240276455879, 4599856.472753050737083 ], [ 4563517.618750533089042, 4599842.209555637091398 ] ] ] } },
{ "type": "Feature", "properties": { "fid": 515, "OBJECTID": 416, "TIP": 1, "AD": "636", "SHAPE_Leng": 38.052605447700003, "DÜZENLENE": null }, "geometry": { "type": "MultiLineString", "coordinates": [ [ [ 4563676.69273388478905, 4600171.940322288312018 ], [ 4563665.518176073208451, 4600156.348595908842981 ], [ 4563657.207371058873832, 4600140.604957750067115 ], [ 4563654.259201165288687, 4600129.514209953136742 ] ] ] } },
{ "type": "Feature", "properties": { "fid": 516, "OBJECTID": 417, "TIP": 1, "AD": "102", "SHAPE_Leng": 20.177861740200001, "DÜZENLENE": null }, "geometry": { "type": "MultiLineString", "coordinates": [ [ [ 4564377.899666263721883, 4599608.223862036131322 ], [ 4564380.995734876953065, 4599633.755665906704962 ] ] ] } },
{ "type": "Feature", "properties": { "fid": 517, "OBJECTID": 418, "TIP": 1, "AD": "967", "SHAPE_Leng": 12.8948953175, "DÜZENLENE": null }, "geometry": { "type": "MultiLineString", "coordinates": [ [ [ 4565823.782402034848928, 4600060.420533800497651 ], [ 4565807.995166284032166, 4600064.764891539700329 ] ] ] } },
{ "type": "Feature", "properties": { "fid": 518, "OBJECTID": 419, "TIP": 1, "AD": "967", "SHAPE_Leng": 63.945999243499998, "DÜZENLENE": null }, "geometry": { "type": "MultiLineString", "coordinates": [ [ [ 4565736.299111814238131, 4600086.697882607579231 ], [ 4565707.230806277133524, 4600096.665472448803484 ], [ 4565682.836869829334319, 4600105.294111493043602 ], [ 4565659.559570172801614, 4600113.274085687473416 ] ] ] } },
{ "type": "Feature", "properties": { "fid": 519, "OBJECTID": 420, "TIP": 1, "AD": "967", "SHAPE_Leng": 51.965139558300002, "DÜZENLENE": null }, "geometry": { "type": "MultiLineString", "coordinates": [ [ [ 4565659.560378526337445, 4600113.276235622353852 ], [ 4565615.989238800480962, 4600129.202860770747066 ], [ 4565598.420171107165515, 4600137.925134407356381 ] ] ] } },
{ "type": "Feature", "properties": { "fid": 520, "OBJECTID": 421, "TIP": 1, "AD": "942", "SHAPE_Leng": 77.224580755800005, "DÜZENLENE": null }, "geometry": { "type": "MultiLineString", "coordinates": [ [ [ 4565659.559570172801614, 4600113.274085687473416 ], [ 4565666.094103666953743, 4600130.756435125134885 ], [ 4565672.627218704670668, 4600153.58994342200458 ], [ 4565676.80005350895226, 4600170.479204954579473 ], [ 4565689.681464705616236, 4600206.857758330181241 ] ] ] } },
{ "type": "Feature", "properties": { "fid": 521, "OBJECTID": 422, "TIP": 1, "AD": "946", "SHAPE_Leng": 81.854957050500005, "DÜZENLENE": null }, "geometry": { "type": "MultiLineString", "coordinates": [ [ [ 4565736.299111814238131, 4600086.697882607579231 ], [ 4565739.539028068073094, 4600094.105150183662772 ], [ 4565751.45938634686172, 4600137.813630305230618 ], [ 4565765.063633860088885, 4600186.883191286586225 ] ] ] } },
{ "type": "Feature", "properties": { "fid": 522, "OBJECTID": 423, "TIP": 1, "AD": "946", "SHAPE_Leng": 95.747596913400002, "DÜZENLENE": null }, "geometry": { "type": "MultiLineString", "coordinates": [ [ [ 4565798.903089202940464, 4600348.18985076341778 ], [ 4565792.067699954845011, 4600379.039010439068079 ], [ 4565790.532092000357807, 4600411.571975723840296 ], [ 4565791.602609738707542, 4600429.991188724525273 ], [ 4565797.459738074801862, 4600452.241879289969802 ], [ 4565798.150780252180994, 4600468.645252381451428 ] ] ] } },
{ "type": "Feature", "properties": { "fid": 523, "OBJECTID": 424, "TIP": 2, "AD": "POLAT", "SHAPE_Leng": 21.746066862799999, "DÜZENLENE": null }, "geometry": { "type": "MultiLineString", "coordinates": [ [ [ 4565994.658805067650974, 4600104.277967694215477 ], [ 4566022.030251846648753, 4600107.879491010680795 ] ] ] } },
{ "type": "Feature", "properties": { "fid": 524, "OBJECTID": 425, "TIP": 2, "AD": "POLAT", "SHAPE_Leng": 22.079724643300001, "DÜZENLENE": null }, "geometry": { "type": "MultiLineString", "coordinates": [ [ [ 4566074.91096678096801, 4600111.700683543458581 ], [ 4566102.790878041647375, 4600114.599811661057174 ] ] ] } },
{ "type": "Feature", "properties": { "fid": 525, "OBJECTID": 426, "TIP": 1, "AD": "941", "SHAPE_Leng": 88.028257780499999, "DÜZENLENE": null }, "geometry": { "type": "MultiLineString", "coordinates": [ [ [ 4565405.890422066673636, 4599679.379564508795738 ], [ 4565409.957832688465714, 4599676.233026836067438 ], [ 4565419.698639366775751, 4599670.937061405740678 ], [ 4565441.053949514403939, 4599660.200247420929372 ], [ 4565464.236071614548564, 4599656.609143168665469 ], [ 4565467.867928101681173, 4599657.280456471256912 ], [ 4565471.259241475723684, 4599656.809015022590756 ], [ 4565474.499146679416299, 4599654.783734644763172 ], [ 4565475.827077510766685, 4599653.601064045913517 ], [ 4565476.610641423612833, 4599650.741668861359358 ], [ 4565477.957751818932593, 4599647.544235473498702 ], [ 4565504.579250668175519, 4599635.809372497722507 ] ] ] } },
{ "type": "Feature", "properties": { "fid": 526, "OBJECTID": 427, "TIP": 1, "AD": "930", "SHAPE_Leng": 29.577410269400001, "DÜZENLENE": null }, "geometry": { "type": "MultiLineString", "coordinates": [ [ [ 4565504.579250668175519, 4599635.809372497722507 ], [ 4565525.303136985749006, 4599667.247550854459405 ] ] ] } },
{ "type": "Feature", "properties": { "fid": 527, "OBJECTID": 428, "TIP": 1, "AD": "930", "SHAPE_Leng": 124.494794836, "DÜZENLENE": null }, "geometry": { "type": "MultiLineString", "coordinates": [ [ [ 4565525.303136985749006, 4599667.247550854459405 ], [ 4565533.798049453645945, 4599685.310492731630802 ], [ 4565537.841191510669887, 4599693.31853093020618 ], [ 4565540.805325720459223, 4599696.168540614657104 ], [ 4565546.51994023937732, 4599699.444363373331726 ], [ 4565553.401275521144271, 4599704.475909698754549 ], [ 4565557.998166908510029, 4599708.261865680105984 ], [ 4565562.199013432487845, 4599716.104549697600305 ], [ 4565567.531596169807017, 4599724.084488610737026 ], [ 4565571.420602719299495, 4599732.419751239940524 ], [ 4565573.841331533156335, 4599747.426052113063633 ], [ 4565577.919119383208454, 4599771.949670719914138 ], [ 4565579.520185173489153, 4599778.877527247183025 ], [ 4565582.564844772219658, 4599785.450063928961754 ], [ 4565586.492383528500795, 4599795.565704627893865 ], [ 4565592.139108129777014, 4599805.55767866037786 ] ] ] } },
{ "type": "Feature", "properties": { "fid": 528, "OBJECTID": 430, "TIP": 1, "AD": "951", "SHAPE_Leng": 63.087064486800003, "DÜZENLENE": null }, "geometry": { "type": "MultiLineString", "coordinates": [ [ [ 4565592.139108129777014, 4599805.55767866037786 ], [ 4565620.875696235336363, 4599794.010433068498969 ], [ 4565644.308552140370011, 4599779.798911154270172 ], [ 4565665.725912964902818, 4599775.958410895429552 ] ] ] } },
{ "type": "Feature", "properties": { "fid": 529, "OBJECTID": 454, "TIP": 2, "AD": "TEKEL", "SHAPE_Leng": 23.172590852599999, "DÜZENLENE": null }, "geometry": { "type": "MultiLineString", "coordinates": [ [ [ 4564685.126964053139091, 4599217.019237149506807 ], [ 4564685.124518545344472, 4599217.00590347032994 ], [ 4564683.111867601983249, 4599206.038157185539603 ], [ 4564683.657008877955377, 4599187.675760408863425 ] ] ] } },
{ "type": "Feature", "properties": { "fid": 530, "OBJECTID": 455, "TIP": 1, "AD": "613", "SHAPE_Leng": 161.79518664400001, "DÜZENLENE": null }, "geometry": { "type": "MultiLineString", "coordinates": [ [ [ 4563517.927857202477753, 4600208.927177474834025 ], [ 4563497.141251339577138, 4600217.20301213581115 ], [ 4563451.963105952367187, 4600241.119260859675705 ], [ 4563418.072646797634661, 4600252.466768410056829 ], [ 4563392.504323711618781, 4600263.364565039053559 ], [ 4563361.10069119464606, 4600277.896748504601419 ], [ 4563328.322878905571997, 4600286.517611346207559 ] ] ] } },
{ "type": "Feature", "properties": { "fid": 531, "OBJECTID": 456, "TIP": 1, "AD": "613", "SHAPE_Leng": 35.612112383300001, "DÜZENLENE": null }, "geometry": { "type": "MultiLineString", "coordinates": [ [ [ 4563255.817246983759105, 4600327.399845656938851 ], [ 4563230.136814639903605, 4600341.448399889282882 ], [ 4563214.327032962813973, 4600343.678767802193761 ] ] ] } },
{ "type": "Feature", "properties": { "fid": 532, "OBJECTID": 457, "TIP": 1, "AD": "643", "SHAPE_Leng": 357.46637180699997, "DÜZENLENE": null }, "geometry": { "type": "MultiLineString", "coordinates": [ [ [ 4563702.693093840032816, 4600206.283499106764793 ], [ 4563667.456850086338818, 4600224.839829602278769 ], [ 4563644.330784567631781, 4600240.993233380839229 ], [ 4563632.459854696877301, 4600259.782172896899283 ], [ 4563629.834245537407696, 4600263.272024603560567 ], [ 4563614.182822468690574, 4600293.733663775958121 ], [ 4563606.416633285582066, 4600301.588877962902188 ], [ 4563600.693707295693457, 4600305.437028435990214 ], [ 4563593.644766876474023, 4600307.330723099410534 ], [ 4563577.406825242564082, 4600307.842668984085321 ], [ 4563562.157893786206841, 4600309.40274456795305 ], [ 4563555.721028422936797, 4600308.424999109469354 ], [ 4563545.596916578710079, 4600303.402079409919679 ], [ 4563522.137094085104764, 4600295.632355292327702 ], [ 4563513.971081490628421, 4600294.922090291045606 ], [ 4563509.465942561626434, 4600295.99547681864351 ], [ 4563506.539327812381089, 4600298.512434645555913 ], [ 4563502.546051984652877, 4600306.225121807307005 ], [ 4563492.971766078844666, 4600329.777411472052336 ], [ 4563484.184659245423973, 4600343.167892042547464 ], [ 4563470.167450020089746, 4600347.5190110784024 ], [ 4563447.895860303193331, 4600353.397794320248067 ], [ 4563431.712107676081359, 4600361.169243775308132 ], [ 4563413.239023595117033, 4600377.086959844455123 ], [ 4563390.916743052192032, 4600391.063593902625144 ], [ 4563369.798007680103183, 4600398.491680493578315 ], [ 4563363.383764904923737, 4600399.797733975574374 ], [ 4563350.034943317994475, 4600401.191274922341108 ] ] ] } },
{ "type": "Feature", "properties": { "fid": 533, "OBJECTID": 458, "TIP": 1, "AD": "641", "SHAPE_Leng": 160.99678911800001, "DÜZENLENE": null }, "geometry": { "type": "MultiLineString", "coordinates": [ [ [ 4563676.69273388478905, 4600171.940322288312018 ], [ 4563649.607834789901972, 4600182.947192971594632 ], [ 4563636.147113541141152, 4600194.438332574442029 ], [ 4563608.623321110382676, 4600220.67251181229949 ], [ 4563592.405230550095439, 4600235.192072505131364 ], [ 4563581.886503619141877, 4600242.183820243924856 ], [ 4563578.370480217039585, 4600243.663128799758852 ], [ 4563574.232573027722538, 4600244.433681415393949 ], [ 4563571.635193428955972, 4600244.530991938896477 ], [ 4563566.123107013292611, 4600244.126560023985803 ], [ 4563545.823802198283374, 4600241.178358966484666 ], [ 4563531.775210070423782, 4600237.43140784651041 ], [ 4563527.406127407215536, 4600235.768515223637223 ], [ 4563524.518157930113375, 4600234.031291217543185 ], [ 4563523.632984967902303, 4600232.862826084718108 ], [ 4563517.927857202477753, 4600208.927177474834025 ] ] ] } },
{ "type": "Feature", "properties": { "fid": 534, "OBJECTID": 459, "TIP": 2, "AD": "DR.İSMAİL BEŞİKCİ", "SHAPE_Leng": 36.979819281399998, "DÜZENLENE": null }, "geometry": { "type": "MultiLineString", "coordinates": [ [ [ 4563535.852996128611267, 4599772.359606677666306 ], [ 4563532.877818878740072, 4599774.682927619665861 ], [ 4563493.904748728498816, 4599793.336711993440986 ] ] ] } },
{ "type": "Feature", "properties": { "fid": 535, "OBJECTID": 460, "TIP": 1, "AD": "570", "SHAPE_Leng": 603.62022259900004, "DÜZENLENE": null }, "geometry": { "type": "MultiLineString", "coordinates": [ [ [ 4558804.649484490975738, 4600238.204007833264768 ], [ 4558804.635382598266006, 4600220.194911781698465 ], [ 4558815.203037927858531, 4600198.650253515690565 ], [ 4558827.22243669629097, 4600177.974483832716942 ], [ 4558837.418708734214306, 4600164.354440213181078 ], [ 4558851.537159688770771, 4600145.523569212295115 ], [ 4558868.134692941792309, 4600125.290893081575632 ], [ 4558880.591750398278236, 4600107.794850705191493 ], [ 4558893.915427832864225, 4600089.520563547499478 ], [ 4558900.057303790003061, 4600076.764751171693206 ], [ 4558908.642967401072383, 4600061.910554511472583 ], [ 4558915.909310635179281, 4600045.293868002481759 ], [ 4558942.421115080825984, 4599980.950489296577871 ], [ 4558958.465541622601449, 4599942.917518883943558 ], [ 4558972.268361763097346, 4599909.070188855752349 ], [ 4558981.620466385968029, 4599885.122812993824482 ], [ 4558991.963972863741219, 4599857.196335481479764 ], [ 4559005.15818075183779, 4599830.769066426903009 ], [ 4559014.225739792920649, 4599813.3319605672732 ], [ 4559027.118183253332973, 4599786.373872884549201 ], [ 4559036.215861741453409, 4599766.231638733297586 ], [ 4559051.182707357220352, 4599726.404860249720514 ], [ 4559058.205377387814224, 4599703.748611761257052 ], [ 4559062.991870101541281, 4599682.111163608729839 ], [ 4559067.826658743433654, 4599658.934582530520856 ], [ 4559071.662005563266575, 4599640.636926935054362 ], [ 4559078.061277246102691, 4599614.194453241303563 ], [ 4559093.454661528579891, 4599571.357984044589102 ], [ 4559109.395335394889116, 4599540.074143423698843 ] ] ] } },
{ "type": "Feature", "properties": { "fid": 536, "OBJECTID": 461, "TIP": 1, "AD": "301", "SHAPE_Leng": 61.997917012800002, "DÜZENLENE": null }, "geometry": { "type": "MultiLineString", "coordinates": [ [ [ 4564909.265907081775367, 4599308.09143337327987 ], [ 4564909.348101146519184, 4599308.081869684159756 ], [ 4564916.77148602437228, 4599304.082685010507703 ], [ 4564928.385067456401885, 4599300.524445825256407 ], [ 4564937.356176158413291, 4599299.047606635838747 ], [ 4564946.448562423698604, 4599300.086768904700875 ], [ 4564962.735751336440444, 4599302.431351945735514 ], [ 4564973.136619825847447, 4599303.940545273944736 ], [ 4564976.621503105387092, 4599303.714588640257716 ], [ 4564978.664043638855219, 4599302.627914564684033 ], [ 4564984.840749490074813, 4599299.342089528217912 ], [ 4564984.861734112724662, 4599299.296627848409116 ] ] ] } },
{ "type": "Feature", "properties": { "fid": 537, "OBJECTID": 462, "TIP": 1, "AD": "301", "SHAPE_Leng": 45.698611253599999, "DÜZENLENE": null }, "geometry": { "type": "MultiLineString", "coordinates": [ [ [ 4564984.861734112724662, 4599299.296627848409116 ], [ 4564993.463035685941577, 4599292.093226937577128 ], [ 4565002.855298150330782, 4599286.266770646907389 ], [ 4565007.465484064072371, 4599281.796924372203648 ], [ 4565004.539857612922788, 4599276.110315565019846 ], [ 4565003.632868135347962, 4599270.395496156997979 ], [ 4565008.871830374933779, 4599264.097238858230412 ], [ 4565016.636230598203838, 4599260.153821151703596 ], [ 4565016.902812334708869, 4599259.9280976196751 ] ] ] } },
{ "type": "Feature", "properties": { "fid": 538, "OBJECTID": 463, "TIP": 1, "AD": "308", "SHAPE_Leng": 65.802932010800006, "DÜZENLENE": null }, "geometry": { "type": "MultiLineString", "coordinates": [ [ [ 4565014.731664407998323, 4599376.930174277164042 ], [ 4565012.085130956023932, 4599367.407499351538718 ], [ 4565007.876844361424446, 4599349.31468362454325 ], [ 4565005.164947167038918, 4599342.483079066500068 ], [ 4565003.593636666424572, 4599337.120019670575857 ], [ 4564996.419658751226962, 4599321.196543531492352 ], [ 4564993.52712635230273, 4599316.874144393019378 ], [ 4564987.736970557831228, 4599308.004687387496233 ], [ 4564984.861734112724662, 4599299.296627848409116 ] ] ] } },
{ "type": "Feature", "properties": { "fid": 539, "OBJECTID": 464, "TIP": 2, "AD": "SİTE", "SHAPE_Leng": 8.6462579197, "DÜZENLENE": null }, "geometry": { "type": "MultiLineString", "coordinates": [ [ [ 4564685.839675378985703, 4598663.473887508735061 ], [ 4564687.015851105563343, 4598654.625787913799286 ], [ 4564687.040981505066156, 4598652.532300606369972 ] ] ] } },
{ "type": "Feature", "properties": { "fid": 540, "OBJECTID": 465, "TIP": 1, "AD": "409", "SHAPE_Leng": 8.3437331691899992, "DÜZENLENE": null }, "geometry": { "type": "MultiLineString", "coordinates": [ [ [ 4564741.740071386098862, 4598653.291252399794757 ], [ 4564752.081334904767573, 4598650.997818069532514 ] ] ] } },
{ "type": "Feature", "properties": { "fid": 541, "OBJECTID": 466, "TIP": 2, "AD": "DEĞİRMEN", "SHAPE_Leng": 28.398197478299998, "DÜZENLENE": null }, "geometry": { "type": "MultiLineString", "coordinates": [ [ [ 4564665.544268097728491, 4598916.925000515766442 ], [ 4564632.96293306350708, 4598901.44103170838207 ] ] ] } },
{ "type": "Feature", "properties": { "fid": 542, "OBJECTID": 467, "TIP": 2, "AD": "1.CAD.", "SHAPE_Leng": 49.354514168400001, "DÜZENLENE": null }, "geometry": { "type": "MultiLineString", "coordinates": [ [ [ 4563115.269374815747142, 4600060.795221924781799 ], [ 4563127.804585677571595, 4600075.343399041332304 ], [ 4563149.377749370411038, 4600113.26912609487772 ] ] ] } },
{ "type": "Feature", "properties": { "fid": 543, "OBJECTID": 468, "TIP": 2, "AD": "1.CAD.", "SHAPE_Leng": 190.27235134099999, "DÜZENLENE": null }, "geometry": { "type": "MultiLineString", "coordinates": [ [ [ 4563149.377749370411038, 4600113.26912609487772 ], [ 4563167.888410510495305, 4600149.37188830319792 ], [ 4563179.806758433580399, 4600181.973479826003313 ], [ 4563193.475101854652166, 4600211.568569173105061 ], [ 4563201.738163751550019, 4600236.624836924485862 ], [ 4563208.420379711315036, 4600266.303315842524171 ], [ 4563212.827222490683198, 4600293.26458144467324 ], [ 4563213.255465787835419, 4600325.844527874141932 ], [ 4563214.327032962813973, 4600343.678767802193761 ] ] ] } },
{ "type": "Feature", "properties": { "fid": 544, "OBJECTID": 469, "TIP": 2, "AD": "1.CAD.", "SHAPE_Leng": 56.664549416699998, "DÜZENLENE": null }, "geometry": { "type": "MultiLineString", "coordinates": [ [ [ 4563214.327032962813973, 4600343.678767802193761 ], [ 4563215.258456012234092, 4600372.357506738044322 ], [ 4563217.271991208195686, 4600406.792654575780034 ], [ 4563219.051888955757022, 4600415.660811657086015 ] ] ] } },
{ "type": "Feature", "properties": { "fid": 545, "OBJECTID": 470, "TIP": 1, "AD": "320", "SHAPE_Leng": 30.947169761800001, "DÜZENLENE": null }, "geometry": { "type": "MultiLineString", "coordinates": [ [ [ 4564761.32639489416033, 4599206.884704456664622 ], [ 4564761.411794611252844, 4599204.695835011079907 ], [ 4564761.516891153529286, 4599193.743315035477281 ], [ 4564762.236937996931374, 4599188.729192360304296 ], [ 4564762.565159277059138, 4599181.221156382933259 ], [ 4564764.495806188322604, 4599167.637467660941184 ] ] ] } },
{ "type": "Feature", "properties": { "fid": 546, "OBJECTID": 471, "TIP": 1, "AD": "305", "SHAPE_Leng": 62.831715984500001, "DÜZENLENE": "DÜZENLENEN" }, "geometry": { "type": "MultiLineString", "coordinates": [ [ [ 4564685.126964053139091, 4599217.019237149506807 ], [ 4564685.130627817474306, 4599217.018392635509372 ], [ 4564689.63356071524322, 4599215.95281670987606 ], [ 4564702.897321943193674, 4599212.066689157858491 ], [ 4564709.867824130691588, 4599211.285632258281112 ], [ 4564725.340471796691418, 4599210.140036630444229 ], [ 4564730.373956393450499, 4599210.930311820469797 ], [ 4564740.855846721678972, 4599210.97243666369468 ] ] ] } },
{ "type": "Feature", "properties": { "fid": 547, "OBJECTID": 472, "TIP": 2, "AD": "GAZİ", "SHAPE_Leng": 192.586023305, "DÜZENLENE": null }, "geometry": { "type": "MultiLineString", "coordinates": [ [ [ 4564889.230352783575654, 4599485.093208623118699 ], [ 4564971.355887485668063, 4599474.579541498795152 ], [ 4565014.365387050434947, 4599469.073205837979913 ], [ 4565106.458318082615733, 4599463.685968896374106 ], [ 4565131.25714317522943, 4599462.235216025263071 ], [ 4565132.481671672314405, 4599462.190978424623609 ] ] ] } },
{ "type": "Feature", "properties": { "fid": 548, "OBJECTID": 473, "TIP": 2, "AD": "ESKİBİTLİS", "SHAPE_Leng": 53.691818208699999, "DÜZENLENE": null }, "geometry": { "type": "MultiLineString", "coordinates": [ [ [ 4565115.990528757683933, 4599321.57452280074358 ], [ 4565102.897502000443637, 4599305.943366414867342 ], [ 4565079.352637941949069, 4599274.196389398537576 ], [ 4565074.293394353240728, 4599267.470606870017946 ] ] ] } },
{ "type": "Feature", "properties": { "fid": 549, "OBJECTID": 474, "TIP": 1, "AD": "310", "SHAPE_Leng": 74.7530746722, "DÜZENLENE": null }, "geometry": { "type": "MultiLineString", "coordinates": [ [ [ 4565132.481671672314405, 4599462.190978424623609 ], [ 4565133.276404489763081, 4599457.962493206374347 ], [ 4565133.295832655392587, 4599456.444485816173255 ], [ 4565133.004144188947976, 4599455.453813910484314 ], [ 4565129.448710263706744, 4599443.374056925065815 ], [ 4565119.16498549003154, 4599420.903569812886417 ], [ 4565106.485462924465537, 4599393.743056011386216 ], [ 4565096.13600311987102, 4599375.43615447729826 ], [ 4565096.083769041113555, 4599375.416126616299152 ] ] ] } },
{ "type": "Feature", "properties": { "fid": 550, "OBJECTID": 475, "TIP": 1, "AD": "310", "SHAPE_Leng": 43.953246685800003, "DÜZENLENE": null }, "geometry": { "type": "MultiLineString", "coordinates": [ [ [ 4565096.083769041113555, 4599375.416126616299152 ], [ 4565085.712769878096879, 4599356.638749115169048 ], [ 4565076.538572685793042, 4599341.433512896299362 ], [ 4565067.831521824002266, 4599327.117729759775102 ] ] ] } },
{ "type": "Feature", "properties": { "fid": 551, "OBJECTID": 476, "TIP": 2, "AD": "CİHAN", "SHAPE_Leng": 16.232991139, "DÜZENLENE": null }, "geometry": { "type": "MultiLineString", "coordinates": [ [ [ 4564886.602053883485496, 4599372.194774528965354 ], [ 4564894.752892039716244, 4599374.546104220673442 ], [ 4564905.205477269366384, 4599376.342900642193854 ], [ 4564906.725122783333063, 4599376.389682127162814 ] ] ] } },
{ "type": "Feature", "properties": { "fid": 552, "OBJECTID": 477, "TIP": 2, "AD": "CİHAN", "SHAPE_Leng": 21.4958138205, "DÜZENLENE": null }, "geometry": { "type": "MultiLineString", "coordinates": [ [ [ 4564969.11762841232121, 4599377.179855895228684 ], [ 4564987.339756207540631, 4599377.863159248605371 ], [ 4564996.389332089573145, 4599377.696729402057827 ] ] ] } },
{ "type": "Feature", "properties": { "fid": 553, "OBJECTID": 478, "TIP": 2, "AD": "CİHAN", "SHAPE_Leng": 65.865536736099997, "DÜZENLENE": null }, "geometry": { "type": "MultiLineString", "coordinates": [ [ [ 4565014.731664407998323, 4599376.930174277164042 ], [ 4565029.165544831193984, 4599376.413820174522698 ], [ 4565049.832869709469378, 4599378.325670082122087 ], [ 4565054.888431491330266, 4599379.092750689946115 ], [ 4565064.089059132151306, 4599382.638691808097064 ], [ 4565073.298518189229071, 4599383.43308927025646 ], [ 4565080.685788534581661, 4599380.779615696519613 ], [ 4565091.186729228124022, 4599376.470836455002427 ], [ 4565096.083769041113555, 4599375.416126616299152 ] ] ] } },
{ "type": "Feature", "properties": { "fid": 554, "OBJECTID": 479, "TIP": 2, "AD": "CİHAN", "SHAPE_Leng": 49.174959956400002, "DÜZENLENE": null }, "geometry": { "type": "MultiLineString", "coordinates": [ [ [ 4564906.725122783333063, 4599376.389682127162814 ], [ 4564924.954702609218657, 4599376.176134173758328 ], [ 4564936.303958433680236, 4599375.936691289767623 ], [ 4564952.169836921617389, 4599376.401371235027909 ], [ 4564969.11762841232121, 4599377.179855895228684 ] ] ] } },
{ "type": "Feature", "properties": { "fid": 555, "OBJECTID": 480, "TIP": 1, "AD": "302", "SHAPE_Leng": 48.249922131799998, "DÜZENLENE": null }, "geometry": { "type": "MultiLineString", "coordinates": [ [ [ 4564909.265907081775367, 4599308.09143337327987 ], [ 4564908.959676732309163, 4599304.275049151852727 ], [ 4564906.128586844541132, 4599294.331102952361107 ], [ 4564903.662035853601992, 4599287.073953729122877 ], [ 4564901.217798549681902, 4599279.703236879780889 ], [ 4564896.037629554048181, 4599270.890367011539638 ], [ 4564891.442450852133334, 4599265.63805265724659 ], [ 4564882.267671679146588, 4599254.223802947439253 ] ] ] } },
{ "type": "Feature", "properties": { "fid": 556, "OBJECTID": 481, "TIP": 1, "AD": "304", "SHAPE_Leng": 23.187838852700001, "DÜZENLENE": null }, "geometry": { "type": "MultiLineString", "coordinates": [ [ [ 4564969.11762841232121, 4599377.179855895228684 ], [ 4564967.982095113955438, 4599365.722985451109707 ], [ 4564966.410223683342338, 4599358.336960178799927 ], [ 4564960.567561567761004, 4599349.640967023558915 ] ] ] } },
{ "type": "Feature", "properties": { "fid": 557, "OBJECTID": 482, "TIP": 1, "AD": "336", "SHAPE_Leng": 47.731981578899997, "DÜZENLENE": null }, "geometry": { "type": "MultiLineString", "coordinates": [ [ [ 4564966.635386415757239, 4598901.219910714775324 ], [ 4564971.465620445087552, 4598888.431898531503975 ], [ 4564976.255004460923374, 4598873.755657548084855 ], [ 4564978.934014118276536, 4598854.67290229536593 ], [ 4564979.606575101613998, 4598842.245100103318691 ] ] ] } },
{ "type": "Feature", "properties": { "fid": 558, "OBJECTID": 483, "TIP": 1, "AD": "336", "SHAPE_Leng": 29.885194913799999, "DÜZENLENE": null }, "geometry": { "type": "MultiLineString", "coordinates": [ [ [ 4564979.606575101613998, 4598842.245100103318691 ], [ 4564978.792329992167652, 4598830.135848531499505 ], [ 4564980.668637888506055, 4598816.721153989434242 ], [ 4564982.958759324625134, 4598804.528121585957706 ] ] ] } },
{ "type": "Feature", "properties": { "fid": 559, "OBJECTID": 484, "TIP": 2, "AD": "HASAN YILMAZ", "SHAPE_Leng": 36.054039322400001, "DÜZENLENE": null }, "geometry": { "type": "MultiLineString", "coordinates": [ [ [ 4564899.097771040163934, 4598232.240953724831343 ], [ 4564901.687268313020468, 4598202.772673552855849 ], [ 4564901.904299470596015, 4598186.405693992972374 ] ] ] } },
{ "type": "Feature", "properties": { "fid": 560, "OBJECTID": 485, "TIP": 2, "AD": "HASAN YILMAZ", "SHAPE_Leng": 13.1560862385, "DÜZENLENE": null }, "geometry": { "type": "MultiLineString", "coordinates": [ [ [ 4564905.395876612514257, 4598135.406451824121177 ], [ 4564909.076236342079937, 4598119.051383292302489 ] ] ] } },
{ "type": "Feature", "properties": { "fid": 561, "OBJECTID": 486, "TIP": 2, "AD": "DEMİRDÖVEN", "SHAPE_Leng": 44.033399095, "DÜZENLENE": null }, "geometry": { "type": "MultiLineString", "coordinates": [ [ [ 4564886.602053883485496, 4599372.194774528965354 ], [ 4564880.273037773557007, 4599371.733864051289856 ], [ 4564869.361877170391381, 4599370.939302024431527 ], [ 4564861.06341366097331, 4599368.901483654975891 ], [ 4564848.017898747697473, 4599358.394312652759254 ], [ 4564836.497913043014705, 4599351.6350984768942 ] ] ] } },
{ "type": "Feature", "properties": { "fid": 562, "OBJECTID": 487, "TIP": 1, "AD": "923", "SHAPE_Leng": 108.902520517, "DÜZENLENE": null }, "geometry": { "type": "MultiLineString", "coordinates": [ [ [ 4565342.778828226029873, 4600384.247844319790602 ], [ 4565376.847613456659019, 4600362.017069047316909 ], [ 4565411.264266341924667, 4600337.786868517287076 ], [ 4565442.137718744575977, 4600311.294717053882778 ], [ 4565452.377169193699956, 4600300.320126402191818 ] ] ] } },
{ "type": "Feature", "properties": { "fid": 563, "OBJECTID": 488, "TIP": 2, "AD": "GÜL", "SHAPE_Leng": 141.06610036000001, "DÜZENLENE": null }, "geometry": { "type": "MultiLineString", "coordinates": [ [ [ 4565379.819219200871885, 4600445.178771737031639 ], [ 4565379.869828311726451, 4600445.205593451857567 ], [ 4565403.202284034341574, 4600457.569328415207565 ], [ 4565403.250339890830219, 4600457.624895009212196 ], [ 4565418.487313793040812, 4600475.248490509577096 ], [ 4565428.586331638507545, 4600486.929435478523374 ], [ 4565441.616096711717546, 4600514.646919947117567 ], [ 4565477.945494494400918, 4600590.032291528768837 ] ] ] } },
{ "type": "Feature", "properties": { "fid": 564, "OBJECTID": 489, "TIP": 2, "AD": "GÜL", "SHAPE_Leng": 32.507792992100001, "DÜZENLENE": null }, "geometry": { "type": "MultiLineString", "coordinates": [ [ [ 4565477.945494494400918, 4600590.032291528768837 ], [ 4565496.396447696723044, 4600627.100721465423703 ] ] ] } },
{ "type": "Feature", "properties": { "fid": 565, "OBJECTID": 490, "TIP": 1, "AD": "815", "SHAPE_Leng": 23.799860978000002, "DÜZENLENE": null }, "geometry": { "type": "MultiLineString", "coordinates": [ [ [ 4565306.265995039604604, 4600698.201464080251753 ], [ 4565277.315911588259041, 4600706.886427168734372 ] ] ] } },
{ "type": "Feature", "properties": { "fid": 566, "OBJECTID": 491, "TIP": 1, "AD": "902", "SHAPE_Leng": 128.42177442600001, "DÜZENLENE": null }, "geometry": { "type": "MultiLineString", "coordinates": [ [ [ 4565085.616296341642737, 4600017.632736776024103 ], [ 4565086.516850989311934, 4600017.606004771776497 ], [ 4565092.785453973338008, 4600017.419773573055863 ], [ 4565111.912599444389343, 4600011.116312663070858 ], [ 4565135.627319045364857, 4599997.46612863522023 ], [ 4565142.35423655807972, 4599989.623058088123798 ], [ 4565152.740083565935493, 4599981.030722865834832 ], [ 4565160.514657482504845, 4599971.735681364312768 ], [ 4565173.639002781361341, 4599964.183704712428153 ], [ 4565191.36037640273571, 4599957.761037111282349 ], [ 4565229.860912264324725, 4599955.512814242392778 ] ] ] } },
{ "type": "Feature", "properties": { "fid": 567, "OBJECTID": 492, "TIP": 1, "AD": "904", "SHAPE_Leng": 60.691445475899997, "DÜZENLENE": null }, "geometry": { "type": "MultiLineString", "coordinates": [ [ [ 4565238.780677704140544, 4600163.726126004010439 ], [ 4565257.163158263079822, 4600193.553083553910255 ], [ 4565283.806334151886404, 4600226.30395121499896 ] ] ] } },
{ "type": "Feature", "properties": { "fid": 568, "OBJECTID": 493, "TIP": 1, "AD": "919", "SHAPE_Leng": 70.4217104767, "DÜZENLENE": null }, "geometry": { "type": "MultiLineString", "coordinates": [ [ [ 4565458.199303416535258, 4600127.96054015122354 ], [ 4565424.962515779770911, 4600142.763923155143857 ], [ 4565376.468528536148369, 4600164.331689855083823 ] ] ] } },
{ "type": "Feature", "properties": { "fid": 569, "OBJECTID": 494, "TIP": 1, "AD": "920", "SHAPE_Leng": 33.765816582200003, "DÜZENLENE": null }, "geometry": { "type": "MultiLineString", "coordinates": [ [ [ 4565458.199303416535258, 4600127.96054015122354 ], [ 4565451.514790773391724, 4600114.291781433857977 ], [ 4565438.040760745294392, 4600089.989776028320193 ] ] ] } },
{ "type": "Feature", "properties": { "fid": 570, "OBJECTID": 495, "TIP": 1, "AD": "920", "SHAPE_Leng": 40.285016436600003, "DÜZENLENE": null }, "geometry": { "type": "MultiLineString", "coordinates": [ [ [ 4565438.040760745294392, 4600089.989776028320193 ], [ 4565430.189143468625844, 4600070.585494603030384 ], [ 4565416.815526666119695, 4600043.303921106271446 ] ] ] } },
{ "type": "Feature", "properties": { "fid": 571, "OBJECTID": 496, "TIP": 1, "AD": "921", "SHAPE_Leng": 165.92748299100001, "DÜZENLENE": null }, "geometry": { "type": "MultiLineString", "coordinates": [ [ [ 4565407.69238102901727, 4600222.486693162471056 ], [ 4565420.537827202118933, 4600221.413351949304342 ], [ 4565431.59674784168601, 4600217.52675813715905 ], [ 4565467.929413638077676, 4600199.079898197203875 ], [ 4565495.195289668627083, 4600186.003434398211539 ], [ 4565533.242978357709944, 4600174.37864353787154 ], [ 4565554.885077985934913, 4600170.533318478614092 ], [ 4565578.267025115899742, 4600164.288502506911755 ], [ 4565593.903631711378694, 4600157.200398901477456 ], [ 4565605.065491983667016, 4600152.766445542685688 ] ] ] } },
{ "type": "Feature", "properties": { "fid": 572, "OBJECTID": 497, "TIP": 1, "AD": "918", "SHAPE_Leng": 60.654540281499997, "DÜZENLENE": null }, "geometry": { "type": "MultiLineString", "coordinates": [ [ [ 4565573.235566027462482, 4600232.058074007742107 ], [ 4565578.057017653249204, 4600241.713871519081295 ], [ 4565591.325310225598514, 4600270.100073672831059 ], [ 4565604.571675854735076, 4600302.647595412097871 ] ] ] } },
{ "type": "Feature", "properties": { "fid": 573, "OBJECTID": 498, "TIP": 1, "AD": "925", "SHAPE_Leng": 106.394778395, "DÜZENLENE": null }, "geometry": { "type": "MultiLineString", "coordinates": [ [ [ 4565379.819219200871885, 4600445.178771737031639 ], [ 4565379.842711007222533, 4600445.161173885688186 ], [ 4565405.507756748236716, 4600425.884500055573881 ], [ 4565460.861369819380343, 4600383.294996716082096 ], [ 4565475.329663874581456, 4600372.892586199566722 ], [ 4565478.649847947061062, 4600369.824445155449212 ], [ 4565479.67057715728879, 4600365.997898379340768 ], [ 4565479.580852409824729, 4600358.96809901855886 ] ] ] } },
{ "type": "Feature", "properties": { "fid": 574, "OBJECTID": 499, "TIP": 1, "AD": "911", "SHAPE_Leng": 98.992402560399995, "DÜZENLENE": null }, "geometry": { "type": "MultiLineString", "coordinates": [ [ [ 4565331.005898321978748, 4600019.315036374144256 ], [ 4565337.920570990070701, 4600016.24398679472506 ], [ 4565353.0172507930547, 4600004.894986713305116 ], [ 4565355.615905357524753, 4600002.221265716478229 ], [ 4565361.366219775751233, 4599997.151974061504006 ], [ 4565378.212425454519689, 4599984.105151536874473 ], [ 4565385.921280002221465, 4599978.089709585532546 ], [ 4565394.540198704227805, 4599972.729308853857219 ], [ 4565403.151695778593421, 4599967.031694723293185 ], [ 4565412.965249338187277, 4599965.131038431078196 ], [ 4565436.093902191147208, 4599952.370082034729421 ] ] ] } },
{ "type": "Feature", "properties": { "fid": 575, "OBJECTID": 500, "TIP": 1, "AD": "921", "SHAPE_Leng": 123.514749252, "DÜZENLENE": null }, "geometry": { "type": "MultiLineString", "coordinates": [ [ [ 4565289.437605258077383, 4600325.583948485553265 ], [ 4565331.434933596290648, 4600284.208514554426074 ], [ 4565388.116469288244843, 4600237.272836862131953 ], [ 4565407.69238102901727, 4600222.486693162471056 ] ] ] } },
{ "type": "Feature", "properties": { "fid": 576, "OBJECTID": 501, "TIP": 2, "AD": "ELMAS", "SHAPE_Leng": 21.2960995597, "DÜZENLENE": null }, "geometry": { "type": "MultiLineString", "coordinates": [ [ [ 4565360.276063944213092, 4599227.559752092696726 ], [ 4565367.94678511004895, 4599220.709370568394661 ], [ 4565379.300860319286585, 4599211.338418386876583 ], [ 4565380.899649400264025, 4599210.018848594278097 ] ] ] } },
{ "type": "Feature", "properties": { "fid": 577, "OBJECTID": 502, "TIP": 1, "AD": "1004", "SHAPE_Leng": 46.369419705399999, "DÜZENLENE": null }, "geometry": { "type": "MultiLineString", "coordinates": [ [ [ 4565380.899649400264025, 4599210.018848594278097 ], [ 4565383.869415759108961, 4599211.574598036706448 ], [ 4565395.172923409380019, 4599225.771303467452526 ], [ 4565408.939762373454869, 4599240.517907390370965 ], [ 4565414.68554927688092, 4599245.250234350562096 ], [ 4565421.146105838008225, 4599252.713196968659759 ] ] ] } },
{ "type": "Feature", "properties": { "fid": 578, "OBJECTID": 503, "TIP": 2, "AD": "ELMAS", "SHAPE_Leng": 220.443857802, "DÜZENLENE": null }, "geometry": { "type": "MultiLineString", "coordinates": [ [ [ 4565272.343757510185242, 4599469.716848048381507 ], [ 4565271.43245485983789, 4599464.41563964355737 ], [ 4565269.270223931409419, 4599451.837680879049003 ], [ 4565270.386147019453347, 4599441.288605140522122 ], [ 4565278.171121246181428, 4599428.435332606546581 ], [ 4565297.528017153963447, 4599397.654030720703304 ], [ 4565304.012194384820759, 4599381.903614905662835 ], [ 4565304.422486209310591, 4599380.907104567624629 ], [ 4565300.31518785841763, 4599364.939571844413877 ], [ 4565295.147253389470279, 4599343.804467707872391 ], [ 4565292.208941904827952, 4599331.787830625660717 ], [ 4565291.979843441396952, 4599330.191871437244117 ], [ 4565288.887585780583322, 4599308.651979216374457 ], [ 4565290.705259971320629, 4599305.331852249801159 ], [ 4565295.092656911350787, 4599297.317542355507612 ], [ 4565309.397244364023209, 4599281.488920324482024 ], [ 4565334.756551062688231, 4599254.895106263458729 ], [ 4565351.99560531321913, 4599234.954676008783281 ], [ 4565360.276063944213092, 4599227.559752092696726 ] ] ] } },
{ "type": "Feature", "properties": { "fid": 579, "OBJECTID": 504, "TIP": 1, "AD": "1002", "SHAPE_Leng": 42.818624468899998, "DÜZENLENE": null }, "geometry": { "type": "MultiLineString", "coordinates": [ [ [ 4565360.276063944213092, 4599227.559752092696726 ], [ 4565362.343514295294881, 4599231.449800692498684 ], [ 4565370.962270758114755, 4599241.662983627058566 ], [ 4565383.410870568826795, 4599257.175651041790843 ], [ 4565391.55601329728961, 4599267.132440737448633 ], [ 4565394.783597276546061, 4599269.431604507379234 ] ] ] } },
{ "type": "Feature", "properties": { "fid": 580, "OBJECTID": 505, "TIP": 1, "AD": "636", "SHAPE_Leng": 33.842312956500002, "DÜZENLENE": null }, "geometry": { "type": "MultiLineString", "coordinates": [ [ [ 4563702.693093840032816, 4600206.283499106764793 ], [ 4563676.69273388478905, 4600171.940322288312018 ] ] ] } },
{ "type": "Feature", "properties": { "fid": 581, "OBJECTID": 506, "TIP": 1, "AD": "613", "SHAPE_Leng": 124.812048293, "DÜZENLENE": null }, "geometry": { "type": "MultiLineString", "coordinates": [ [ [ 4563654.259201165288687, 4600129.514209953136742 ], [ 4563635.398410555906594, 4600142.965605910867453 ], [ 4563598.193421725183725, 4600162.661699963733554 ], [ 4563577.656517279334366, 4600178.398955529555678 ], [ 4563552.39865738991648, 4600195.407805073074996 ], [ 4563517.927857202477753, 4600208.927177474834025 ] ] ] } },
{ "type": "Feature", "properties": { "fid": 582, "OBJECTID": 507, "TIP": 1, "AD": "1134", "SHAPE_Leng": 211.680109966, "DÜZENLENE": null }, "geometry": { "type": "MultiLineString", "coordinates": [ [ [ 4567173.938336872495711, 4598627.929538710974157 ], [ 4567178.637123252265155, 4598645.767305133864284 ], [ 4567189.443518659099936, 4598666.91529440972954 ], [ 4567203.744985040277243, 4598691.224725092761219 ], [ 4567213.653184249065816, 4598708.142483442090452 ], [ 4567225.853012515231967, 4598734.656859300099313 ], [ 4567240.386267117224634, 4598766.517085045576096 ], [ 4567254.415935771539807, 4598796.836922363378108 ], [ 4567264.822993542999029, 4598821.232095424085855 ], [ 4567274.822486178018153, 4598842.330626371316612 ], [ 4567284.519280318170786, 4598858.780856761150062 ], [ 4567288.686337408609688, 4598871.101976667530835 ] ] ] } },
{ "type": "Feature", "properties": { "fid": 583, "OBJECTID": 508, "TIP": 1, "AD": "1132", "SHAPE_Leng": 273.51023629100001, "DÜZENLENE": null }, "geometry": { "type": "MultiLineString", "coordinates": [ [ [ 4567087.624449879862368, 4598645.852867458947003 ], [ 4567095.911253314465284, 4598660.143197685480118 ], [ 4567112.859968569129705, 4598687.76767507661134 ], [ 4567130.262586087919772, 4598715.663468658924103 ], [ 4567137.621772316284478, 4598732.254958753474057 ], [ 4567155.109230852685869, 4598756.326008929871023 ], [ 4567166.950505972839892, 4598775.630115136504173 ], [ 4567178.879152067936957, 4598793.807884411886334 ], [ 4567187.250683459453285, 4598810.60212361626327 ], [ 4567199.748236604034901, 4598834.333053538575768 ], [ 4567209.027793332003057, 4598854.255723956041038 ], [ 4567215.42561804689467, 4598875.534564134664834 ], [ 4567225.582049516029656, 4598902.296685243956745 ], [ 4567231.874367807991803, 4598916.157172966748476 ], [ 4567245.87433542124927, 4598929.173603253439069 ], [ 4567257.649851687252522, 4598947.044597821310163 ] ] ] } },
{ "type": "Feature", "properties": { "fid": 584, "OBJECTID": 509, "TIP": 1, "AD": "1134", "SHAPE_Leng": 173.14219648100001, "DÜZENLENE": null }, "geometry": { "type": "MultiLineString", "coordinates": [ [ [ 4567360.808633150532842, 4598896.882669678889215 ], [ 4567371.692626615986228, 4598907.690544910728931 ], [ 4567377.358656069263816, 4598921.058578451164067 ], [ 4567383.269499828107655, 4598945.665291167795658 ], [ 4567394.144024380482733, 4598971.961854404769838 ], [ 4567406.74070539791137, 4598995.072385138832033 ], [ 4567416.690669616684318, 4599020.040137697942555 ], [ 4567459.029051569290459, 4599094.274919907562435 ], [ 4567508.259878961369395, 4599086.944385356269777 ], [ 4567539.23175229690969, 4599129.62108195386827 ], [ 4567603.600077569484711, 4599083.616453499533236 ], [ 4567650.969523096457124, 4599140.582037474960089 ] ] ] } },
{ "type": "Feature", "properties": { "fid": 585, "OBJECTID": 510, "TIP": 2, "AD": "HASAN YILMAZ", "SHAPE_Leng": 13.9681295884, "DÜZENLENE": null }, "geometry": { "type": "MultiLineString", "coordinates": [ [ [ 4564909.076236342079937, 4598119.051383292302489 ], [ 4564913.213191081769764, 4598101.740518795326352 ] ] ] } },
{ "type": "Feature", "properties": { "fid": 586, "OBJECTID": 511, "TIP": 2, "AD": "HASAN YILMAZ", "SHAPE_Leng": 15.5728033217, "DÜZENLENE": null }, "geometry": { "type": "MultiLineString", "coordinates": [ [ [ 4564913.213191081769764, 4598101.740518795326352 ], [ 4564919.434219934977591, 4598082.901805879548192 ] ] ] } },
{ "type": "Feature", "properties": { "fid": 587, "OBJECTID": 512, "TIP": 2, "AD": "HASAN YILMAZ", "SHAPE_Leng": 72.506972902499996, "DÜZENLENE": null }, "geometry": { "type": "MultiLineString", "coordinates": [ [ [ 4564917.151142599061131, 4598322.731025788933039 ], [ 4564916.224555912427604, 4598309.986381702125072 ], [ 4564910.516750535927713, 4598282.047339662909508 ], [ 4564904.464222037233412, 4598256.814257881604135 ], [ 4564899.097771040163934, 4598232.240953724831343 ] ] ] } },
{ "type": "Feature", "properties": { "fid": 588, "OBJECTID": 513, "TIP": 2, "AD": "DR.İSMAİL BEŞİKCİ", "SHAPE_Leng": 96.150391943599999, "DÜZENLENE": null }, "geometry": { "type": "MultiLineString", "coordinates": [ [ [ 4564295.71036022156477, 4599423.265380844473839 ], [ 4564284.007068373262882, 4599428.91633618157357 ], [ 4564284.272706117480993, 4599428.775687885470688 ], [ 4564245.507259040139616, 4599444.458553926087916 ], [ 4564208.110838843509555, 4599461.326035976409912 ], [ 4564183.997556972317398, 4599471.02388836350292 ] ] ] } },
{ "type": "Feature", "properties": { "fid": 589, "OBJECTID": 514, "TIP": 2, "AD": "DR.İSMAİL BEŞİKCİ", "SHAPE_Leng": 39.070437705400003, "DÜZENLENE": null }, "geometry": { "type": "MultiLineString", "coordinates": [ [ [ 4564183.997556972317398, 4599471.02388836350292 ], [ 4564137.756554376333952, 4599489.027401742525399 ] ] ] } },
{ "type": "Feature", "properties": { "fid": 590, "OBJECTID": 515, "TIP": 2, "AD": "DR.İSMAİL BEŞİKCİ", "SHAPE_Leng": 171.31525786899999, "DÜZENLENE": null }, "geometry": { "type": "MultiLineString", "coordinates": [ [ [ 4563986.004333652555943, 4599512.013826468959451 ], [ 4563940.016421580687165, 4599516.787315894849598 ], [ 4563909.786350625567138, 4599523.243643183261156 ], [ 4563885.657415265217423, 4599535.036867261864245 ], [ 4563849.413459556177258, 4599552.751367828808725 ], [ 4563821.817830745130777, 4599569.270583083853126 ], [ 4563786.107188585214317, 4599589.608637579716742 ] ] ] } },
{ "type": "Feature", "properties": { "fid": 591, "OBJECTID": 516, "TIP": 2, "AD": "DR.İSMAİL BEŞİKCİ", "SHAPE_Leng": 79.200611519000006, "DÜZENLENE": null }, "geometry": { "type": "MultiLineString", "coordinates": [ [ [ 4563786.107188585214317, 4599589.608637579716742 ], [ 4563747.627888169139624, 4599612.435189375653863 ], [ 4563716.12524040043354, 4599628.499129900708795 ], [ 4563698.47848888207227, 4599639.00083224568516 ] ] ] } },
{ "type": "Feature", "properties": { "fid": 592, "OBJECTID": 517, "TIP": 1, "AD": "MEHTEP", "SHAPE_Leng": 79.9412290633, "DÜZENLENE": null }, "geometry": { "type": "MultiLineString", "coordinates": [ [ [ 4565387.842669676989317, 4598787.571162665262818 ], [ 4565384.480018047615886, 4598762.93003604747355 ], [ 4565379.615706157870591, 4598728.495348380878568 ], [ 4565375.926849125884473, 4598698.712529083713889 ], [ 4565375.383071132935584, 4598686.497004180215299 ] ] ] } },
{ "type": "Feature", "properties": { "fid": 593, "OBJECTID": 518, "TIP": 1, "AD": "355", "SHAPE_Leng": 50.696510996100002, "DÜZENLENE": null }, "geometry": { "type": "MultiLineString", "coordinates": [ [ [ 4565323.564427264034748, 4598785.110134887509048 ], [ 4565352.102142497897148, 4598787.020869804546237 ], [ 4565374.331145638599992, 4598787.155079807154834 ], [ 4565387.842669676989317, 4598787.571162665262818 ] ] ] } },
{ "type": "Feature", "properties": { "fid": 594, "OBJECTID": 519, "TIP": 1, "AD": "332", "SHAPE_Leng": 97.154440355299997, "DÜZENLENE": null }, "geometry": { "type": "MultiLineString", "coordinates": [ [ [ 4565291.618341290391982, 4598688.518957461230457 ], [ 4565290.408565786667168, 4598677.246421516872942 ], [ 4565288.622054362669587, 4598648.951493505388498 ], [ 4565287.724276767112315, 4598628.114207801409066 ], [ 4565286.892327262088656, 4598605.139254841022193 ], [ 4565285.58341973181814, 4598583.411470327526331 ], [ 4565285.299704936333001, 4598567.676795150153339 ], [ 4565285.16493880841881, 4598564.892267729155719 ] ] ] } },
{ "type": "Feature", "properties": { "fid": 595, "OBJECTID": 520, "TIP": 1, "AD": "957", "SHAPE_Leng": 35.340662942900003, "DÜZENLENE": null }, "geometry": { "type": "MultiLineString", "coordinates": [ [ [ 4565529.517320148646832, 4599981.688724818639457 ], [ 4565533.08919373806566, 4599981.441795121878386 ], [ 4565546.301790782250464, 4599975.364783219061792 ], [ 4565570.596662282012403, 4599964.124435051344335 ] ] ] } },
{ "type": "Feature", "properties": { "fid": 596, "OBJECTID": 521, "TIP": 1, "AD": "957", "SHAPE_Leng": 62.285629921800002, "DÜZENLENE": null }, "geometry": { "type": "MultiLineString", "coordinates": [ [ [ 4565570.596662282012403, 4599964.124435051344335 ], [ 4565579.298053718172014, 4599960.516262870281935 ], [ 4565601.094565602950752, 4599949.335813751444221 ], [ 4565630.054630873724818, 4599933.8609140496701 ], [ 4565639.802528907544911, 4599926.210007455199957 ] ] ] } },
{ "type": "Feature", "properties": { "fid": 597, "OBJECTID": 522, "TIP": 1, "AD": "955", "SHAPE_Leng": 57.434115350500001, "DÜZENLENE": null }, "geometry": { "type": "MultiLineString", "coordinates": [ [ [ 4565570.596662282012403, 4599964.124435051344335 ], [ 4565577.500980750657618, 4599972.700022258795798 ], [ 4565582.431602674536407, 4599981.138739672489464 ], [ 4565586.546598074957728, 4599991.38206422328949 ], [ 4565609.377533237449825, 4600025.801340156234801 ] ] ] } },
{ "type": "Feature", "properties": { "fid": 598, "OBJECTID": 523, "TIP": 1, "AD": "917", "SHAPE_Leng": 100.337147673, "DÜZENLENE": null }, "geometry": { "type": "MultiLineString", "coordinates": [ [ [ 4565553.848477683030069, 4600038.013281283900142 ], [ 4565533.793345565907657, 4600047.780264280736446 ], [ 4565509.973920249380171, 4600060.714081801474094 ], [ 4565482.987592048943043, 4600075.810743235982955 ], [ 4565463.928275527432561, 4600081.839704737998545 ], [ 4565438.040760745294392, 4600089.989776028320193 ] ] ] } },
{ "type": "Feature", "properties": { "fid": 599, "OBJECTID": 524, "TIP": 1, "AD": "917", "SHAPE_Leng": 68.7725422794, "DÜZENLENE": null }, "geometry": { "type": "MultiLineString", "coordinates": [ [ [ 4565438.040760745294392, 4600089.989776028320193 ], [ 4565403.498927880078554, 4600104.236483511514962 ], [ 4565375.937872707843781, 4600114.01297942828387 ], [ 4565356.089625482447445, 4600120.022994424216449 ] ] ] } },
{ "type": "Feature", "properties": { "fid": 600, "OBJECTID": 525, "TIP": 1, "AD": "961", "SHAPE_Leng": 46.626688281, "DÜZENLENE": null }, "geometry": { "type": "MultiLineString", "coordinates": [ [ [ 4565704.688006037846208, 4599981.199539280496538 ], [ 4565705.809341731481254, 4599989.769881833344698 ], [ 4565698.929127274081111, 4599998.941028399392962 ], [ 4565690.383368723094463, 4600009.742803921923041 ], [ 4565679.396419336088002, 4600023.656370857730508 ], [ 4565673.867614382877946, 4600029.074330340139568 ] ] ] } },
{ "type": "Feature", "properties": { "fid": 601, "OBJECTID": 526, "TIP": 1, "AD": "562", "SHAPE_Leng": 68.497016930100003, "DÜZENLENE": null }, "geometry": { "type": "MultiLineString", "coordinates": [ [ [ 4562328.049040714278817, 4600983.82902914378792 ], [ 4562324.703367601148784, 4600971.257685657590628 ], [ 4562310.979763463139534, 4600943.971783097833395 ], [ 4562293.397406131960452, 4600903.95047892536968 ] ] ] } },
{ "type": "Feature", "properties": { "fid": 602, "OBJECTID": 527, "TIP": 2, "AD": "UMUT", "SHAPE_Leng": 24.13445546, "DÜZENLENE": null }, "geometry": { "type": "MultiLineString", "coordinates": [ [ [ 4565281.110349605791271, 4599684.352758156135678 ], [ 4565280.806989550590515, 4599686.697562751360238 ], [ 4565280.211102697998285, 4599690.218921028077602 ], [ 4565280.859312535263598, 4599692.248995968140662 ], [ 4565282.16869948990643, 4599693.752002398483455 ], [ 4565283.833691921085119, 4599695.035745500586927 ], [ 4565285.498952398076653, 4599695.426353061571717 ], [ 4565289.059435181319714, 4599695.491116533055902 ], [ 4565292.272160325199366, 4599695.356520298868418 ], [ 4565301.859846594743431, 4599692.408948115073144 ] ] ] } },
{ "type": "Feature", "properties": { "fid": 603, "OBJECTID": 528, "TIP": 1, "AD": "956", "SHAPE_Leng": 112.155406259, "DÜZENLENE": null }, "geometry": { "type": "MultiLineString", "coordinates": [ [ [ 4566006.313755798153579, 4600227.111099882982671 ], [ 4566019.65861249435693, 4600259.564234358258545 ], [ 4566034.34699394274503, 4600296.577805102802813 ], [ 4566047.035161488689482, 4600334.309953991323709 ], [ 4566056.389462779276073, 4600360.889743427745998 ] ] ] } },
{ "type": "Feature", "properties": { "fid": 604, "OBJECTID": 529, "TIP": 1, "AD": "954", "SHAPE_Leng": 92.584343591600003, "DÜZENLENE": null }, "geometry": { "type": "MultiLineString", "coordinates": [ [ [ 4566109.258702689781785, 4600201.905932947993279 ], [ 4566158.018334086984396, 4600309.292546568438411 ] ] ] } },
{ "type": "Feature", "properties": { "fid": 605, "OBJECTID": 530, "TIP": 2, "AD": "FIRAT SİMPİL", "SHAPE_Leng": 59.813890191399999, "DÜZENLENE": null }, "geometry": { "type": "MultiLineString", "coordinates": [ [ [ 4564490.834045482799411, 4600694.312867202796042 ], [ 4564490.12691028509289, 4600699.07009927649051 ], [ 4564488.093948287889361, 4600748.236000647768378 ], [ 4564487.855666222982109, 4600762.141120538115501 ], [ 4564488.404359925538301, 4600770.4493771456182 ] ] ] } },
{ "type": "Feature", "properties": { "fid": 606, "OBJECTID": 531, "TIP": 1, "AD": "815", "SHAPE_Leng": 13.101115885500001, "DÜZENLENE": null }, "geometry": { "type": "MultiLineString", "coordinates": [ [ [ 4565496.396447696723044, 4600627.100721465423703 ], [ 4565496.006299651227891, 4600627.215314142405987 ], [ 4565492.001350144855678, 4600642.372415694408119 ], [ 4565492.324673531576991, 4600642.890711066313088 ] ] ] } },
{ "type": "Feature", "properties": { "fid": 607, "OBJECTID": 532, "TIP": 1, "AD": "959", "SHAPE_Leng": 79.831616232900004, "DÜZENLENE": null }, "geometry": { "type": "MultiLineString", "coordinates": [ [ [ 4565704.688006037846208, 4599981.199539280496538 ], [ 4565710.859879347495735, 4599974.760036980733275 ], [ 4565724.343962540850043, 4599961.365399156697094 ], [ 4565738.880470224656165, 4599947.441871455870569 ], [ 4565746.905085609294474, 4599937.446465793065727 ], [ 4565750.326670096255839, 4599930.43711843341589 ], [ 4565753.909778814762831, 4599914.897076159715652 ], [ 4565762.262118196114898, 4599900.098449839279056 ] ] ] } },
{ "type": "Feature", "properties": { "fid": 608, "OBJECTID": 533, "TIP": 2, "AD": "DİYARBAKIR", "SHAPE_Leng": 69.658466010200002, "DÜZENLENE": null }, "geometry": { "type": "MultiLineString", "coordinates": [ [ [ 4564165.723308113403618, 4600532.219201560132205 ], [ 4564146.821787590160966, 4600536.975014040246606 ], [ 4564128.163369591347873, 4600541.669550974853337 ], [ 4564080.068282531574368, 4600554.292920704931021 ] ] ] } },
{ "type": "Feature", "properties": { "fid": 609, "OBJECTID": 534, "TIP": 2, "AD": "DİYARBAKIR", "SHAPE_Leng": 90.899615831899993, "DÜZENLENE": null }, "geometry": { "type": "MultiLineString", "coordinates": [ [ [ 4563963.05948213301599, 4600581.950837136246264 ], [ 4563889.428089673630893, 4600601.357818813063204 ], [ 4563851.177857866510749, 4600610.298478062264621 ] ] ] } },
{ "type": "Feature", "properties": { "fid": 610, "OBJECTID": 535, "TIP": 2, "AD": "DEVRİM", "SHAPE_Leng": 175.08820767, "DÜZENLENE": null }, "geometry": { "type": "MultiLineString", "coordinates": [ [ [ 4565193.148115201853216, 4598697.665358736179769 ], [ 4565163.825187339447439, 4598690.635990004986525 ], [ 4565148.890124874189496, 4598687.055644760839641 ], [ 4565142.162917830981314, 4598681.071560438722372 ], [ 4565117.023107280954719, 4598658.708793099038303 ], [ 4565074.930118849501014, 4598607.139446606859565 ], [ 4565053.834966599941254, 4598588.439200930297375 ], [ 4565031.034766383469105, 4598571.664968683384359 ], [ 4565020.720388229005039, 4598566.897186133079231 ] ] ] } },
{ "type": "Feature", "properties": { "fid": 611, "OBJECTID": 536, "TIP": 1, "AD": "228", "SHAPE_Leng": 140.03164120400001, "DÜZENLENE": "DÜZENLENEN" }, "geometry": { "type": "MultiLineString", "coordinates": [ [ [ 4565058.54894997831434, 4599697.758657604455948 ], [ 4565055.863908153027296, 4599694.332260806113482 ], [ 4565054.920430394820869, 4599690.466617131605744 ], [ 4565055.887912470847368, 4599685.479876964353025 ], [ 4565058.285177544690669, 4599677.007717063650489 ], [ 4565062.868770023807883, 4599670.215230383910239 ], [ 4565067.045660585165024, 4599664.510995306074619 ], [ 4565069.106301228515804, 4599660.364162317477167 ], [ 4565070.52210992667824, 4599656.231229858472943 ], [ 4565070.349867715500295, 4599648.246820938773453 ], [ 4565064.012230753898621, 4599623.556448705494404 ], [ 4565009.57406490854919, 4599628.087957317009568 ], [ 4565000.754099422134459, 4599609.376857412979007 ], [ 4564987.292830250225961, 4599573.335469944402575 ], [ 4564974.493791053071618, 4599560.190968788228929 ], [ 4564944.893208260647953, 4599558.244079292751849 ], [ 4564902.734702894464135, 4599559.259731753729284 ] ] ] } },
{ "type": "Feature", "properties": { "fid": 612, "OBJECTID": 537, "TIP": 1, "AD": "568", "SHAPE_Leng": 159.445104808, "DÜZENLENE": null }, "geometry": { "type": "MultiLineString", "coordinates": [ [ [ 4559365.994143823161721, 4600389.924377297051251 ], [ 4559370.403169544413686, 4600361.281321791931987 ], [ 4559366.095842827111483, 4600343.405884902924299 ], [ 4559344.640861382707953, 4600309.009439683519304 ], [ 4559339.043766689486802, 4600298.467452767305076 ], [ 4559338.554038014262915, 4600287.952118172310293 ], [ 4559354.129741065204144, 4600265.016376103274524 ], [ 4559390.223631584085524, 4600233.553468307480216 ], [ 4559403.16042690910399, 4600222.483601704239845 ] ] ] } },
{ "type": "Feature", "properties": { "fid": 613, "OBJECTID": 538, "TIP": 1, "AD": "204", "SHAPE_Leng": 30.079184698300001, "DÜZENLENE": null }, "geometry": { "type": "MultiLineString", "coordinates": [ [ [ 4564732.887686083093286, 4599941.550771306268871 ], [ 4564730.820994980633259, 4599932.875932798720896 ], [ 4564727.472204925492406, 4599923.76203699875623 ], [ 4564726.368619843386114, 4599918.447765083983541 ], [ 4564722.332949944771826, 4599904.755045908503234 ] ] ] } },
{ "type": "Feature", "properties": { "fid": 614, "OBJECTID": 539, "TIP": 1, "AD": "201", "SHAPE_Leng": 36.452915449400003, "DÜZENLENE": null }, "geometry": { "type": "MultiLineString", "coordinates": [ [ [ 4564616.851811975240707, 4599706.572005457244813 ], [ 4564622.849040802568197, 4599708.120083371177316 ], [ 4564626.688362902961671, 4599708.315064799040556 ], [ 4564662.595920383930206, 4599703.419922515749931 ] ] ] } },
{ "type": "Feature", "properties": { "fid": 615, "OBJECTID": 540, "TIP": 1, "AD": "356", "SHAPE_Leng": 29.669354233699998, "DÜZENLENE": null }, "geometry": { "type": "MultiLineString", "coordinates": [ [ [ 4565057.724776398390532, 4598805.106745789758861 ], [ 4565094.794102646410465, 4598798.44100418779999 ] ] ] } },
{ "type": "Feature", "properties": { "fid": 616, "OBJECTID": 541, "TIP": 2, "AD": "MERWANİ", "SHAPE_Leng": 1300.90964577, "DÜZENLENE": null }, "geometry": { "type": "MultiLineString", "coordinates": [ [ [ 4562672.53411344718188, 4600291.462282599881291 ], [ 4562675.516032509505749, 4600280.06265136692673 ], [ 4562681.266228911466897, 4600255.648948800750077 ], [ 4562684.66517901327461, 4600230.206312857568264 ], [ 4562681.628069846890867, 4600205.441986730322242 ], [ 4562678.814924668520689, 4600174.37567201629281 ], [ 4562678.529560962691903, 4600152.610969468019903 ], [ 4562682.080703341402113, 4600125.905820385552943 ], [ 4562693.94171685166657, 4600093.984073033556342 ], [ 4562704.634776204824448, 4600074.50221649184823 ], [ 4562718.733028038404882, 4600046.670573846437037 ], [ 4562734.046489960514009, 4600017.013757571578026 ], [ 4562765.503391172736883, 4599954.623659834265709 ], [ 4562789.329016678035259, 4599901.18353749345988 ], [ 4562822.23629748634994, 4599834.115455088205636 ], [ 4562850.866571188904345, 4599782.042300741188228 ], [ 4562891.73779458552599, 4599706.551869560964406 ], [ 4562912.284803870134056, 4599674.200667246244848 ], [ 4562934.937394549138844, 4599643.319610588252544 ], [ 4562964.668955764733255, 4599580.552695556543767 ], [ 4562967.175352560356259, 4599566.16360588837415 ], [ 4562974.316113050095737, 4599546.612770333886147 ], [ 4562987.754567704163492, 4599520.460621875710785 ], [ 4562995.629205419681966, 4599509.046451658010483 ], [ 4563010.189190900884569, 4599496.082558952271938 ], [ 4563020.296196323819458, 4599484.33902850933373 ], [ 4563034.552386268042028, 4599470.257288699038327 ], [ 4563053.171491289511323, 4599450.740302992984653 ], [ 4563064.123909818939865, 4599439.25968729890883 ], [ 4563076.6230184501037, 4599421.561412474140525 ], [ 4563081.121474515646696, 4599409.37655717227608 ], [ 4563082.379960927180946, 4599389.671752623282373 ], [ 4563083.418556462973356, 4599372.78274146001786 ], [ 4563082.426377371884882, 4599352.564272710122168 ], [ 4563080.471193642355502, 4599339.675372674129903 ], [ 4563074.020970440469682, 4599326.040011406876147 ], [ 4563061.688723084516823, 4599312.250459281727672 ], [ 4563052.214606571942568, 4599301.210300578735769 ], [ 4563042.876324185170233, 4599283.420731041580439 ], [ 4563038.02095153927803, 4599265.815686294808984 ], [ 4563034.480525814928114, 4599244.246723029762506 ], [ 4563034.57774122338742, 4599222.599401853047311 ], [ 4563033.651742261834443, 4599205.471884879283607 ], [ 4563035.923823046498001, 4599193.897658408619463 ], [ 4563039.928777763620019, 4599184.815938767045736 ], [ 4563045.416812684386969, 4599179.637838524766266 ], [ 4563051.477667260915041, 4599177.356651599518955 ], [ 4563062.112815764732659, 4599177.239860747009516 ], [ 4563083.219320514239371, 4599179.820868355222046 ], [ 4563122.471824306994677, 4599182.685162786394358 ], [ 4563152.958359509706497, 4599184.051738600246608 ], [ 4563228.576345638372004, 4599185.681700023822486 ], [ 4563281.866415380500257, 4599185.206572194583714 ], [ 4563307.046794996596873, 4599184.550779520533979 ], [ 4563334.10580247361213, 4599182.730020742863417 ], [ 4563395.28449475672096, 4599179.385535504668951 ], [ 4563421.353064537979662, 4599178.372942916117609 ], [ 4563441.786870419979095, 4599175.682902410626411 ], [ 4563449.461402224376798, 4599173.268342484720051 ], [ 4563459.014532718807459, 4599171.022171716205776 ] ] ] } },
{ "type": "Feature", "properties": { "fid": 617, "OBJECTID": 542, "TIP": 1, "AD": "738", "SHAPE_Leng": 377.56219477399998, "DÜZENLENE": null }, "geometry": { "type": "MultiLineString", "coordinates": [ [ [ 4558973.031687874346972, 4600298.052850548177958 ], [ 4558970.676977309398353, 4600327.814974693581462 ], [ 4558976.813208849169314, 4600360.100801973603666 ], [ 4558993.821991776116192, 4600411.23483944311738 ], [ 4559014.775124132633209, 4600472.165418149903417 ], [ 4559075.121311006136239, 4600692.636376084759831 ], [ 4559103.698976899497211, 4600758.21126963943243 ] ] ] } },
{ "type": "Feature", "properties": { "fid": 618, "OBJECTID": 543, "TIP": 2, "AD": "DİYARBAKIR", "SHAPE_Leng": 213.93427888599999, "DÜZENLENE": null }, "geometry": { "type": "MultiLineString", "coordinates": [ [ [ 4558973.031687874346972, 4600298.052850548177958 ], [ 4558880.49729794356972, 4600274.134131660684943 ], [ 4558744.894490555860102, 4600237.41752615198493 ], [ 4558710.46847806032747, 4600228.346184412948787 ] ] ] } },
{ "type": "Feature", "properties": { "fid": 619, "OBJECTID": 544, "TIP": 2, "AD": "DİYARBAKIR", "SHAPE_Leng": 457.92767142899999, "DÜZENLENE": null }, "geometry": { "type": "MultiLineString", "coordinates": [ [ [ 4559365.994143823161721, 4600389.924377297051251 ], [ 4559289.760572554543614, 4600369.53778123203665 ], [ 4559162.147971512749791, 4600333.736789572052658 ], [ 4559060.157282682135701, 4600306.388228369876742 ], [ 4558966.79796524439007, 4600280.475546007044613 ], [ 4558878.34268812276423, 4600257.696889798156917 ], [ 4558804.649484490975738, 4600238.204007833264768 ] ] ] } },
{ "type": "Feature", "properties": { "fid": 620, "OBJECTID": 545, "TIP": 2, "AD": "KİLİMCİLER", "SHAPE_Leng": 25.868832580300001, "DÜZENLENE": null }, "geometry": { "type": "MultiLineString", "coordinates": [ [ [ 4565258.822128747589886, 4598689.707665084861219 ], [ 4565268.429543981328607, 4598688.874993211589754 ], [ 4565291.618341290391982, 4598688.518957461230457 ] ] ] } },
{ "type": "Feature", "properties": { "fid": 621, "OBJECTID": 546, "TIP": 1, "AD": "355", "SHAPE_Leng": 34.316348269199999, "DÜZENLENE": null }, "geometry": { "type": "MultiLineString", "coordinates": [ [ [ 4565255.58875476475805, 4598783.893790300935507 ], [ 4565274.262289438396692, 4598783.487294930964708 ], [ 4565299.141142107546329, 4598783.332463972270489 ] ] ] } },
{ "type": "Feature", "properties": { "fid": 622, "OBJECTID": 547, "TIP": 1, "AD": "346", "SHAPE_Leng": 74.238595277200005, "DÜZENLENE": null }, "geometry": { "type": "MultiLineString", "coordinates": [ [ [ 4565258.822128747589886, 4598689.707665084861219 ], [ 4565258.35823732893914, 4598694.336603069677949 ], [ 4565259.229351040907204, 4598707.277813997119665 ], [ 4565258.922015776857734, 4598721.046841084957123 ], [ 4565258.952245390042663, 4598728.669396847486496 ], [ 4565257.123021031729877, 4598738.59010455943644 ], [ 4565254.866072086617351, 4598752.798224384896457 ], [ 4565254.681017545983195, 4598770.36773089133203 ], [ 4565255.58875476475805, 4598783.893790300935507 ] ] ] } },
{ "type": "Feature", "properties": { "fid": 623, "OBJECTID": 548, "TIP": 2, "AD": "KİLİMCİLER", "SHAPE_Leng": 29.039870110199999, "DÜZENLENE": null }, "geometry": { "type": "MultiLineString", "coordinates": [ [ [ 4565338.561668688431382, 4598688.037016868591309 ], [ 4565350.633069162257016, 4598687.851407405920327 ], [ 4565375.383071132935584, 4598686.497004180215299 ] ] ] } },
{ "type": "Feature", "properties": { "fid": 624, "OBJECTID": 549, "TIP": 1, "AD": "348", "SHAPE_Leng": 118.10177845699999, "DÜZENLENE": null }, "geometry": { "type": "MultiLineString", "coordinates": [ [ [ 4565317.384594117291272, 4598539.354450752027333 ], [ 4565323.07497620023787, 4598583.455869206227362 ], [ 4565323.800289567559958, 4598602.882237551733851 ], [ 4565327.337239054962993, 4598629.789736569859087 ], [ 4565334.377816270105541, 4598657.160789528861642 ], [ 4565337.573786940425634, 4598674.496262253262103 ], [ 4565338.561668688431382, 4598688.037016868591309 ] ] ] } },
{ "type": "Feature", "properties": { "fid": 625, "OBJECTID": 550, "TIP": 2, "AD": "TARANCI", "SHAPE_Leng": 92.17786823, "DÜZENLENE": null }, "geometry": { "type": "MultiLineString", "coordinates": [ [ [ 4565092.235249435529113, 4599164.548638167791069 ], [ 4565090.240573144517839, 4599149.59574350528419 ], [ 4565089.454537890851498, 4599118.090689762495458 ], [ 4565087.474318572320044, 4599089.882246303372085 ], [ 4565086.398918366990983, 4599064.94385176897049 ], [ 4565085.917258033528924, 4599047.300509801134467 ] ] ] } },
{ "type": "Feature", "properties": { "fid": 626, "OBJECTID": 551, "TIP": 1, "AD": "504", "SHAPE_Leng": 64.023686973400004, "DÜZENLENE": null }, "geometry": { "type": "MultiLineString", "coordinates": [ [ [ 4564853.005518379621208, 4599489.730476444587111 ], [ 4564852.552750514820218, 4599483.974291170015931 ], [ 4564852.095626901835203, 4599478.163252798840404 ], [ 4564850.619862699881196, 4599466.838341626338661 ], [ 4564846.764588702470064, 4599454.215859564952552 ], [ 4564843.177357999607921, 4599439.973469483666122 ], [ 4564837.429969608783722, 4599438.276824248954654 ], [ 4564829.689590761438012, 4599439.007779570296407 ], [ 4564813.30730555858463, 4599442.735482046380639 ] ] ] } },
{ "type": "Feature", "properties": { "fid": 627, "OBJECTID": 552, "TIP": 2, "AD": "DİYARBAKIR", "SHAPE_Leng": 55.217175709800003, "DÜZENLENE": null }, "geometry": { "type": "MultiLineString", "coordinates": [ [ [ 4564527.140334311872721, 4600439.436656426638365 ], [ 4564485.162872944958508, 4600449.791087968274951 ], [ 4564459.208768643438816, 4600456.785221055150032 ] ] ] } },
{ "type": "Feature", "properties": { "fid": 628, "OBJECTID": 553, "TIP": 2, "AD": "GAZİ", "SHAPE_Leng": 5.4949118728300004, "DÜZENLENE": null }, "geometry": { "type": "MultiLineString", "coordinates": [ [ [ 4565132.481671672314405, 4599462.190978424623609 ], [ 4565139.452076974324882, 4599461.934767635539174 ] ] ] } },
{ "type": "Feature", "properties": { "fid": 629, "OBJECTID": 554, "TIP": 1, "AD": "924", "SHAPE_Leng": 88.1796582395, "DÜZENLENE": null }, "geometry": { "type": "MultiLineString", "coordinates": [ [ [ 4565422.815904988907278, 4599868.246022967621684 ], [ 4565441.641897139139473, 4599906.15860697068274 ], [ 4565458.47712033148855, 4599932.779636044986546 ], [ 4565477.210081360302866, 4599966.376169640570879 ] ] ] } },
{ "type": "Feature", "properties": { "fid": 630, "OBJECTID": 555, "TIP": 2, "AD": "GAZİ İLK ÖĞRETİM", "SHAPE_Leng": 277.52257238300001, "DÜZENLENE": null }, "geometry": { "type": "MultiLineString", "coordinates": [ [ [ 4564533.444473730400205, 4600102.794747400097549 ], [ 4564514.873872969299555, 4600106.421429442241788 ], [ 4564497.158583049662411, 4600082.516348153352737 ], [ 4564472.787931691855192, 4600042.832557797431946 ], [ 4564442.059003214351833, 4599994.920441513881087 ], [ 4564419.921126776374876, 4599965.308909120038152 ], [ 4564415.92419502697885, 4599958.582009289413691 ], [ 4564408.866038181819022, 4599943.417628443799913 ], [ 4564399.971703463234007, 4599922.176443250849843 ], [ 4564388.97401412203908, 4599894.731933427974582 ], [ 4564357.016671062447131, 4599813.72321798466146 ] ] ] } },
{ "type": "Feature", "properties": { "fid": 631, "OBJECTID": 556, "TIP": 2, "AD": "GAZİ İLK ÖĞRETİM", "SHAPE_Leng": 126.32782121299999, "DÜZENLENE": null }, "geometry": { "type": "MultiLineString", "coordinates": [ [ [ 4564357.016671062447131, 4599813.72321798466146 ], [ 4564342.043239335529506, 4599768.232731508091092 ], [ 4564331.87903696950525, 4599729.360940679907799 ], [ 4564350.27846937533468, 4599720.01652411930263 ], [ 4564367.322781477123499, 4599712.765170661732554 ], [ 4564374.369795066304505, 4599703.031816127710044 ], [ 4564376.301107448525727, 4599681.516175024211407 ] ] ] } },
{ "type": "Feature", "properties": { "fid": 632, "OBJECTID": 557, "TIP": 1, "AD": "326", "SHAPE_Leng": 62.573700621699999, "DÜZENLENE": null }, "geometry": { "type": "MultiLineString", "coordinates": [ [ [ 4564998.698465315625072, 4599131.240668054670095 ], [ 4564998.673115399666131, 4599131.236757036298513 ], [ 4564995.047011630609632, 4599127.17772126570344 ], [ 4564992.861689491197467, 4599122.659750748425722 ], [ 4564990.899940618313849, 4599118.92443782556802 ], [ 4564982.960859075188637, 4599109.062300686724484 ], [ 4564977.682146376930177, 4599101.054318327456713 ], [ 4564975.688826253637671, 4599098.345111612230539 ], [ 4564972.80453968141228, 4599094.142715708352625 ], [ 4564971.138203921727836, 4599092.018981558270752 ], [ 4564965.838297157548368, 4599086.44260151963681 ], [ 4564958.916452801786363, 4599080.076995335519314 ], [ 4564954.351601119153202, 4599074.014575093984604 ], [ 4564949.432947132736444, 4599069.284736767411232 ] ] ] } },
{ "type": "Feature", "properties": { "fid": 633, "OBJECTID": 558, "TIP": 1, "AD": "1130", "SHAPE_Leng": 148.01884039199999, "DÜZENLENE": null }, "geometry": { "type": "MultiLineString", "coordinates": [ [ [ 4566978.14273751527071, 4598668.6804533097893 ], [ 4566984.261009398847818, 4598691.264922357164323 ], [ 4567004.717172156088054, 4598725.716384523548186 ], [ 4567024.639186796732247, 4598752.084205765277147 ], [ 4567034.540115746669471, 4598766.618769255466759 ], [ 4567044.765297352336347, 4598791.94008260872215 ], [ 4567054.860798642970622, 4598823.650797580368817 ], [ 4567059.444103614427149, 4598836.682891949079931 ] ] ] } },
{ "type": "Feature", "properties": { "fid": 634, "OBJECTID": 559, "TIP": 1, "AD": "1126", "SHAPE_Leng": 155.75541291600001, "DÜZENLENE": null }, "geometry": { "type": "MultiLineString", "coordinates": [ [ [ 4568255.117831172421575, 4598383.630788047797978 ], [ 4568254.120062345638871, 4598371.894086894579232 ], [ 4568252.789960250258446, 4598344.872120062820613 ], [ 4568250.849559269845486, 4598323.732809116132557 ], [ 4568248.877437828108668, 4598304.213126054033637 ], [ 4568246.985534707084298, 4598193.150453541427851 ], [ 4568246.053670023567975, 4598185.458341400139034 ] ] ] } },
{ "type": "Feature", "properties": { "fid": 635, "OBJECTID": 560, "TIP": 1, "AD": "1126", "SHAPE_Leng": 246.053682135, "DÜZENLENE": null }, "geometry": { "type": "MultiLineString", "coordinates": [ [ [ 4568246.053670023567975, 4598185.458341400139034 ], [ 4568245.591835250146687, 4598181.645787986926734 ], [ 4568247.328153680078685, 4598167.868482774123549 ], [ 4568250.336699943058193, 4598166.183131394907832 ], [ 4568278.632882609963417, 4598148.204276029020548 ], [ 4568318.033028454519808, 4598114.95518655795604 ], [ 4568354.357401373796165, 4598080.33494955021888 ], [ 4568401.984779073856771, 4598034.955046288669109 ], [ 4568422.501084802672267, 4598014.251569136045873 ], [ 4568474.247942060232162, 4597981.035345491953194 ] ] ] } },
{ "type": "Feature", "properties": { "fid": 636, "OBJECTID": 561, "TIP": 1, "AD": "1128", "SHAPE_Leng": 87.195030755600001, "DÜZENLENE": null }, "geometry": { "type": "MultiLineString", "coordinates": [ [ [ 4568246.053670023567975, 4598185.458341400139034 ], [ 4568236.664386625401676, 4598184.023874491453171 ], [ 4568214.183201052248478, 4598175.884967859834433 ], [ 4568169.709132762625813, 4598151.343230123631656 ], [ 4568143.185651405714452, 4598150.98734396789223 ] ] ] } },
{ "type": "Feature", "properties": { "fid": 637, "OBJECTID": 562, "TIP": 1, "AD": "336", "SHAPE_Leng": 52.865564762299996, "DÜZENLENE": null }, "geometry": { "type": "MultiLineString", "coordinates": [ [ [ 4564973.67004805803299, 4599034.451254715211689 ], [ 4564970.308420290239155, 4599025.880208496004343 ], [ 4564963.18365487549454, 4599007.032752332277596 ], [ 4564953.071443093940616, 4598980.319611295126379 ], [ 4564950.169189267791808, 4598971.347859084606171 ] ] ] } },
{ "type": "Feature", "properties": { "fid": 638, "OBJECTID": 563, "TIP": 1, "AD": "336", "SHAPE_Leng": 62.634160469299999, "DÜZENLENE": null }, "geometry": { "type": "MultiLineString", "coordinates": [ [ [ 4564950.169189267791808, 4598971.347859084606171 ], [ 4564950.242721986956894, 4598971.266451802104712 ], [ 4564945.982087858952582, 4598960.496921592392027 ], [ 4564942.256455009803176, 4598954.920926491729915 ], [ 4564940.799570777453482, 4598949.207648232579231 ], [ 4564940.499096250161529, 4598946.323731197044253 ], [ 4564941.189558412879705, 4598943.87022559158504 ], [ 4564948.265214293263853, 4598933.400333219207823 ], [ 4564960.775790624320507, 4598915.281877478584647 ], [ 4564965.379937048070133, 4598905.933581327088177 ], [ 4564966.719183874316514, 4598901.290757822804153 ], [ 4564966.635386415757239, 4598901.219910714775324 ] ] ] } },
{ "type": "Feature", "properties": { "fid": 639, "OBJECTID": 564, "TIP": 2, "AD": "DİYARBAKIR", "SHAPE_Leng": 6.8989892948499998, "DÜZENLENE": null }, "geometry": { "type": "MultiLineString", "coordinates": [ [ [ 4564530.409131409600377, 4600422.544863427057862 ], [ 4564528.738513665273786, 4600431.178086835891008 ] ] ] } },
{ "type": "Feature", "properties": { "fid": 640, "OBJECTID": 565, "TIP": 2, "AD": "ŞEHİT GÜVENLİK KORUCUSU ABDULKADİR BEKLER", "SHAPE_Leng": 54.991138541799998, "DÜZENLENE": null }, "geometry": { "type": "MultiLineString", "coordinates": [ [ [ 4561721.937630380503833, 4601524.113051969558001 ], [ 4561659.098221181891859, 4601554.668216277845204 ] ] ] } },
{ "type": "Feature", "properties": { "fid": 641, "OBJECTID": 566, "TIP": 1, "AD": "YENİYOL", "SHAPE_Leng": 208.60574992900001, "DÜZENLENE": null }, "geometry": { "type": "MultiLineString", "coordinates": [ [ [ 4569950.033534413203597, 4597026.03347250726074 ], [ 4569870.099413022398949, 4597056.47570444829762 ], [ 4569816.386944728903472, 4597077.90392111055553 ], [ 4569741.870255978778005, 4597110.360974377021194 ], [ 4569704.848475520499051, 4597126.1484703887254 ] ] ] } },
{ "type": "Feature", "properties": { "fid": 642, "OBJECTID": 567, "TIP": 1, "AD": "106", "SHAPE_Leng": 102.004667075, "DÜZENLENE": null }, "geometry": { "type": "MultiLineString", "coordinates": [ [ [ 4564296.273298047482967, 4599441.06549137365073 ], [ 4564294.75731489341706, 4599455.022064232267439 ], [ 4564296.770596050657332, 4599473.666690218262374 ], [ 4564295.882172657176852, 4599488.596143865957856 ], [ 4564289.070511597208679, 4599506.150270454585552 ], [ 4564280.344132537022233, 4599509.645410157740116 ], [ 4564271.464937277138233, 4599526.581518229097128 ], [ 4564270.429086711257696, 4599547.159051885828376 ], [ 4564270.166271545924246, 4599553.686615793034434 ], [ 4564270.30367423966527, 4599561.408064732328057 ] ] ] } },
{ "type": "Feature", "properties": { "fid": 643, "OBJECTID": 568, "TIP": 2, "AD": "DR.İSMAİL BEŞİKCİ", "SHAPE_Leng": 160.892506376, "DÜZENLENE": null }, "geometry": { "type": "MultiLineString", "coordinates": [ [ [ 4563446.535942330025136, 4599815.275185426697135 ], [ 4563375.658829624764621, 4599850.008925987407565 ], [ 4563371.93244825489819, 4599851.834988574497402 ], [ 4563319.925036544911563, 4599873.267513300292194 ], [ 4563302.133560107089579, 4599880.599296079017222 ], [ 4563260.622098250314593, 4599899.981788010336459 ] ] ] } },
{ "type": "Feature", "properties": { "fid": 644, "OBJECTID": 569, "TIP": 1, "AD": "651", "SHAPE_Leng": 89.956148801300003, "DÜZENLENE": null }, "geometry": { "type": "MultiLineString", "coordinates": [ [ [ 4563149.377749370411038, 4600113.26912609487772 ], [ 4563170.081331476569176, 4600104.082172462716699 ], [ 4563185.364696281962097, 4600096.105834144167602 ], [ 4563207.034246534109116, 4600083.043795563280582 ], [ 4563247.191147419624031, 4600054.739257224835455 ] ] ] } },
{ "type": "Feature", "properties": { "fid": 645, "OBJECTID": 570, "TIP": 2, "AD": "KULFAKAPI", "SHAPE_Leng": 35.394846589399997, "DÜZENLENE": null }, "geometry": { "type": "MultiLineString", "coordinates": [ [ [ 4565253.050730740651488, 4599649.831447114236653 ], [ 4565263.928561533801258, 4599663.363434012979269 ], [ 4565270.925737696699798, 4599676.254832714796066 ], [ 4565281.110349605791271, 4599684.352758156135678 ] ] ] } },
{ "type": "Feature", "properties": { "fid": 646, "OBJECTID": 571, "TIP": 1, "AD": "243", "SHAPE_Leng": 22.6682048499, "DÜZENLENE": null }, "geometry": { "type": "MultiLineString", "coordinates": [ [ [ 4565253.050730740651488, 4599649.831447114236653 ], [ 4565276.082981270737946, 4599632.511204156093299 ] ] ] } },
{ "type": "Feature", "properties": { "fid": 647, "OBJECTID": 572, "TIP": 2, "AD": "KULFAKAPI", "SHAPE_Leng": 31.800606096399999, "DÜZENLENE": null }, "geometry": { "type": "MultiLineString", "coordinates": [ [ [ 4565203.097685566172004, 4599568.867970420047641 ], [ 4565214.16710039973259, 4599594.999764950945973 ], [ 4565219.86681027431041, 4599605.703444923274219 ] ] ] } },
{ "type": "Feature", "properties": { "fid": 648, "OBJECTID": 573, "TIP": 2, "AD": "ATATÜRK", "SHAPE_Leng": 95.351418461899996, "DÜZENLENE": null }, "geometry": { "type": "MultiLineString", "coordinates": [ [ [ 4564440.613718638196588, 4599660.674483704380691 ], [ 4564442.973654523491859, 4599678.107953557744622 ], [ 4564445.251577554270625, 4599696.544863129965961 ], [ 4564449.983546460047364, 4599725.993343610316515 ], [ 4564453.340278441086411, 4599744.609402935020626 ], [ 4564455.84233392868191, 4599757.84645828884095 ], [ 4564462.166625876910985, 4599780.108828067779541 ] ] ] } },
{ "type": "Feature", "properties": { "fid": 649, "OBJECTID": 574, "TIP": 2, "AD": "ATATÜRK", "SHAPE_Leng": 37.317440594200001, "DÜZENLENE": null }, "geometry": { "type": "MultiLineString", "coordinates": [ [ [ 4564462.166625876910985, 4599780.108828067779541 ], [ 4564469.870455875061452, 4599804.028141843155026 ], [ 4564479.52073226030916, 4599824.256335441023111 ] ] ] } },
{ "type": "Feature", "properties": { "fid": 650, "OBJECTID": 575, "TIP": 2, "AD": "ATATÜRK", "SHAPE_Leng": 34.091518861399997, "DÜZENLENE": null }, "geometry": { "type": "MultiLineString", "coordinates": [ [ [ 4564479.52073226030916, 4599824.256335441023111 ], [ 4564479.032187419012189, 4599833.245911467820406 ], [ 4564483.807034717872739, 4599849.065124495886266 ], [ 4564489.647379078902304, 4599866.002503453753889 ] ] ] } },
{ "type": "Feature", "properties": { "fid": 651, "OBJECTID": 576, "TIP": 2, "AD": "ATATÜRK", "SHAPE_Leng": 44.978649514399997, "DÜZENLENE": null }, "geometry": { "type": "MultiLineString", "coordinates": [ [ [ 4564489.647379078902304, 4599866.002503453753889 ], [ 4564493.087419765070081, 4599874.434613285586238 ], [ 4564499.288654822856188, 4599890.965117868036032 ], [ 4564505.929520281031728, 4599906.069180293940008 ], [ 4564511.780850669369102, 4599918.828932540491223 ] ] ] } },
{ "type": "Feature", "properties": { "fid": 652, "OBJECTID": 577, "TIP": 2, "AD": "ATATÜRK", "SHAPE_Leng": 60.665442554999998, "DÜZENLENE": null }, "geometry": { "type": "MultiLineString", "coordinates": [ [ [ 4564558.160420387983322, 4600002.424237574450672 ], [ 4564570.207143045030534, 4600023.624051873572171 ], [ 4564577.44095407333225, 4600038.17553897574544 ], [ 4564586.360644516535103, 4600056.131506974808872 ], [ 4564590.45829448569566, 4600072.207451080903411 ] ] ] } },
{ "type": "Feature", "properties": { "fid": 653, "OBJECTID": 578, "TIP": 2, "AD": "GAZİ", "SHAPE_Leng": 14.448241964, "DÜZENLENE": null }, "geometry": { "type": "MultiLineString", "coordinates": [ [ [ 4564443.999264227226377, 4599533.197974175214767 ], [ 4564461.707701535895467, 4599528.405379023402929 ] ] ] } },
{ "type": "Feature", "properties": { "fid": 654, "OBJECTID": 579, "TIP": 1, "AD": "309", "SHAPE_Leng": 109.75461196099999, "DÜZENLENE": null }, "geometry": { "type": "MultiLineString", "coordinates": [ [ [ 4565057.605917162261903, 4599244.253388011828065 ], [ 4565072.514397511258721, 4599231.691928391344845 ], [ 4565084.049955924972892, 4599222.445599583908916 ], [ 4565099.100792277604342, 4599214.202279423363507 ], [ 4565121.941715058870614, 4599201.651683820411563 ], [ 4565139.427692726254463, 4599190.027017125859857 ], [ 4565164.952612621709704, 4599177.327948740683496 ], [ 4565176.026518110185862, 4599171.599822492338717 ] ] ] } },
{ "type": "Feature", "properties": { "fid": 655, "OBJECTID": 580, "TIP": 2, "AD": "GAZİ", "SHAPE_Leng": 66.800859907100005, "DÜZENLENE": null }, "geometry": { "type": "MultiLineString", "coordinates": [ [ [ 4565188.330982110463083, 4599461.135285665281117 ], [ 4565218.450426150113344, 4599467.759127853438258 ], [ 4565237.633222606964409, 4599469.365571463480592 ], [ 4565271.863845175132155, 4599469.711996957659721 ], [ 4565272.343757510185242, 4599469.716848048381507 ] ] ] } },
{ "type": "Feature", "properties": { "fid": 656, "OBJECTID": 581, "TIP": 2, "AD": "GAZİ", "SHAPE_Leng": 38.514857239000001, "DÜZENLENE": null }, "geometry": { "type": "MultiLineString", "coordinates": [ [ [ 4565139.452076974324882, 4599461.934767635539174 ], [ 4565153.881219631060958, 4599461.40558597818017 ], [ 4565154.889926270581782, 4599461.397661012597382 ], [ 4565188.330982110463083, 4599461.135285665281117 ] ] ] } },
{ "type": "Feature", "properties": { "fid": 657, "OBJECTID": 582, "TIP": 2, "AD": "SURALTI", "SHAPE_Leng": 134.06732766, "DÜZENLENE": null }, "geometry": { "type": "MultiLineString", "coordinates": [ [ [ 4565133.19727430306375, 4599351.045604174025357 ], [ 4565158.128751854412258, 4599333.438358183018863 ], [ 4565183.095157067291439, 4599316.635703587904572 ], [ 4565194.522170722484589, 4599307.548992971889675 ], [ 4565210.009273191913962, 4599296.687292679212987 ], [ 4565242.200628263875842, 4599275.3421550411731 ], [ 4565244.448961473070085, 4599273.674042705446482 ], [ 4565249.537903393618762, 4599263.362241788767278 ], [ 4565261.050321967341006, 4599257.701691270805895 ], [ 4565265.684330359101295, 4599255.922994338907301 ], [ 4565268.417521674185991, 4599251.055330542847514 ] ] ] } },
{ "type": "Feature", "properties": { "fid": 658, "OBJECTID": 583, "TIP": 1, "AD": "349", "SHAPE_Leng": 47.727855746899998, "DÜZENLENE": null }, "geometry": { "type": "MultiLineString", "coordinates": [ [ [ 4565222.20410090778023, 4598917.095974267460406 ], [ 4565216.383290092460811, 4598916.345534674823284 ], [ 4565201.120983178727329, 4598914.766248114407063 ], [ 4565187.993639757856727, 4598913.534038870595396 ], [ 4565177.562101562507451, 4598912.692933667451143 ], [ 4565166.757183833047748, 4598911.640405838377774 ], [ 4565161.893543993122876, 4598911.702505770139396 ] ] ] } },
{ "type": "Feature", "properties": { "fid": 659, "OBJECTID": 584, "TIP": 1, "AD": "353", "SHAPE_Leng": 110.096998951, "DÜZENLENE": null }, "geometry": { "type": "MultiLineString", "coordinates": [ [ [ 4565232.508420328609645, 4598809.335734327323735 ], [ 4565210.235183878801763, 4598810.824975945986807 ], [ 4565190.808104223571718, 4598811.337761479429901 ], [ 4565173.060887644067407, 4598810.824394619092345 ], [ 4565160.958219619467854, 4598810.3680674219504 ], [ 4565160.218371552415192, 4598813.442477370612323 ], [ 4565159.778082805685699, 4598817.949584129266441 ], [ 4565143.303765702992678, 4598818.30802586209029 ], [ 4565124.665474786423147, 4598817.515002279542387 ], [ 4565105.253675045445561, 4598817.701179345138371 ], [ 4565099.781116819940507, 4598819.961259725503623 ] ] ] } },
{ "type": "Feature", "properties": { "fid": 660, "OBJECTID": 585, "TIP": 1, "AD": "905", "SHAPE_Leng": 103.069703233, "DÜZENLENE": null }, "geometry": { "type": "MultiLineString", "coordinates": [ [ [ 4565272.616848584264517, 4599826.363650665618479 ], [ 4565291.836146274581552, 4599818.616323055699468 ], [ 4565294.782532284967601, 4599817.747128766961396 ], [ 4565296.840141239576042, 4599817.907854801043868 ], [ 4565301.083853176794946, 4599820.046065434813499 ], [ 4565304.668305691331625, 4599821.842012098990381 ], [ 4565309.927625438198447, 4599823.414059655740857 ], [ 4565313.879131588153541, 4599824.92087203450501 ], [ 4565317.830638842657208, 4599826.42768307030201 ], [ 4565321.69089022371918, 4599828.030192973092198 ], [ 4565324.320425721816719, 4599828.81621583737433 ], [ 4565326.840624307282269, 4599828.854916338808835 ], [ 4565336.616854075342417, 4599825.701843132264912 ], [ 4565370.032543946057558, 4599813.531379147432745 ], [ 4565394.227226893417537, 4599801.399776385165751 ] ] ] } },
{ "type": "Feature", "properties": { "fid": 661, "OBJECTID": 586, "TIP": 1, "AD": "924", "SHAPE_Leng": 57.103807764700001, "DÜZENLENE": null }, "geometry": { "type": "MultiLineString", "coordinates": [ [ [ 4565394.227226893417537, 4599801.399776385165751 ], [ 4565404.775901752524078, 4599823.164789269678295 ], [ 4565422.815904988907278, 4599868.246022967621684 ] ] ] } },
{ "type": "Feature", "properties": { "fid": 662, "OBJECTID": 588, "TIP": 1, "AD": "111", "SHAPE_Leng": 37.358553277600002, "DÜZENLENE": null }, "geometry": { "type": "MultiLineString", "coordinates": [ [ [ 4564480.297236945480108, 4599566.702727137133479 ], [ 4564477.675314384512603, 4599566.624589117243886 ], [ 4564453.992698663845658, 4599565.945351985283196 ], [ 4564437.621606487780809, 4599567.694904075935483 ], [ 4564432.99722175206989, 4599567.272214426659048 ] ] ] } },
{ "type": "Feature", "properties": { "fid": 663, "OBJECTID": 589, "TIP": 1, "AD": "105", "SHAPE_Leng": 55.250658596800001, "DÜZENLENE": null }, "geometry": { "type": "MultiLineString", "coordinates": [ [ [ 4564440.613718638196588, 4599660.674483704380691 ], [ 4564431.585307247936726, 4599669.522247485816479 ], [ 4564413.768698245286942, 4599678.494575030170381 ], [ 4564376.301107448525727, 4599681.516175024211407 ] ] ] } },
{ "type": "Feature", "properties": { "fid": 664, "OBJECTID": 590, "TIP": 1, "AD": "107", "SHAPE_Leng": 87.478098770800003, "DÜZENLENE": null }, "geometry": { "type": "MultiLineString", "coordinates": [ [ [ 4564462.166625876910985, 4599780.108828067779541 ], [ 4564455.102290534414351, 4599779.557002438232303 ], [ 4564434.780707063153386, 4599784.383312207646668 ], [ 4564399.312560092657804, 4599797.22953927796334 ], [ 4564357.016671062447131, 4599813.72321798466146 ] ] ] } },
{ "type": "Feature", "properties": { "fid": 665, "OBJECTID": 591, "TIP": 1, "AD": "514", "SHAPE_Leng": 36.059261896499997, "DÜZENLENE": null }, "geometry": { "type": "MultiLineString", "coordinates": [ [ [ 4564565.527152297087014, 4599509.429083708673716 ], [ 4564566.161049638874829, 4599492.608340420760214 ], [ 4564566.594208478927612, 4599487.638816595077515 ], [ 4564566.917681321501732, 4599480.817623329348862 ], [ 4564565.495537762530148, 4599463.56330995913595 ] ] ] } },
{ "type": "Feature", "properties": { "fid": 666, "OBJECTID": 592, "TIP": 1, "AD": "503", "SHAPE_Leng": 25.337261444900001, "DÜZENLENE": null }, "geometry": { "type": "MultiLineString", "coordinates": [ [ [ 4564527.385520661249757, 4599461.066379229538143 ], [ 4564504.012544852681458, 4599466.074648240581155 ], [ 4564495.770428093150258, 4599465.481737781316042 ] ] ] } },
{ "type": "Feature", "properties": { "fid": 667, "OBJECTID": 593, "TIP": 1, "AD": "1109", "SHAPE_Leng": 196.6625279, "DÜZENLENE": null }, "geometry": { "type": "MultiLineString", "coordinates": [ [ [ 4567433.373987956903875, 4598441.631686823442578 ], [ 4567455.814527539536357, 4598426.916822186671197 ], [ 4567527.101785600185394, 4598387.302286233752966 ], [ 4567548.759530107490718, 4598376.167514379136264 ], [ 4567612.878572983667254, 4598352.900418609380722 ], [ 4567634.908692953176796, 4598352.685708517208695 ], [ 4567661.697958498261869, 4598353.160845094360411 ] ] ] } },
{ "type": "Feature", "properties": { "fid": 668, "OBJECTID": 594, "TIP": 1, "AD": "503", "SHAPE_Leng": 15.2605381011, "DÜZENLENE": null }, "geometry": { "type": "MultiLineString", "coordinates": [ [ [ 4564565.495537762530148, 4599463.56330995913595 ], [ 4564548.070298246107996, 4599460.894185429438949 ], [ 4564546.448862595483661, 4599460.247905375435948 ] ] ] } },
{ "type": "Feature", "properties": { "fid": 669, "OBJECTID": 595, "TIP": 1, "AD": "1109", "SHAPE_Leng": 31.752210529100001, "DÜZENLENE": null }, "geometry": { "type": "MultiLineString", "coordinates": [ [ [ 4567398.273720381781459, 4598461.394394782371819 ], [ 4567420.048666498623788, 4598450.369421106763184 ], [ 4567433.373987956903875, 4598441.631686823442578 ] ] ] } },
{ "type": "Feature", "properties": { "fid": 670, "OBJECTID": 596, "TIP": 1, "AD": "1116", "SHAPE_Leng": 100.59709405700001, "DÜZENLENE": null }, "geometry": { "type": "MultiLineString", "coordinates": [ [ [ 4567433.373987956903875, 4598441.631686823442578 ], [ 4567427.880110644735396, 4598427.485797422006726 ], [ 4567420.469656410627067, 4598408.040387398563325 ], [ 4567406.635935527272522, 4598385.677859392948449 ], [ 4567373.77417370211333, 4598328.654745829291642 ] ] ] } },
{ "type": "Feature", "properties": { "fid": 671, "OBJECTID": 597, "TIP": 1, "AD": "1114", "SHAPE_Leng": 72.255677683900004, "DÜZENLENE": null }, "geometry": { "type": "MultiLineString", "coordinates": [ [ [ 4567398.273720381781459, 4598461.394394782371819 ], [ 4567391.794609998352826, 4598448.606771464459598 ], [ 4567380.999050898477435, 4598425.907605819404125 ], [ 4567369.05000237096101, 4598407.821034433320165 ], [ 4567360.620773482136428, 4598395.053994499146938 ], [ 4567354.842110653407872, 4598380.609701385721564 ] ] ] } },
{ "type": "Feature", "properties": { "fid": 672, "OBJECTID": 598, "TIP": 1, "AD": "503", "SHAPE_Leng": 26.607377091699998, "DÜZENLENE": null }, "geometry": { "type": "MultiLineString", "coordinates": [ [ [ 4564597.981322593986988, 4599458.60495746973902 ], [ 4564597.955910337157547, 4599458.586384653113782 ], [ 4564592.264949061907828, 4599461.137818800285459 ], [ 4564587.025099918246269, 4599462.409342556260526 ], [ 4564584.234084126539528, 4599463.882578031159937 ], [ 4564569.136163950897753, 4599464.795213253237307 ], [ 4564565.495537762530148, 4599463.56330995913595 ] ] ] } },
{ "type": "Feature", "properties": { "fid": 673, "OBJECTID": 599, "TIP": 2, "AD": "ATATÜRK", "SHAPE_Leng": 73.707026256600003, "DÜZENLENE": null }, "geometry": { "type": "MultiLineString", "coordinates": [ [ [ 4564432.99722175206989, 4599567.272214426659048 ], [ 4564433.249315624125302, 4599591.487591302022338 ], [ 4564434.51050207670778, 4599625.126705259084702 ], [ 4564437.143334796652198, 4599641.329321361146867 ], [ 4564440.613718638196588, 4599660.674483704380691 ] ] ] } },
{ "type": "Feature", "properties": { "fid": 674, "OBJECTID": 600, "TIP": 1, "AD": "564", "SHAPE_Leng": 175.15109135099999, "DÜZENLENE": null }, "geometry": { "type": "MultiLineString", "coordinates": [ [ [ 4560721.535252864472568, 4600940.763974319212139 ], [ 4560731.014520090073347, 4600917.35878961160779 ], [ 4560747.121756255626678, 4600891.014193541370332 ], [ 4560771.986272865906358, 4600863.583041766658425 ], [ 4560788.180995185859501, 4600841.375233530066907 ], [ 4560801.578600806184113, 4600814.008914208970964 ], [ 4560826.548772103153169, 4600746.517981680110097 ] ] ] } },
{ "type": "Feature", "properties": { "fid": 675, "OBJECTID": 601, "TIP": 2, "AD": "ESKİBİTLİS", "SHAPE_Leng": 10.9606046599, "DÜZENLENE": null }, "geometry": { "type": "MultiLineString", "coordinates": [ [ [ 4564801.762693099677563, 4599090.575195740908384 ], [ 4564795.749954166822135, 4599095.876239264383912 ], [ 4564791.057627678848803, 4599099.486361631192267 ] ] ] } },
{ "type": "Feature", "properties": { "fid": 676, "OBJECTID": 602, "TIP": 1, "AD": "323", "SHAPE_Leng": 56.291869514699997, "DÜZENLENE": null }, "geometry": { "type": "MultiLineString", "coordinates": [ [ [ 4564801.762693099677563, 4599090.575195740908384 ], [ 4564796.325184362009168, 4599080.5699861953035 ], [ 4564791.17856552451849, 4599072.45107289403677 ], [ 4564785.150712922215462, 4599060.84325763490051 ], [ 4564774.636055120266974, 4599042.623061154969037 ], [ 4564767.275229755789042, 4599032.646017372608185 ], [ 4564764.39104045368731, 4599029.657553410157561 ] ] ] } },
{ "type": "Feature", "properties": { "fid": 677, "OBJECTID": 603, "TIP": 2, "AD": "AZİZOĞLU", "SHAPE_Leng": 88.634715532900003, "DÜZENLENE": null }, "geometry": { "type": "MultiLineString", "coordinates": [ [ [ 4564889.230352783575654, 4599485.093208623118699 ], [ 4564889.243960227817297, 4599481.147538657300174 ], [ 4564889.296286200173199, 4599466.027134305797517 ], [ 4564889.474680047482252, 4599432.739680265076458 ], [ 4564887.479424197226763, 4599381.733499396592379 ], [ 4564886.602053883485496, 4599372.194774528965354 ] ] ] } },
{ "type": "Feature", "properties": { "fid": 678, "OBJECTID": 604, "TIP": 2, "AD": "EVLİBEDEN", "SHAPE_Leng": 50.969744255800002, "DÜZENLENE": null }, "geometry": { "type": "MultiLineString", "coordinates": [ [ [ 4564533.444473730400205, 4600102.794747400097549 ], [ 4564574.326703106053174, 4600082.340838306583464 ], [ 4564590.45829448569566, 4600072.207451080903411 ] ] ] } },
{ "type": "Feature", "properties": { "fid": 679, "OBJECTID": 605, "TIP": 2, "AD": "DİYARBAKIR", "SHAPE_Leng": 85.696873960700003, "DÜZENLENE": null }, "geometry": { "type": "MultiLineString", "coordinates": [ [ [ 4565193.089968314394355, 4599832.975715570151806 ], [ 4565180.22016208153218, 4599843.611931294202805 ], [ 4565172.29777648113668, 4599854.465853914618492 ], [ 4565156.916302182711661, 4599876.480855943635106 ], [ 4565136.458923485130072, 4599912.369988853111863 ], [ 4565130.766250823624432, 4599921.531554753892124 ] ] ] } },
{ "type": "Feature", "properties": { "fid": 680, "OBJECTID": 606, "TIP": 2, "AD": "KARABEHLÜLBEY", "SHAPE_Leng": 71.860251822699993, "DÜZENLENE": null }, "geometry": { "type": "MultiLineString", "coordinates": [ [ [ 4564681.164902305230498, 4600289.520320602692664 ], [ 4564688.626819084398448, 4600380.818625129759312 ] ] ] } },
{ "type": "Feature", "properties": { "fid": 681, "OBJECTID": 607, "TIP": 1, "AD": "723", "SHAPE_Leng": 73.137873810399995, "DÜZENLENE": null }, "geometry": { "type": "MultiLineString", "coordinates": [ [ [ 4563196.305295473895967, 4600868.420412165112793 ], [ 4563235.360103317536414, 4600859.199872251600027 ], [ 4563274.954665299504995, 4600851.872720428742468 ], [ 4563285.945325717329979, 4600845.954672096297145 ] ] ] } },
{ "type": "Feature", "properties": { "fid": 682, "OBJECTID": 609, "TIP": 1, "AD": "708", "SHAPE_Leng": 83.806922096400001, "DÜZENLENE": null }, "geometry": { "type": "MultiLineString", "coordinates": [ [ [ 4564014.03585094306618, 4600623.053677450865507 ], [ 4564036.753444865345955, 4600659.105017413385212 ], [ 4564052.316148957237601, 4600690.610172625631094 ], [ 4564059.528226138092577, 4600718.699027735739946 ] ] ] } },
{ "type": "Feature", "properties": { "fid": 683, "OBJECTID": 610, "TIP": 1, "AD": "708", "SHAPE_Leng": 45.2642103887, "DÜZENLENE": null }, "geometry": { "type": "MultiLineString", "coordinates": [ [ [ 4563985.256448946893215, 4600576.302065797150135 ], [ 4563992.469602296128869, 4600599.006652129814029 ], [ 4563997.262666583992541, 4600609.428842620924115 ], [ 4564003.159592260606587, 4600617.846522121690214 ], [ 4564014.03585094306618, 4600623.053677450865507 ] ] ] } },
{ "type": "Feature", "properties": { "fid": 684, "OBJECTID": 611, "TIP": 1, "AD": "714", "SHAPE_Leng": 104.810149059, "DÜZENLENE": null }, "geometry": { "type": "MultiLineString", "coordinates": [ [ [ 4563822.494273432530463, 4600762.770901501178741 ], [ 4563835.732542427256703, 4600794.807460488751531 ], [ 4563841.303525875322521, 4600809.346412624232471 ], [ 4563858.098727477714419, 4600853.921766077168286 ], [ 4563863.486344165168703, 4600868.102617321535945 ], [ 4563868.475940646603703, 4600880.286309145390987 ], [ 4563871.0263965530321, 4600887.166710794903338 ] ] ] } },
{ "type": "Feature", "properties": { "fid": 685, "OBJECTID": 612, "TIP": 1, "AD": "740", "SHAPE_Leng": 320.29792301499998, "DÜZENLENE": null }, "geometry": { "type": "MultiLineString", "coordinates": [ [ [ 4561404.2855418715626, 4601248.851697136647999 ], [ 4561412.641922662034631, 4601273.190101006068289 ], [ 4561456.285651706159115, 4601355.930017299950123 ], [ 4561481.02587747015059, 4601402.861060720868409 ], [ 4561537.246542572975159, 4601466.408734791912138 ], [ 4561590.464989717118442, 4601504.182461271993816 ], [ 4561659.098221181891859, 4601554.668216277845204 ] ] ] } },
{ "type": "Feature", "properties": { "fid": 686, "OBJECTID": 613, "TIP": 2, "AD": "799", "SHAPE_Leng": 814.46086644800005, "DÜZENLENE": null }, "geometry": { "type": "MultiLineString", "coordinates": [ [ [ 4561436.367457190528512, 4601635.621901186183095 ], [ 4561390.37230802513659, 4601650.390766958706081 ], [ 4561285.192542986944318, 4601691.105502055026591 ], [ 4561182.712846443988383, 4601726.093268177472055 ], [ 4561099.432089563459158, 4601753.786541602574289 ], [ 4561039.543727564625442, 4601781.78932673484087 ], [ 4560959.691971688531339, 4601819.125796588137746 ], [ 4560881.074560666456819, 4601857.650243496522307 ], [ 4560843.000339121557772, 4601887.615624696947634 ], [ 4560754.605236298404634, 4601959.549776142463088 ], [ 4560725.146716987714171, 4601981.003861946053803 ] ] ] } },
{ "type": "Feature", "properties": { "fid": 687, "OBJECTID": 614, "TIP": 1, "AD": "739", "SHAPE_Leng": 791.19537037400005, "DÜZENLENE": null }, "geometry": { "type": "MultiLineString", "coordinates": [ [ [ 4559909.654981209896505, 4600592.604982012882829 ], [ 4559903.385882488451898, 4600642.934717719443142 ], [ 4559903.28473542816937, 4600729.952745854854584 ], [ 4559907.216782307252288, 4600780.463665665127337 ], [ 4559909.047714838758111, 4600795.938505572266877 ], [ 4559911.159026207402349, 4600809.388744614087045 ], [ 4559916.15070884861052, 4600826.880400556139648 ], [ 4559924.758819052018225, 4600852.716228403151035 ], [ 4559942.011672258377075, 4600889.542427003383636 ], [ 4559947.590184436179698, 4600905.537329515442252 ], [ 4559954.350905778817832, 4600931.709451580420136 ], [ 4559964.353371033445001, 4600974.55967868026346 ], [ 4559970.987629853188992, 4601009.413116544485092 ], [ 4559975.618351300247014, 4601037.817159864120185 ], [ 4559977.049490923993289, 4601047.236319902352989 ], [ 4559978.296439179219306, 4601076.870130972936749 ], [ 4559991.125327486544847, 4601139.879329076036811 ], [ 4559999.446963749825954, 4601173.588779120706022 ], [ 4560012.841082459315658, 4601219.86412316095084 ], [ 4560024.507944735698402, 4601253.058395651169121 ], [ 4560036.196328121237457, 4601282.061385217122734 ], [ 4560042.830393364652991, 4601307.407694131135941 ], [ 4560049.296554919332266, 4601334.882620073854923 ], [ 4560057.188987319357693, 4601366.090140411630273 ], [ 4560070.099730101414025, 4601399.787319447845221 ], [ 4560080.828434630297124, 4601438.184631277807057 ], [ 4560089.427714226767421, 4601471.201972958631814 ], [ 4560091.488228023052216, 4601480.956250581890345 ], [ 4560091.412772729061544, 4601497.887373394332826 ], [ 4560089.949859640561044, 4601557.106986810453236 ], [ 4560091.073497300036252, 4601573.942841121926904 ] ] ] } },
{ "type": "Feature", "properties": { "fid": 688, "OBJECTID": 615, "TIP": 1, "AD": "606", "SHAPE_Leng": 63.343794597799999, "DÜZENLENE": null }, "geometry": { "type": "MultiLineString", "coordinates": [ [ [ 4564132.752199710346758, 4600526.475332445465028 ], [ 4564123.175825523212552, 4600501.152291906066239 ], [ 4564114.952541399747133, 4600482.287376397289336 ], [ 4564106.990126557648182, 4600465.214578846469522 ], [ 4564100.545478296466172, 4600452.555523090995848 ] ] ] } },
{ "type": "Feature", "properties": { "fid": 689, "OBJECTID": 616, "TIP": 1, "AD": "537", "SHAPE_Leng": 236.22069552799999, "DÜZENLENE": null }, "geometry": { "type": "MultiLineString", "coordinates": [ [ [ 4563533.341708880849183, 4598956.763711838982999 ], [ 4563542.200851859524846, 4599007.510005971416831 ], [ 4563556.918663492426276, 4599044.894847660325468 ], [ 4563572.796527351252735, 4599068.515097858384252 ], [ 4563582.236360300332308, 4599090.311995713040233 ], [ 4563587.409413714893162, 4599098.315590239129961 ], [ 4563606.990316451527178, 4599113.659684830345213 ], [ 4563614.984478873200715, 4599119.896096110343933 ], [ 4563618.986355619505048, 4599124.80195602402091 ], [ 4563625.461839382536709, 4599138.403902760706842 ], [ 4563629.171843234449625, 4599177.711413625627756 ], [ 4563632.461382634937763, 4599189.277110156603158 ], [ 4563641.460842830128968, 4599207.790059895254672 ], [ 4563649.949237886816263, 4599224.688666334375739 ] ] ] } },
{ "type": "Feature", "properties": { "fid": 690, "OBJECTID": 617, "TIP": 2, "AD": "TEKEL", "SHAPE_Leng": 362.80033655300002, "DÜZENLENE": null }, "geometry": { "type": "MultiLineString", "coordinates": [ [ [ 4565020.720388229005039, 4598566.897186133079231 ], [ 4565024.781082134693861, 4598562.028963194228709 ], [ 4565038.483988028019667, 4598543.246694495901465 ], [ 4565081.235078414902091, 4598500.761192810721695 ], [ 4565089.617861361242831, 4598490.729560879990458 ], [ 4565086.325835255905986, 4598437.777308588847518 ], [ 4565083.340429306961596, 4598386.572691786102951 ], [ 4565077.632663493975997, 4598315.054734854027629 ], [ 4565074.04133216291666, 4598248.213266439735889 ], [ 4565068.367255439050496, 4598159.561151214875281 ], [ 4565066.702596569433808, 4598132.209298212081194 ] ] ] } },
{ "type": "Feature", "properties": { "fid": 691, "OBJECTID": 618, "TIP": 1, "AD": "317", "SHAPE_Leng": 51.135624988700002, "DÜZENLENE": null }, "geometry": { "type": "MultiLineString", "coordinates": [ [ [ 4565400.054887847974896, 4599190.629147096537054 ], [ 4565394.290309227071702, 4599179.259471599012613 ], [ 4565385.526343118399382, 4599161.840602812357247 ], [ 4565382.017532291822135, 4599155.907170140184462 ], [ 4565375.144317395985126, 4599158.542846624739468 ], [ 4565358.002122646197677, 4599165.630582720041275 ] ] ] } },
{ "type": "Feature", "properties": { "fid": 692, "OBJECTID": 619, "TIP": 1, "AD": "301", "SHAPE_Leng": 69.025732584300002, "DÜZENLENE": null }, "geometry": { "type": "MultiLineString", "coordinates": [ [ [ 4565067.831521824002266, 4599327.117729759775102 ], [ 4565050.924595071002841, 4599298.068462441675365 ], [ 4565046.530271789990366, 4599288.081555643118918 ], [ 4565044.678002366796136, 4599286.934489528648555 ], [ 4565042.409992646425962, 4599286.444006525911391 ], [ 4565040.482940498739481, 4599286.809751530177891 ], [ 4565038.327075525186956, 4599286.532803350128233 ], [ 4565034.521918258629739, 4599282.499035152606666 ], [ 4565034.256113203242421, 4599282.195643204264343 ], [ 4565025.890489298850298, 4599268.128868795000017 ], [ 4565022.242382730357349, 4599263.45855422411114 ], [ 4565020.053947924636304, 4599261.6711291288957 ], [ 4565018.416662779636681, 4599260.519385954365134 ], [ 4565016.902812334708869, 4599259.9280976196751 ] ] ] } },
{ "type": "Feature", "properties": { "fid": 693, "OBJECTID": 620, "TIP": 1, "AD": "1127", "SHAPE_Leng": 30.128765953599999, "DÜZENLENE": null }, "geometry": { "type": "MultiLineString", "coordinates": [ [ [ 4568247.629737056791782, 4598663.136471671052277 ], [ 4568255.227893115952611, 4598658.81028057821095 ], [ 4568262.176879620179534, 4598657.796078247018158 ], [ 4568266.581746122799814, 4598658.341051964089274 ], [ 4568275.890992237254977, 4598653.300406671129167 ], [ 4568282.157735032960773, 4598651.892778592184186 ], [ 4568283.202247588895261, 4598651.801912367343903 ] ] ] } },
{ "type": "Feature", "properties": { "fid": 694, "OBJECTID": 645, "TIP": 2, "AD": "CENANLAR", "SHAPE_Leng": 10.6350893563, "DÜZENLENE": null }, "geometry": { "type": "MultiLineString", "coordinates": [ [ [ 4565054.74302935320884, 4600247.849990511313081 ], [ 4565051.641589560545981, 4600257.000834876671433 ], [ 4565050.506934553384781, 4600260.721144401468337 ] ] ] } },
{ "type": "Feature", "properties": { "fid": 695, "OBJECTID": 646, "TIP": 1, "AD": "802", "SHAPE_Leng": 50.209545200599997, "DÜZENLENE": null }, "geometry": { "type": "MultiLineString", "coordinates": [ [ [ 4565054.74302935320884, 4600247.849990511313081 ], [ 4565068.818297343328595, 4600253.697225173935294 ], [ 4565108.456245647743344, 4600270.837010748684406 ], [ 4565113.212680151686072, 4600273.297406835481524 ] ] ] } },
{ "type": "Feature", "properties": { "fid": 696, "OBJECTID": 647, "TIP": 1, "AD": "802", "SHAPE_Leng": 66.481552672000007, "DÜZENLENE": null }, "geometry": { "type": "MultiLineString", "coordinates": [ [ [ 4565113.212680151686072, 4600273.297406835481524 ], [ 4565152.917094544507563, 4600306.188619399443269 ], [ 4565177.909469579346478, 4600327.712484797462821 ] ] ] } },
{ "type": "Feature", "properties": { "fid": 697, "OBJECTID": 648, "TIP": 1, "AD": "807", "SHAPE_Leng": 95.604023131899993, "DÜZENLENE": null }, "geometry": { "type": "MultiLineString", "coordinates": [ [ [ 4565161.518955267034471, 4600168.57279587071389 ], [ 4565152.890819822438061, 4600180.444082110188901 ], [ 4565149.173635044135153, 4600185.440287863835692 ], [ 4565144.537480052560568, 4600191.893601222895086 ], [ 4565138.18714801594615, 4600202.759810012765229 ], [ 4565135.690468141809106, 4600208.269191552884877 ], [ 4565134.311873367987573, 4600212.887209738604724 ], [ 4565131.127378788776696, 4600220.186181486584246 ], [ 4565129.893372153863311, 4600225.273337953723967 ], [ 4565125.975349792279303, 4600230.531488374806941 ], [ 4565118.711731315590441, 4600231.251840526238084 ], [ 4565113.212680151686072, 4600273.297406835481524 ] ] ] } },
{ "type": "Feature", "properties": { "fid": 698, "OBJECTID": 649, "TIP": 2, "AD": "EĞİTİM", "SHAPE_Leng": 145.54819752899999, "DÜZENLENE": null }, "geometry": { "type": "MultiLineString", "coordinates": [ [ [ 4564727.674300658516586, 4600384.812487814575434 ], [ 4564728.767068398185074, 4600387.906816898845136 ], [ 4564742.913184606470168, 4600427.962586879730225 ], [ 4564759.712920534424484, 4600477.932638119906187 ], [ 4564766.831181649118662, 4600515.158324031159282 ], [ 4564775.130954290740192, 4600563.559154760092497 ] ] ] } },
{ "type": "Feature", "properties": { "fid": 699, "OBJECTID": 650, "TIP": 2, "AD": "EĞİTİM", "SHAPE_Leng": 127.41431094, "DÜZENLENE": null }, "geometry": { "type": "MultiLineString", "coordinates": [ [ [ 4564775.130954290740192, 4600563.559154760092497 ], [ 4564777.109052550978959, 4600580.519589303992689 ], [ 4564822.283269093371928, 4600637.565787559375167 ], [ 4564870.08652959112078, 4600691.856045545078814 ] ] ] } },
{ "type": "Feature", "properties": { "fid": 700, "OBJECTID": 651, "TIP": 1, "AD": "1134", "SHAPE_Leng": 46.899386879600002, "DÜZENLENE": null }, "geometry": { "type": "MultiLineString", "coordinates": [ [ [ 4567303.495390885509551, 4598913.039946316741407 ], [ 4567360.808633150532842, 4598896.882669678889215 ] ] ] } },
{ "type": "Feature", "properties": { "fid": 701, "OBJECTID": 652, "TIP": 2, "AD": "GAZİ", "SHAPE_Leng": 10.7139227731, "DÜZENLENE": null }, "geometry": { "type": "MultiLineString", "coordinates": [ [ [ 4565548.76952010858804, 4599389.271552271209657 ], [ 4565544.590484838932753, 4599376.275794722139835 ] ] ] } },
{ "type": "Feature", "properties": { "fid": 702, "OBJECTID": 653, "TIP": 1, "AD": "824", "SHAPE_Leng": 43.888932940799997, "DÜZENLENE": null }, "geometry": { "type": "MultiLineString", "coordinates": [ [ [ 4564962.547126103192568, 4600768.804063296876848 ], [ 4564960.725924209691584, 4600757.380214012227952 ], [ 4564955.149143112823367, 4600748.055023832246661 ], [ 4564948.144433612003922, 4600734.824731443077326 ], [ 4564944.475477469153702, 4600725.68300111964345 ], [ 4564943.266390944831073, 4600717.104945996776223 ] ] ] } },
{ "type": "Feature", "properties": { "fid": 703, "OBJECTID": 654, "TIP": 2, "AD": "ATATÜRK", "SHAPE_Leng": 75.371128000900001, "DÜZENLENE": null }, "geometry": { "type": "MultiLineString", "coordinates": [ [ [ 4564511.780850669369102, 4599918.828932540491223 ], [ 4564515.738658302463591, 4599931.022494069300592 ], [ 4564532.15073074772954, 4599959.948339101858437 ], [ 4564544.33428374119103, 4599982.82624982483685 ], [ 4564558.160420387983322, 4600002.424237574450672 ] ] ] } },
{ "type": "Feature", "properties": { "fid": 704, "OBJECTID": 655, "TIP": 2, "AD": "SUAKAR", "SHAPE_Leng": 69.205899093599996, "DÜZENLENE": null }, "geometry": { "type": "MultiLineString", "coordinates": [ [ [ 4564894.705592782236636, 4598846.040897566825151 ], [ 4564893.378328361548483, 4598837.167985085397959 ], [ 4564891.97805155441165, 4598825.190031179226935 ], [ 4564891.411201524548233, 4598814.475744591094553 ], [ 4564890.408708365634084, 4598796.012781844474375 ], [ 4564889.471212229691446, 4598783.687612256035209 ], [ 4564887.470124124549329, 4598765.651177963241935 ], [ 4564888.458762531168759, 4598758.270602681674063 ] ] ] } },
{ "type": "Feature", "properties": { "fid": 705, "OBJECTID": 656, "TIP": 2, "AD": "EĞİTİM", "SHAPE_Leng": 48.442037278599997, "DÜZENLENE": null }, "geometry": { "type": "MultiLineString", "coordinates": [ [ [ 4564870.08652959112078, 4600691.856045545078814 ], [ 4564873.636551952920854, 4600700.6855339538306 ], [ 4564899.53357639349997, 4600743.183965376578271 ], [ 4564900.939209772273898, 4600745.13646990340203 ] ] ] } },
{ "type": "Feature", "properties": { "fid": 706, "OBJECTID": 657, "TIP": 1, "AD": "1156", "SHAPE_Leng": 193.451890413, "DÜZENLENE": null }, "geometry": { "type": "MultiLineString", "coordinates": [ [ [ 4568549.751560269854963, 4598336.185484097339213 ], [ 4568558.922212082892656, 4598344.577368278987706 ], [ 4568598.88250763528049, 4598374.7259441325441 ], [ 4568610.439091910608113, 4598386.051248019561172 ], [ 4568639.065515450201929, 4598399.697689428925514 ], [ 4568663.922480173408985, 4598409.941991709172726 ], [ 4568693.854987382888794, 4598421.872978289611638 ], [ 4568747.523032390512526, 4598443.960369434207678 ], [ 4568764.76633432507515, 4598449.088346951641142 ], [ 4568764.992636217735708, 4598449.195783908478916 ] ] ] } },
{ "type": "Feature", "properties": { "fid": 707, "OBJECTID": 658, "TIP": 1, "AD": "1152", "SHAPE_Leng": 16.5977908361, "DÜZENLENE": null }, "geometry": { "type": "MultiLineString", "coordinates": [ [ [ 4568261.382769658230245, 4598398.687351764179766 ], [ 4568264.342500024475157, 4598411.057226085104048 ], [ 4568266.400759943760931, 4598419.232291089370847 ] ] ] } },
{ "type": "Feature", "properties": { "fid": 708, "OBJECTID": 659, "TIP": 1, "AD": "1152", "SHAPE_Leng": 17.9788781074, "DÜZENLENE": null }, "geometry": { "type": "MultiLineString", "coordinates": [ [ [ 4568266.400759943760931, 4598419.232291089370847 ], [ 4568271.994108142331243, 4598441.447734254412353 ] ] ] } },
{ "type": "Feature", "properties": { "fid": 709, "OBJECTID": 660, "TIP": 1, "AD": "1129", "SHAPE_Leng": 75.053657260799994, "DÜZENLENE": null }, "geometry": { "type": "MultiLineString", "coordinates": [ [ [ 4568266.400759943760931, 4598419.232291089370847 ], [ 4568257.070982297882438, 4598431.815407501533628 ], [ 4568242.4989172546193, 4598459.727878366596997 ], [ 4568226.806612885557115, 4598491.712845391593874 ], [ 4568218.776928052306175, 4598501.652138251811266 ] ] ] } },
{ "type": "Feature", "properties": { "fid": 710, "OBJECTID": 661, "TIP": 1, "AD": "613", "SHAPE_Leng": 21.218657361999998, "DÜZENLENE": null }, "geometry": { "type": "MultiLineString", "coordinates": [ [ [ 4563947.602856113575399, 4599914.855704431422055 ], [ 4563922.688656652346253, 4599925.13606059551239 ] ] ] } },
{ "type": "Feature", "properties": { "fid": 711, "OBJECTID": 662, "TIP": 1, "AD": "1152", "SHAPE_Leng": 39.358610499100003, "DÜZENLENE": null }, "geometry": { "type": "MultiLineString", "coordinates": [ [ [ 4568271.994108142331243, 4598441.447734254412353 ], [ 4568279.149356106296182, 4598461.827680398710072 ], [ 4568287.354341622442007, 4598489.167287985794246 ] ] ] } },
{ "type": "Feature", "properties": { "fid": 712, "OBJECTID": 663, "TIP": 1, "AD": "1133", "SHAPE_Leng": 137.91616594499999, "DÜZENLENE": null }, "geometry": { "type": "MultiLineString", "coordinates": [ [ [ 4568306.718654251657426, 4598539.754539742134511 ], [ 4568320.679538665339351, 4598533.037741950713098 ], [ 4568346.172467648051679, 4598521.175526547245681 ], [ 4568362.741766533814371, 4598515.975294196978211 ], [ 4568384.665726230479777, 4598514.985443481244147 ], [ 4568398.253255058079958, 4598509.120103417895734 ], [ 4568410.957212609238923, 4598501.250320406630635 ], [ 4568426.407850924879313, 4598493.54490312654525 ], [ 4568465.780059145763516, 4598471.257042525336146 ] ] ] } },
{ "type": "Feature", "properties": { "fid": 713, "OBJECTID": 664, "TIP": 1, "AD": "102", "SHAPE_Leng": 37.667723188300002, "DÜZENLENE": null }, "geometry": { "type": "MultiLineString", "coordinates": [ [ [ 4564380.995734876953065, 4599633.755665906704962 ], [ 4564381.103902486152947, 4599635.012748179025948 ], [ 4564376.301107448525727, 4599681.516175024211407 ] ] ] } },
{ "type": "Feature", "properties": { "fid": 714, "OBJECTID": 665, "TIP": 1, "AD": "109", "SHAPE_Leng": 23.429925744599998, "DÜZENLENE": null }, "geometry": { "type": "MultiLineString", "coordinates": [ [ [ 4564304.294792801141739, 4599746.282595006749034 ], [ 4564279.30713037122041, 4599752.572195374406874 ], [ 4564275.416745504364371, 4599753.422285516746342 ] ] ] } },
{ "type": "Feature", "properties": { "fid": 715, "OBJECTID": 666, "TIP": 1, "AD": "919", "SHAPE_Leng": 98.600108354599996, "DÜZENLENE": null }, "geometry": { "type": "MultiLineString", "coordinates": [ [ [ 4565577.385704726912081, 4600090.756982306018472 ], [ 4565492.178505531512201, 4600112.826466123573482 ], [ 4565458.199303416535258, 4600127.96054015122354 ] ] ] } },
{ "type": "Feature", "properties": { "fid": 716, "OBJECTID": 667, "TIP": 2, "AD": "SELAHADDİN İ EYYUBİ", "SHAPE_Leng": 19.8405944521, "DÜZENLENE": null }, "geometry": { "type": "MultiLineString", "coordinates": [ [ [ 4564907.607368818484247, 4599706.273322043940425 ], [ 4564891.096077133901417, 4599700.829859228804708 ], [ 4564883.8305988535285, 4599697.960310330614448 ] ] ] } },
{ "type": "Feature", "properties": { "fid": 717, "OBJECTID": 668, "TIP": 2, "AD": "SELAHADDİN İ EYYUBİ", "SHAPE_Leng": 29.759829835600002, "DÜZENLENE": null }, "geometry": { "type": "MultiLineString", "coordinates": [ [ [ 4564883.8305988535285, 4599697.960310330614448 ], [ 4564848.675132996402681, 4599684.075098014436662 ] ] ] } },
{ "type": "Feature", "properties": { "fid": 718, "OBJECTID": 669, "TIP": 1, "AD": "224", "SHAPE_Leng": 67.588462442899996, "DÜZENLENE": null }, "geometry": { "type": "MultiLineString", "coordinates": [ [ [ 4564883.8305988535285, 4599697.960310330614448 ], [ 4564886.659236661158502, 4599684.483016117475927 ], [ 4564887.048918912187219, 4599675.571181662380695 ], [ 4564886.350361816585064, 4599668.097349256277084 ], [ 4564885.861582389101386, 4599649.591495133005083 ], [ 4564884.974291655234993, 4599644.783310195431113 ], [ 4564884.30708937626332, 4599641.149702828377485 ], [ 4564881.939784535206854, 4599638.034990401007235 ], [ 4564879.85894990619272, 4599613.184557558037341 ] ] ] } },
{ "type": "Feature", "properties": { "fid": 719, "OBJECTID": 670, "TIP": 2, "AD": "AZİZOĞLU", "SHAPE_Leng": 35.165160257799997, "DÜZENLENE": null }, "geometry": { "type": "MultiLineString", "coordinates": [ [ [ 4564971.917418302036822, 4599896.487881621345878 ], [ 4564959.00259702373296, 4599871.627106493338943 ], [ 4564951.271511550061405, 4599856.744852708652616 ] ] ] } },
{ "type": "Feature", "properties": { "fid": 720, "OBJECTID": 671, "TIP": 1, "AD": "816", "SHAPE_Leng": 102.441119312, "DÜZENLENE": null }, "geometry": { "type": "MultiLineString", "coordinates": [ [ [ 4565326.20356220472604, 4600475.371106668375432 ], [ 4565348.612792752683163, 4600523.598839184269309 ], [ 4565355.164614553563297, 4600540.729392841458321 ], [ 4565357.771367123350501, 4600561.859427551738918 ], [ 4565363.920492814853787, 4600572.791132437065244 ], [ 4565369.783944688737392, 4600576.711829316802323 ], [ 4565378.193109245039523, 4600592.72236670833081 ] ] ] } },
{ "type": "Feature", "properties": { "fid": 721, "OBJECTID": 672, "TIP": 2, "AD": "AZİZOĞLU", "SHAPE_Leng": 29.996481057, "DÜZENLENE": null }, "geometry": { "type": "MultiLineString", "coordinates": [ [ [ 4565046.140840393491089, 4600049.600544440560043 ], [ 4565040.375104983337224, 4600036.863565666601062 ], [ 4565034.944768342189491, 4600026.330332356505096 ], [ 4565029.43256898317486, 4600015.250752536579967 ] ] ] } },
{ "type": "Feature", "properties": { "fid": 722, "OBJECTID": 673, "TIP": 1, "AD": "830", "SHAPE_Leng": 55.939713937299999, "DÜZENLENE": null }, "geometry": { "type": "MultiLineString", "coordinates": [ [ [ 4564587.118224746547639, 4600420.701553068123758 ], [ 4564587.148097728379071, 4600420.99799785297364 ], [ 4564587.896988514810801, 4600428.440187267027795 ], [ 4564592.068416272290051, 4600442.238187992945313 ], [ 4564629.558247596025467, 4600473.77987533994019 ] ] ] } },
{ "type": "Feature", "properties": { "fid": 723, "OBJECTID": 674, "TIP": 1, "AD": "830", "SHAPE_Leng": 27.946341425, "DÜZENLENE": null }, "geometry": { "type": "MultiLineString", "coordinates": [ [ [ 4564667.272502718493342, 4600549.415931714698672 ], [ 4564681.833277912810445, 4600565.733328143134713 ], [ 4564689.469620177522302, 4600577.105575007386506 ] ] ] } },
{ "type": "Feature", "properties": { "fid": 724, "OBJECTID": 675, "TIP": 1, "AD": "830", "SHAPE_Leng": 34.732546189600001, "DÜZENLENE": null }, "geometry": { "type": "MultiLineString", "coordinates": [ [ [ 4564689.469620177522302, 4600577.105575007386506 ], [ 4564697.739660434424877, 4600591.905174246057868 ], [ 4564707.161030338145792, 4600617.520693778991699 ] ] ] } },
{ "type": "Feature", "properties": { "fid": 725, "OBJECTID": 676, "TIP": 1, "AD": "626", "SHAPE_Leng": 78.0809872584, "DÜZENLENE": null }, "geometry": { "type": "MultiLineString", "coordinates": [ [ [ 4563793.093424869701266, 4599876.10590239521116 ], [ 4563771.455965020693839, 4599885.144645475782454 ], [ 4563741.263695514760911, 4599898.427993943914771 ], [ 4563716.299934578128159, 4599907.387989244423807 ], [ 4563700.83120369259268, 4599912.25308308750391 ] ] ] } },
{ "type": "Feature", "properties": { "fid": 726, "OBJECTID": 677, "TIP": 1, "AD": "502/1", "SHAPE_Leng": 22.098966836399999, "DÜZENLENE": null }, "geometry": { "type": "MultiLineString", "coordinates": [ [ [ 4564833.103946084156632, 4599307.530096813105047 ], [ 4564815.998322567902505, 4599304.199709422886372 ], [ 4564806.811636501923203, 4599304.399300716817379 ], [ 4564805.402326391078532, 4599304.110545975156128 ] ] ] } },
{ "type": "Feature", "properties": { "fid": 727, "OBJECTID": 678, "TIP": 2, "AD": "DİYARBAKIR", "SHAPE_Leng": 28.618987953400001, "DÜZENLENE": null }, "geometry": { "type": "MultiLineString", "coordinates": [ [ [ 4565007.874248835258186, 4600122.387240673415363 ], [ 4565002.09844973962754, 4600131.932223181240261 ], [ 4564987.765470443293452, 4600152.755166282877326 ] ] ] } },
{ "type": "Feature", "properties": { "fid": 728, "OBJECTID": 679, "TIP": 2, "AD": "DİYARBAKIR", "SHAPE_Leng": 56.3800175087, "DÜZENLENE": null }, "geometry": { "type": "MultiLineString", "coordinates": [ [ [ 4564326.058728276751935, 4600474.693391075357795 ], [ 4564279.802989202551544, 4600485.952145005576313 ], [ 4564256.715906501747668, 4600492.458781412802637 ] ] ] } },
{ "type": "Feature", "properties": { "fid": 729, "OBJECTID": 680, "TIP": 2, "AD": "GAZİ", "SHAPE_Leng": 65.26972781000001, "DÜZENLENE": null }, "geometry": { "type": "MultiLineString", "coordinates": [ [ [ 4565919.249257606454194, 4599181.953643322922289 ], [ 4565984.151671399362385, 4599147.736707326956093 ], [ 4565992.598565379157662, 4599143.272955510765314 ] ] ] } },
{ "type": "Feature", "properties": { "fid": 730, "OBJECTID": 681, "TIP": 1, "AD": "764", "SHAPE_Leng": 250.75095867900001, "DÜZENLENE": null }, "geometry": { "type": "MultiLineString", "coordinates": [ [ [ 4562711.043713709339499, 4601929.092184877954423 ], [ 4562609.072768283076584, 4601626.237994872964919 ] ] ] } },
{ "type": "Feature", "properties": { "fid": 731, "OBJECTID": 682, "TIP": 2, "AD": "RAUF AZİZOĞLU", "SHAPE_Leng": 1024.6035116600001, "DÜZENLENE": null }, "geometry": { "type": "MultiLineString", "coordinates": [ [ [ 4560960.786009195260704, 4600491.136743196286261 ], [ 4560905.054378397762775, 4600433.942693093791604 ], [ 4560853.006553429178894, 4600377.026784917339683 ], [ 4560798.79629342071712, 4600322.513903841376305 ], [ 4560765.830106022767723, 4600286.301597756333649 ], [ 4560719.309518815949559, 4600240.865962044335902 ], [ 4560710.836382228881121, 4600231.395624170079827 ], [ 4560667.28320519067347, 4600184.19449030328542 ], [ 4560640.238760896027088, 4600155.083595340140164 ], [ 4560588.636939003132284, 4600097.933401074260473 ], [ 4560558.26876147184521, 4600059.89732255320996 ], [ 4560524.533781153149903, 4600010.9126519523561 ], [ 4560490.051734684035182, 4599958.345755160786211 ], [ 4560468.043377131223679, 4599923.730151288211346 ], [ 4560436.038574268110096, 4599871.785338003188372 ], [ 4560400.762239129282534, 4599813.388291658833623 ], [ 4560366.377820358611643, 4599744.177508164197206 ], [ 4560338.528448263183236, 4599676.851846646517515 ], [ 4560312.108120824210346, 4599613.544325972907245 ], [ 4560280.940584586001933, 4599537.519150751642883 ], [ 4560259.954386454075575, 4599488.80281213670969 ], [ 4560247.499694031663239, 4599452.689051301218569 ], [ 4560236.035855618305504, 4599425.631415555253625 ] ] ] } },
{ "type": "Feature", "properties": { "fid": 732, "OBJECTID": 683, "TIP": 2, "AD": "DİYARBAKIR", "SHAPE_Leng": 42.826470119100001, "DÜZENLENE": null }, "geometry": { "type": "MultiLineString", "coordinates": [ [ [ 4564038.066054309718311, 4600563.354386376217008 ], [ 4564026.814205291680992, 4600565.726177093572915 ], [ 4563985.256448946893215, 4600576.302065797150135 ] ] ] } },
{ "type": "Feature", "properties": { "fid": 733, "OBJECTID": 685, "TIP": 2, "AD": "DEVRİM", "SHAPE_Leng": 35.405886097500002, "DÜZENLENE": null }, "geometry": { "type": "MultiLineString", "coordinates": [ [ [ 4565222.000741600058973, 4599104.103231203742325 ], [ 4565217.891585742123425, 4599076.974254534579813 ], [ 4565214.530800159089267, 4599059.611319581978023 ] ] ] } },
{ "type": "Feature", "properties": { "fid": 734, "OBJECTID": 686, "TIP": 2, "AD": "DEVRİM", "SHAPE_Leng": 27.5166999996, "DÜZENLENE": null }, "geometry": { "type": "MultiLineString", "coordinates": [ [ [ 4565214.530800159089267, 4599059.611319581978023 ], [ 4565213.77395710721612, 4599024.546503505669534 ] ] ] } },
{ "type": "Feature", "properties": { "fid": 735, "OBJECTID": 687, "TIP": 2, "AD": "DEVRİM", "SHAPE_Leng": 41.913440978399997, "DÜZENLENE": null }, "geometry": { "type": "MultiLineString", "coordinates": [ [ [ 4565213.77395710721612, 4599024.546503505669534 ], [ 4565213.292804028838873, 4598971.125638286583126 ] ] ] } },
{ "type": "Feature", "properties": { "fid": 736, "OBJECTID": 688, "TIP": 2, "AD": "DEVRİM", "SHAPE_Leng": 16.009160655399999, "DÜZENLENE": null }, "geometry": { "type": "MultiLineString", "coordinates": [ [ [ 4565213.292804028838873, 4598971.125638286583126 ], [ 4565214.061996076256037, 4598950.734990124590695 ] ] ] } },
{ "type": "Feature", "properties": { "fid": 737, "OBJECTID": 689, "TIP": 2, "AD": "DEVRİM", "SHAPE_Leng": 27.1602556301, "DÜZENLENE": null }, "geometry": { "type": "MultiLineString", "coordinates": [ [ [ 4565214.061996076256037, 4598950.734990124590695 ], [ 4565222.20410090778023, 4598917.095974267460406 ] ] ] } },
{ "type": "Feature", "properties": { "fid": 738, "OBJECTID": 690, "TIP": 1, "AD": "623", "SHAPE_Leng": 31.063342904, "DÜZENLENE": null }, "geometry": { "type": "MultiLineString", "coordinates": [ [ [ 4563793.093424869701266, 4599876.10590239521116 ], [ 4563803.85497629083693, 4599892.290728217922151 ], [ 4563814.081112843938172, 4599909.611714189872146 ] ] ] } },
{ "type": "Feature", "properties": { "fid": 739, "OBJECTID": 691, "TIP": 1, "AD": "633", "SHAPE_Leng": 30.697804834199999, "DÜZENLENE": null }, "geometry": { "type": "MultiLineString", "coordinates": [ [ [ 4563838.849438460543752, 4599758.283532356843352 ], [ 4563808.59032841026783, 4599768.494714118540287 ], [ 4563801.920342092402279, 4599770.775502191856503 ] ] ] } },
{ "type": "Feature", "properties": { "fid": 740, "OBJECTID": 692, "TIP": 1, "AD": "633", "SHAPE_Leng": 17.423521970700001, "DÜZENLENE": null }, "geometry": { "type": "MultiLineString", "coordinates": [ [ [ 4563801.920342092402279, 4599770.775502191856503 ], [ 4563780.594302493147552, 4599776.66430123988539 ] ] ] } },
{ "type": "Feature", "properties": { "fid": 741, "OBJECTID": 693, "TIP": 1, "AD": "624", "SHAPE_Leng": 35.999435151900002, "DÜZENLENE": null }, "geometry": { "type": "MultiLineString", "coordinates": [ [ [ 4563785.849347245879471, 4599727.819327423349023 ], [ 4563791.219901180826128, 4599741.770330931991339 ], [ 4563801.920342092402279, 4599770.775502191856503 ] ] ] } },
{ "type": "Feature", "properties": { "fid": 742, "OBJECTID": 694, "TIP": 1, "AD": "630", "SHAPE_Leng": 106.015443549, "DÜZENLENE": null }, "geometry": { "type": "MultiLineString", "coordinates": [ [ [ 4563610.410304687917233, 4599718.088179793208838 ], [ 4563637.133221477270126, 4599752.186080921441317 ], [ 4563647.287645375356078, 4599760.962486735545099 ], [ 4563664.247035165317357, 4599773.752377696335316 ], [ 4563681.857494469732046, 4599781.397827435284853 ], [ 4563689.036504013463855, 4599785.39888228289783 ], [ 4563693.267777804285288, 4599788.086020457558334 ], [ 4563701.360326046124101, 4599794.496073042973876 ], [ 4563706.750462914817035, 4599800.208855353295803 ], [ 4563710.617805999703705, 4599805.091001121327281 ] ] ] } },
{ "type": "Feature", "properties": { "fid": 743, "OBJECTID": 695, "TIP": 1, "AD": "535", "SHAPE_Leng": 341.46011044300002, "DÜZENLENE": null }, "geometry": { "type": "MultiLineString", "coordinates": [ [ [ 4563649.949237886816263, 4599224.688666334375739 ], [ 4563660.67950651049614, 4599230.056388017721474 ], [ 4563683.485671102069318, 4599250.275273847393692 ], [ 4563701.614154603332281, 4599265.400530705228448 ], [ 4563722.653512588702142, 4599287.816576299257576 ], [ 4563732.085036133415997, 4599298.407086396589875 ], [ 4563755.486438027583063, 4599315.037487831898034 ], [ 4563774.714722133241594, 4599328.182392134331167 ], [ 4563788.9678586833179, 4599341.164967249147594 ], [ 4563809.896432881243527, 4599364.662761237472296 ], [ 4563829.971118685789406, 4599386.544289222918451 ], [ 4563846.619747810997069, 4599407.161361423321068 ], [ 4563862.431187965907156, 4599420.805454082787037 ], [ 4563874.8087072763592, 4599431.945357435382903 ], [ 4563899.581959269009531, 4599439.432029317133129 ], [ 4563937.44508551619947, 4599449.489624064415693 ], [ 4563950.52971070073545, 4599453.929155035875738 ], [ 4563967.597004281356931, 4599461.31840861029923 ], [ 4563995.333503591828048, 4599470.163334053009748 ] ] ] } },
{ "type": "Feature", "properties": { "fid": 744, "OBJECTID": 696, "TIP": 1, "AD": "619", "SHAPE_Leng": 66.161804516399997, "DÜZENLENE": null }, "geometry": { "type": "MultiLineString", "coordinates": [ [ [ 4563902.499264820478857, 4599900.695469099096954 ], [ 4563886.037105200812221, 4599907.437611864879727 ], [ 4563845.197050916962326, 4599933.015153955668211 ], [ 4563830.139621807262301, 4599943.059489028528333 ] ] ] } },
{ "type": "Feature", "properties": { "fid": 745, "OBJECTID": 697, "TIP": 2, "AD": "DİYARBAKIR", "SHAPE_Leng": 166.14045133400001, "DÜZENLENE": null }, "geometry": { "type": "MultiLineString", "coordinates": [ [ [ 4564530.409131409600377, 4600422.544863427057862 ], [ 4564509.338610201142728, 4600427.804711974225938 ], [ 4564468.711340857669711, 4600438.312483344227076 ], [ 4564441.911814703606069, 4600446.090976648032665 ], [ 4564407.568942282348871, 4600453.0435655945912 ], [ 4564378.339899060316384, 4600460.334859939292073 ], [ 4564326.058728276751935, 4600474.693391075357795 ] ] ] } },
{ "type": "Feature", "properties": { "fid": 746, "OBJECTID": 698, "TIP": 2, "AD": "DİYARBAKIR", "SHAPE_Leng": 352.49472903999998, "DÜZENLENE": null }, "geometry": { "type": "MultiLineString", "coordinates": [ [ [ 4565041.006318543106318, 4600088.435285521671176 ], [ 4565040.965835456736386, 4600088.506930634379387 ], [ 4565033.802090030163527, 4600104.40768289193511 ], [ 4565031.311260552145541, 4600108.34142140019685 ], [ 4565010.584832971915603, 4600145.331844907253981 ], [ 4564989.86669113766402, 4600181.164817905984819 ], [ 4564968.497282518073916, 4600213.718446973711252 ], [ 4564948.276287666521966, 4600243.459382250905037 ], [ 4564933.864530114457011, 4600260.640709337778389 ], [ 4564904.934377668425441, 4600290.057701334357262 ], [ 4564883.295133798383176, 4600309.645235046744347 ], [ 4564852.602970195002854, 4600332.668188075534999 ], [ 4564838.921735301613808, 4600342.186812630854547 ], [ 4564831.076117634773254, 4600347.080422851257026 ], [ 4564799.601401954889297, 4600362.383431027643383 ], [ 4564759.832415362820029, 4600375.230093023739755 ], [ 4564727.674300658516586, 4600384.812487814575434 ] ] ] } },
{ "type": "Feature", "properties": { "fid": 747, "OBJECTID": 699, "TIP": 2, "AD": "FIRAT SİMPİL", "SHAPE_Leng": 63.597876882199998, "DÜZENLENE": null }, "geometry": { "type": "MultiLineString", "coordinates": [ [ [ 4564488.404359925538301, 4600770.4493771456182 ], [ 4564489.849122489802539, 4600792.32680038549006 ], [ 4564500.102189536206424, 4600812.886805075220764 ], [ 4564509.460076227784157, 4600823.074991025961936 ], [ 4564521.741236413829029, 4600841.651037062518299 ] ] ] } },
{ "type": "Feature", "properties": { "fid": 748, "OBJECTID": 700, "TIP": 2, "AD": "DİYARBAKIR", "SHAPE_Leng": 96.897047197500001, "DÜZENLENE": null }, "geometry": { "type": "MultiLineString", "coordinates": [ [ [ 4564383.270633238367736, 4600476.629206759855151 ], [ 4564347.162121693603694, 4600483.748310946859419 ], [ 4564330.077349537983537, 4600487.116635585203767 ], [ 4564314.612452801316977, 4600491.837744040414691 ], [ 4564289.175388457253575, 4600498.640608111396432 ], [ 4564263.963362189941108, 4600506.208434857428074 ] ] ] } },
{ "type": "Feature", "properties": { "fid": 749, "OBJECTID": 701, "TIP": 2, "AD": "DİYARBAKIR", "SHAPE_Leng": 7.9901631594899998, "DÜZENLENE": null }, "geometry": { "type": "MultiLineString", "coordinates": [ [ [ 4564710.992132727056742, 4600376.58148199506104 ], [ 4564702.694902502931654, 4600378.804998986423016 ], [ 4564701.154709943570197, 4600379.025503857061267 ] ] ] } },
{ "type": "Feature", "properties": { "fid": 750, "OBJECTID": 702, "TIP": 2, "AD": "GAZİ", "SHAPE_Leng": 1187.2599148700001, "DÜZENLENE": null }, "geometry": { "type": "MultiLineString", "coordinates": [ [ [ 4565561.125798589549959, 4599385.576025294139981 ], [ 4565589.35931755322963, 4599375.324188002385199 ], [ 4565646.29911642242223, 4599344.757437779568136 ], [ 4565690.761493423953652, 4599321.298994190059602 ], [ 4565726.625840438529849, 4599302.076045935042202 ], [ 4565772.06691434700042, 4599278.326224053278565 ], [ 4565825.585763079114258, 4599249.092672563157976 ], [ 4565898.347137150354683, 4599211.096479180268943 ], [ 4565952.378940981812775, 4599182.840735303238034 ], [ 4565983.89603512454778, 4599165.601138461381197 ], [ 4566009.059718804433942, 4599152.817896471358836 ], [ 4566038.715657873079181, 4599136.518290395848453 ], [ 4566068.926338605582714, 4599121.016077836975455 ], [ 4566102.665879613719881, 4599103.007978257723153 ], [ 4566139.59925142955035, 4599083.580760766752064 ], [ 4566167.62889860291034, 4599070.273593167774379 ], [ 4566211.455276064574718, 4599046.512797957286239 ], [ 4566269.002509966492653, 4599015.210644596256316 ], [ 4566302.903694578446448, 4598996.433858416974545 ], [ 4566326.8151092864573, 4598983.767451211810112 ], [ 4566349.657724583521485, 4598971.394280283711851 ], [ 4566389.448155184276402, 4598948.619920034892857 ], [ 4566444.607831411063671, 4598919.628435007296503 ], [ 4566523.097679357975721, 4598880.608744086697698 ], [ 4566573.590430543757975, 4598853.503128444775939 ], [ 4566624.09765044413507, 4598828.110588382929564 ], [ 4566674.60755820479244, 4598801.672789301723242 ], [ 4566721.929158007726073, 4598778.103655642829835 ], [ 4566786.021293636411428, 4598743.839733264409006 ], [ 4566858.201433950103819, 4598707.986939826048911 ], [ 4566891.620212284848094, 4598693.896840733475983 ], [ 4566899.431449423544109, 4598691.331625447608531 ] ] ] } },
{ "type": "Feature", "properties": { "fid": 751, "OBJECTID": 703, "TIP": 1, "AD": "1158", "SHAPE_Leng": 325.58147394899999, "DÜZENLENE": null }, "geometry": { "type": "MultiLineString", "coordinates": [ [ [ 4567775.982371002435684, 4598787.804440099745989 ], [ 4567781.206414767540991, 4598806.430228238925338 ], [ 4567789.840902678668499, 4598835.008909449912608 ], [ 4567800.044106548652053, 4598873.407336388714612 ], [ 4567805.432621064595878, 4598897.980303765274584 ], [ 4567818.107330225408077, 4598961.659207178279757 ], [ 4567843.261490776203573, 4599074.937608462758362 ], [ 4567853.465541267767549, 4599123.64426368009299 ], [ 4567872.154681487940252, 4599162.832489660009742 ], [ 4567771.344888277351856, 4599280.615536543540657 ] ] ] } },
{ "type": "Feature", "properties": { "fid": 752, "OBJECTID": 704, "TIP": 2, "AD": "FIRAT SİMPİL", "SHAPE_Leng": 6.5995993853500003, "DÜZENLENE": null }, "geometry": { "type": "MultiLineString", "coordinates": [ [ [ 4564528.738513665273786, 4600431.178086835891008 ], [ 4564527.140334311872721, 4600439.436656426638365 ] ] ] } },
{ "type": "Feature", "properties": { "fid": 753, "OBJECTID": 705, "TIP": 2, "AD": "DİYARBAKIR", "SHAPE_Leng": 143.92365595800001, "DÜZENLENE": null }, "geometry": { "type": "MultiLineString", "coordinates": [ [ [ 4565548.76952010858804, 4599389.271552271209657 ], [ 4565532.003270815126598, 4599394.285995016805828 ], [ 4565526.413296918384731, 4599395.957794602029026 ], [ 4565482.154319647699594, 4599434.206620161421597 ], [ 4565439.082797055132687, 4599480.617713842540979 ], [ 4565413.038984903134406, 4599508.122174898162484 ] ] ] } },
{ "type": "Feature", "properties": { "fid": 754, "OBJECTID": 706, "TIP": 2, "AD": "ANADOLU", "SHAPE_Leng": 51.761587581000001, "DÜZENLENE": null }, "geometry": { "type": "MultiLineString", "coordinates": [ [ [ 4565466.490809134207666, 4599063.967380473390222 ], [ 4565464.986827358603477, 4599063.709216034971178 ], [ 4565421.849266381934285, 4599056.30450121127069 ], [ 4565401.519782355055213, 4599054.45353480707854 ] ] ] } },
{ "type": "Feature", "properties": { "fid": 755, "OBJECTID": 707, "TIP": 2, "AD": "ANADOLU", "SHAPE_Leng": 43.152218111300002, "DÜZENLENE": null }, "geometry": { "type": "MultiLineString", "coordinates": [ [ [ 4565401.519782355055213, 4599054.45353480707854 ], [ 4565380.731657827273011, 4599056.255701373331249 ], [ 4565347.709780969657004, 4599063.991106707602739 ] ] ] } },
{ "type": "Feature", "properties": { "fid": 756, "OBJECTID": 708, "TIP": 2, "AD": "ANADOLU", "SHAPE_Leng": 3.75072972253, "DÜZENLENE": null }, "geometry": { "type": "MultiLineString", "coordinates": [ [ [ 4565347.709780969657004, 4599063.991106707602739 ], [ 4565343.172589220106602, 4599065.43928096909076 ] ] ] } },
{ "type": "Feature", "properties": { "fid": 757, "OBJECTID": 709, "TIP": 1, "AD": "312", "SHAPE_Leng": 47.050940853299998, "DÜZENLENE": null }, "geometry": { "type": "MultiLineString", "coordinates": [ [ [ 4565176.026518110185862, 4599171.599822492338717 ], [ 4565176.927432983182371, 4599175.987888661213219 ], [ 4565179.888159912079573, 4599182.021301435306668 ], [ 4565184.008039771579206, 4599187.382848453707993 ], [ 4565194.907274743542075, 4599199.704071683809161 ], [ 4565203.033397080376744, 4599206.813563557341695 ], [ 4565214.403206072747707, 4599216.058594172820449 ] ] ] } },
{ "type": "Feature", "properties": { "fid": 758, "OBJECTID": 710, "TIP": 2, "AD": "DEVRİM", "SHAPE_Leng": 85.661315693000006, "DÜZENLENE": null }, "geometry": { "type": "MultiLineString", "coordinates": [ [ [ 4565222.20410090778023, 4598917.095974267460406 ], [ 4565226.479875181801617, 4598896.492314646951854 ], [ 4565228.532830168493092, 4598886.599739166907966 ], [ 4565233.921931774355471, 4598849.917514563538134 ], [ 4565235.141265767626464, 4598819.262915575876832 ], [ 4565232.508420328609645, 4598809.335734327323735 ] ] ] } },
{ "type": "Feature", "properties": { "fid": 759, "OBJECTID": 711, "TIP": 2, "AD": "DEVRİM", "SHAPE_Leng": 18.994634731800002, "DÜZENLENE": null }, "geometry": { "type": "MultiLineString", "coordinates": [ [ [ 4565232.508420328609645, 4598809.335734327323735 ], [ 4565226.092738148756325, 4598785.998473169282079 ] ] ] } },
{ "type": "Feature", "properties": { "fid": 760, "OBJECTID": 712, "TIP": 2, "AD": "DEVRİM", "SHAPE_Leng": 21.1585965451, "DÜZENLENE": null }, "geometry": { "type": "MultiLineString", "coordinates": [ [ [ 4565226.092738148756325, 4598785.998473169282079 ], [ 4565213.884466616436839, 4598761.97765533439815 ] ] ] } },
{ "type": "Feature", "properties": { "fid": 761, "OBJECTID": 713, "TIP": 1, "AD": "512", "SHAPE_Leng": 29.7239476182, "DÜZENLENE": null }, "geometry": { "type": "MultiLineString", "coordinates": [ [ [ 4564597.981322593986988, 4599458.60495746973902 ], [ 4564593.357066880911589, 4599421.002636663615704 ] ] ] } },
{ "type": "Feature", "properties": { "fid": 762, "OBJECTID": 714, "TIP": 1, "AD": "516", "SHAPE_Leng": 76.696683743199998, "DÜZENLENE": null }, "geometry": { "type": "MultiLineString", "coordinates": [ [ [ 4564593.357066880911589, 4599421.002636663615704 ], [ 4564578.551039269194007, 4599422.832396483980119 ], [ 4564567.467211023904383, 4599423.019021923653781 ], [ 4564564.711488241329789, 4599421.27667745295912 ], [ 4564558.980484046973288, 4599417.218049489893019 ], [ 4564552.635945561341941, 4599415.871432839892805 ], [ 4564541.617405250668526, 4599416.814192078076303 ], [ 4564543.956857572309673, 4599439.668414852581918 ], [ 4564545.233493481762707, 4599453.437685289420187 ], [ 4564546.448862595483661, 4599460.247905375435948 ] ] ] } },
{ "type": "Feature", "properties": { "fid": 763, "OBJECTID": 715, "TIP": 2, "AD": "ESKİBİTLİS", "SHAPE_Leng": 35.9761593805, "DÜZENLENE": null }, "geometry": { "type": "MultiLineString", "coordinates": [ [ [ 4565009.122702895663679, 4599167.43560157250613 ], [ 4564986.177898889407516, 4599158.661220636218786 ], [ 4564970.430410117842257, 4599158.230997263453901 ], [ 4564965.165579463355243, 4599159.241348153911531 ] ] ] } },
{ "type": "Feature", "properties": { "fid": 764, "OBJECTID": 716, "TIP": 1, "AD": "324", "SHAPE_Leng": 71.968486147700006, "DÜZENLENE": null }, "geometry": { "type": "MultiLineString", "coordinates": [ [ [ 4564965.165579463355243, 4599159.241348153911531 ], [ 4564963.015178419649601, 4599146.6204645158723 ], [ 4564956.007578061893582, 4599122.822786226868629 ], [ 4564955.381784276105464, 4599118.347400865517557 ], [ 4564953.471032283268869, 4599107.0008615097031 ], [ 4564952.411040146835148, 4599101.42472437210381 ], [ 4564950.670774159952998, 4599091.342909881845117 ], [ 4564949.155464818701148, 4599081.301218970678747 ], [ 4564949.432947132736444, 4599069.284736767411232 ] ] ] } },
{ "type": "Feature", "properties": { "fid": 765, "OBJECTID": 717, "TIP": 1, "AD": "324", "SHAPE_Leng": 26.224148811799999, "DÜZENLENE": null }, "geometry": { "type": "MultiLineString", "coordinates": [ [ [ 4564949.432947132736444, 4599069.284736767411232 ], [ 4564949.431517605669796, 4599069.259652063250542 ], [ 4564945.201847283169627, 4599059.327602197416127 ], [ 4564941.038306976668537, 4599053.817297291941941 ], [ 4564937.441983818076551, 4599043.575329563580453 ], [ 4564935.956343496218324, 4599038.990411845967174 ] ] ] } },
{ "type": "Feature", "properties": { "fid": 766, "OBJECTID": 718, "TIP": 1, "AD": "325", "SHAPE_Leng": 53.009652317899999, "DÜZENLENE": null }, "geometry": { "type": "MultiLineString", "coordinates": [ [ [ 4564949.262434979900718, 4599037.277090491726995 ], [ 4564956.72641543019563, 4599050.210957444272935 ], [ 4564968.046141490340233, 4599064.199888255447149 ], [ 4564975.074656595475972, 4599072.345105393789709 ], [ 4564991.464251229539514, 4599089.55911741964519 ] ] ] } },
{ "type": "Feature", "properties": { "fid": 767, "OBJECTID": 719, "TIP": 2, "AD": "ESKİBİTLİS", "SHAPE_Leng": 52.015152071300001, "DÜZENLENE": null }, "geometry": { "type": "MultiLineString", "coordinates": [ [ [ 4564965.165579463355243, 4599159.241348153911531 ], [ 4564917.305508443154395, 4599168.426216737367213 ], [ 4564900.116624321788549, 4599170.377157199196517 ] ] ] } },
{ "type": "Feature", "properties": { "fid": 768, "OBJECTID": 720, "TIP": 2, "AD": "ESKİBİTLİS", "SHAPE_Leng": 25.067684555300001, "DÜZENLENE": null }, "geometry": { "type": "MultiLineString", "coordinates": [ [ [ 4564900.116624321788549, 4599170.377157199196517 ], [ 4564900.077813644893467, 4599157.172716462053359 ], [ 4564898.959781372919679, 4599138.458971017971635 ] ] ] } },
{ "type": "Feature", "properties": { "fid": 769, "OBJECTID": 721, "TIP": 2, "AD": "ESKİBİTLİS", "SHAPE_Leng": 76.072199407699998, "DÜZENLENE": null }, "geometry": { "type": "MultiLineString", "coordinates": [ [ [ 4564898.959781372919679, 4599138.458971017971635 ], [ 4564898.185933571308851, 4599125.505386139266193 ], [ 4564894.895827249623835, 4599091.304939394816756 ], [ 4564891.492828452959657, 4599076.806623445823789 ], [ 4564885.413718194700778, 4599054.955679410137236 ], [ 4564885.174397311173379, 4599042.914889677427709 ] ] ] } },
{ "type": "Feature", "properties": { "fid": 770, "OBJECTID": 722, "TIP": 1, "AD": "632", "SHAPE_Leng": 166.91187882599999, "DÜZENLENE": null }, "geometry": { "type": "MultiLineString", "coordinates": [ [ [ 4563587.038252266123891, 4599737.349441156722605 ], [ 4563595.545675774104893, 4599746.12539298646152 ], [ 4563618.306009293533862, 4599773.5657077152282 ], [ 4563641.323571629822254, 4599800.460645956918597 ], [ 4563654.332236562855542, 4599811.784181511029601 ], [ 4563668.95434080529958, 4599829.414849371649325 ], [ 4563689.21539106592536, 4599871.887449847534299 ], [ 4563700.83120369259268, 4599912.25308308750391 ] ] ] } },
{ "type": "Feature", "properties": { "fid": 771, "OBJECTID": 723, "TIP": 1, "AD": "634", "SHAPE_Leng": 60.0286480862, "DÜZENLENE": null }, "geometry": { "type": "MultiLineString", "coordinates": [ [ [ 4563564.333412389270961, 4599750.119404668919742 ], [ 4563569.44909386523068, 4599763.489182253368199 ], [ 4563571.019083843566477, 4599767.773174993693829 ], [ 4563578.066210229881108, 4599790.976387661881745 ], [ 4563582.248704327270389, 4599808.956520527601242 ], [ 4563583.368470787070692, 4599823.822995044291019 ] ] ] } },
{ "type": "Feature", "properties": { "fid": 772, "OBJECTID": 725, "TIP": 2, "AD": "607", "SHAPE_Leng": 37.697663562400002, "DÜZENLENE": null }, "geometry": { "type": "MultiLineString", "coordinates": [ [ [ 4563146.746603462845087, 4600654.202266872860491 ], [ 4563100.701189772225916, 4600667.303492417559028 ] ] ] } },
{ "type": "Feature", "properties": { "fid": 773, "OBJECTID": 726, "TIP": 2, "AD": "607", "SHAPE_Leng": 94.841654840399997, "DÜZENLENE": null }, "geometry": { "type": "MultiLineString", "coordinates": [ [ [ 4563100.701189772225916, 4600667.303492417559028 ], [ 4563055.323065794073045, 4600682.001885378733277 ], [ 4562995.835468499921262, 4600696.779168915934861 ], [ 4562984.935124914161861, 4600700.275471731089056 ] ] ] } },
{ "type": "Feature", "properties": { "fid": 774, "OBJECTID": 727, "TIP": 1, "AD": "672", "SHAPE_Leng": 193.445850724, "DÜZENLENE": null }, "geometry": { "type": "MultiLineString", "coordinates": [ [ [ 4563100.701189772225916, 4600667.303492417559028 ], [ 4563094.655997878871858, 4600650.655187962576747 ], [ 4563088.045929091051221, 4600624.347659900784492 ], [ 4563080.006472927518189, 4600581.472379363141954 ], [ 4563074.595495017245412, 4600548.391730850562453 ], [ 4563076.274662481620908, 4600526.359114127233624 ], [ 4563070.889688402414322, 4600494.492600169964135 ], [ 4563051.477277764119208, 4600460.229756367392838 ], [ 4563036.643883391283453, 4600433.315393886528909 ] ] ] } },
{ "type": "Feature", "properties": { "fid": 775, "OBJECTID": 728, "TIP": 1, "AD": "672", "SHAPE_Leng": 126.020600014, "DÜZENLENE": null }, "geometry": { "type": "MultiLineString", "coordinates": [ [ [ 4563036.643883391283453, 4600433.315393886528909 ], [ 4563025.752376017160714, 4600413.553077440708876 ], [ 4562989.634984366595745, 4600345.914038590155542 ], [ 4562957.202538170851767, 4600293.965898481197655 ] ] ] } },
{ "type": "Feature", "properties": { "fid": 776, "OBJECTID": 729, "TIP": 1, "AD": "678", "SHAPE_Leng": 173.362002082, "DÜZENLENE": null }, "geometry": { "type": "MultiLineString", "coordinates": [ [ [ 4562831.382891476154327, 4600783.194091558456421 ], [ 4562816.046953048557043, 4600763.596618772484362 ], [ 4562810.12181696575135, 4600764.144633693620563 ], [ 4562787.476022346876562, 4600773.53905448038131 ], [ 4562776.959105969406664, 4600777.622390833683312 ], [ 4562770.163581375032663, 4600758.65805297344923 ], [ 4562755.733694138936698, 4600764.704128011129797 ], [ 4562740.779822899028659, 4600787.335800508968532 ], [ 4562744.626673747785389, 4600803.852075288072228 ], [ 4562753.087733572348952, 4600828.770834646187723 ], [ 4562760.638464317657053, 4600861.401625120081007 ], [ 4562763.188039663247764, 4600875.548174042254686 ] ] ] } },
{ "type": "Feature", "properties": { "fid": 777, "OBJECTID": 731, "TIP": 1, "AD": "232", "SHAPE_Leng": 50.450340934800003, "DÜZENLENE": null }, "geometry": { "type": "MultiLineString", "coordinates": [ [ [ 4565094.707656037062407, 4599825.972334164194763 ], [ 4565086.874416879378259, 4599814.8078318759799 ], [ 4565080.374117027036846, 4599803.142205298878253 ], [ 4565086.404059779830277, 4599799.232814875431359 ], [ 4565102.110739377327263, 4599789.175602681003511 ], [ 4565112.994892590679228, 4599786.0375373121351 ] ] ] } },
{ "type": "Feature", "properties": { "fid": 778, "OBJECTID": 732, "TIP": 1, "AD": "228", "SHAPE_Leng": 17.1256654578, "DÜZENLENE": null }, "geometry": { "type": "MultiLineString", "coordinates": [ [ [ 4565112.994892590679228, 4599786.0375373121351 ], [ 4565112.085900378413498, 4599778.163537259213626 ], [ 4565109.038516850210726, 4599764.601127753965557 ] ] ] } },
{ "type": "Feature", "properties": { "fid": 779, "OBJECTID": 733, "TIP": 1, "AD": "228", "SHAPE_Leng": 27.390539184800001, "DÜZENLENE": null }, "geometry": { "type": "MultiLineString", "coordinates": [ [ [ 4565109.038516850210726, 4599764.601127753965557 ], [ 4565101.29917701240629, 4599748.442030414938927 ], [ 4565093.515879319049418, 4599733.363445261493325 ] ] ] } },
{ "type": "Feature", "properties": { "fid": 780, "OBJECTID": 734, "TIP": 1, "AD": "228", "SHAPE_Leng": 39.919262043899998, "DÜZENLENE": null }, "geometry": { "type": "MultiLineString", "coordinates": [ [ [ 4565093.515879319049418, 4599733.363445261493325 ], [ 4565086.814915173687041, 4599731.080360426567495 ], [ 4565075.866450659930706, 4599718.769417100585997 ], [ 4565058.54894997831434, 4599697.758657604455948 ] ] ] } },
{ "type": "Feature", "properties": { "fid": 781, "OBJECTID": 735, "TIP": 1, "AD": "GULVEREN CIKMAZI", "SHAPE_Leng": 19.0607438061, "DÜZENLENE": null }, "geometry": { "type": "MultiLineString", "coordinates": [ [ [ 4565109.038516850210726, 4599764.601127753965557 ], [ 4565132.179665102623403, 4599757.505893034860492 ] ] ] } },
{ "type": "Feature", "properties": { "fid": 782, "OBJECTID": 736, "TIP": 1, "AD": "215", "SHAPE_Leng": 66.650867028199997, "DÜZENLENE": null }, "geometry": { "type": "MultiLineString", "coordinates": [ [ [ 4565093.515879319049418, 4599733.363445261493325 ], [ 4565084.074837442487478, 4599739.022618209011853 ], [ 4565061.530188950709999, 4599750.308034373447299 ], [ 4565052.798121501691639, 4599755.614274988882244 ], [ 4565054.290325490757823, 4599762.497400374151766 ], [ 4565045.487858708016574, 4599767.130571071989834 ], [ 4565053.684286236763, 4599781.120713740587234 ], [ 4565057.995923027396202, 4599783.850288147106767 ] ] ] } },
{ "type": "Feature", "properties": { "fid": 783, "OBJECTID": 737, "TIP": 2, "AD": "DEVRİM", "SHAPE_Leng": 53.1804973506, "DÜZENLENE": null }, "geometry": { "type": "MultiLineString", "coordinates": [ [ [ 4565213.884466616436839, 4598761.97765533439815 ], [ 4565204.597135567106307, 4598739.561098435893655 ], [ 4565197.86969933938235, 4598719.209746032953262 ], [ 4565193.148115201853216, 4598697.665358736179769 ] ] ] } },
{ "type": "Feature", "properties": { "fid": 784, "OBJECTID": 738, "TIP": 1, "AD": "333", "SHAPE_Leng": 75.719193309600001, "DÜZENLENE": null }, "geometry": { "type": "MultiLineString", "coordinates": [ [ [ 4565214.530800159089267, 4599059.611319581978023 ], [ 4565222.43728799931705, 4599060.355641444213688 ], [ 4565247.365575946867466, 4599057.384333351626992 ], [ 4565259.692540732212365, 4599055.766757710836828 ], [ 4565281.961972650140524, 4599054.11260372120887 ], [ 4565310.006595571525395, 4599050.263731504790485 ] ] ] } },
{ "type": "Feature", "properties": { "fid": 785, "OBJECTID": 739, "TIP": 1, "AD": "341", "SHAPE_Leng": 36.676339892599998, "DÜZENLENE": null }, "geometry": { "type": "MultiLineString", "coordinates": [ [ [ 4565213.77395710721612, 4599024.546503505669534 ], [ 4565231.829282764345407, 4599022.37133286241442 ], [ 4565247.665630902163684, 4599021.486956932581961 ], [ 4565260.15969529747963, 4599020.889626728370786 ] ] ] } },
{ "type": "Feature", "properties": { "fid": 786, "OBJECTID": 740, "TIP": 1, "AD": "345", "SHAPE_Leng": 35.897142609200003, "DÜZENLENE": null }, "geometry": { "type": "MultiLineString", "coordinates": [ [ [ 4565260.710002939216793, 4598971.474506304599345 ], [ 4565271.34864344727248, 4598973.701811227947474 ], [ 4565296.727836987003684, 4598979.1759910332039 ], [ 4565305.35014864988625, 4598980.605854645371437 ] ] ] } },
{ "type": "Feature", "properties": { "fid": 787, "OBJECTID": 741, "TIP": 1, "AD": "341", "SHAPE_Leng": 48.610169491599997, "DÜZENLENE": null }, "geometry": { "type": "MultiLineString", "coordinates": [ [ [ 4565260.15969529747963, 4599020.889626728370786 ], [ 4565264.936381043866277, 4599020.661211706697941 ], [ 4565286.549851675517857, 4599017.672101193107665 ], [ 4565305.309769404120743, 4599015.284617746248841 ], [ 4565321.393263572826982, 4599013.405293717049062 ] ] ] } },
{ "type": "Feature", "properties": { "fid": 788, "OBJECTID": 742, "TIP": 1, "AD": "332", "SHAPE_Leng": 38.910358682199998, "DÜZENLENE": null }, "geometry": { "type": "MultiLineString", "coordinates": [ [ [ 4565260.15969529747963, 4599020.889626728370786 ], [ 4565259.664913302287459, 4599010.638426546007395 ], [ 4565258.721945756115019, 4598991.859092818573117 ], [ 4565260.675030603073537, 4598978.593675846233964 ], [ 4565260.710002939216793, 4598971.474506304599345 ] ] ] } },
{ "type": "Feature", "properties": { "fid": 789, "OBJECTID": 743, "TIP": 1, "AD": "345", "SHAPE_Leng": 17.092072244600001, "DÜZENLENE": null }, "geometry": { "type": "MultiLineString", "coordinates": [ [ [ 4565239.059617521241307, 4598970.208606353029609 ], [ 4565240.45713131595403, 4598970.146569549106061 ], [ 4565250.430226555094123, 4598970.850087953731418 ], [ 4565260.710002939216793, 4598971.474506304599345 ] ] ] } },
{ "type": "Feature", "properties": { "fid": 790, "OBJECTID": 744, "TIP": 1, "AD": "344", "SHAPE_Leng": 69.039726836400007, "DÜZENLENE": null }, "geometry": { "type": "MultiLineString", "coordinates": [ [ [ 4565239.059617521241307, 4598970.208606353029609 ], [ 4565240.507255562581122, 4598964.51679577678442 ], [ 4565241.262878510169685, 4598960.621084868907928 ], [ 4565243.218387809582055, 4598952.572284312918782 ], [ 4565246.274403029121459, 4598943.77730555087328 ], [ 4565250.085769457742572, 4598932.109614913351834 ], [ 4565257.544327368028462, 4598901.170433511957526 ], [ 4565263.924720535054803, 4598901.677401949651539 ], [ 4565264.786187629215419, 4598891.699581515975296 ] ] ] } },
{ "type": "Feature", "properties": { "fid": 791, "OBJECTID": 745, "TIP": 1, "AD": "332", "SHAPE_Leng": 152.04343864399999, "DÜZENLENE": null }, "geometry": { "type": "MultiLineString", "coordinates": [ [ [ 4565260.710002939216793, 4598971.474506304599345 ], [ 4565264.732104851864278, 4598964.499175379984081 ], [ 4565266.926042908802629, 4598958.244696497917175 ], [ 4565274.734450057148933, 4598938.195489289239049 ], [ 4565281.120887686498463, 4598921.269399996846914 ], [ 4565284.574284421280026, 4598904.890501266345382 ], [ 4565288.179636451415718, 4598890.363666731864214 ], [ 4565289.980795603245497, 4598877.843794242478907 ], [ 4565292.790646555833519, 4598862.772089790552855 ], [ 4565294.549332302995026, 4598848.285516427829862 ], [ 4565296.89557146653533, 4598832.493184153921902 ], [ 4565297.818728003650904, 4598815.607413268648088 ], [ 4565298.838060843758285, 4598795.402723173610866 ], [ 4565299.141142107546329, 4598783.332463972270489 ] ] ] } },
{ "type": "Feature", "properties": { "fid": 792, "OBJECTID": 746, "TIP": 1, "AD": "345", "SHAPE_Leng": 43.3789820597, "DÜZENLENE": null }, "geometry": { "type": "MultiLineString", "coordinates": [ [ [ 4565305.35014864988625, 4598980.605854645371437 ], [ 4565306.796715524978936, 4598980.845784745179117 ], [ 4565322.654219510033727, 4598980.950287903659046 ], [ 4565329.528893422335386, 4598981.86742830183357 ], [ 4565337.272134324535728, 4598976.436530746519566 ], [ 4565356.909830835647881, 4598974.357498321682215 ], [ 4565358.514342666603625, 4598974.215590777806938 ] ] ] } },
{ "type": "Feature", "properties": { "fid": 793, "OBJECTID": 747, "TIP": 1, "AD": "342", "SHAPE_Leng": 155.02743377100001, "DÜZENLENE": null }, "geometry": { "type": "MultiLineString", "coordinates": [ [ [ 4565305.35014864988625, 4598980.605854645371437 ], [ 4565305.124232515692711, 4598974.453129387460649 ], [ 4565308.037038952112198, 4598957.928587414324284 ], [ 4565311.692112217657268, 4598946.739926123060286 ], [ 4565316.809198509901762, 4598928.593317533843219 ], [ 4565318.847908550873399, 4598915.146219192072749 ], [ 4565321.919786954298615, 4598893.84893673658371 ], [ 4565323.480408598668873, 4598878.705216150730848 ], [ 4565324.194391619414091, 4598862.294229098595679 ], [ 4565323.161773266270757, 4598849.433352597989142 ], [ 4565322.695294450037181, 4598828.083848541602492 ], [ 4565323.317332400940359, 4598817.227687461301684 ], [ 4565323.440667547285557, 4598804.272215341217816 ], [ 4565323.564427264034748, 4598785.110134887509048 ] ] ] } },
{ "type": "Feature", "properties": { "fid": 794, "OBJECTID": 748, "TIP": 1, "AD": "345", "SHAPE_Leng": 28.149135244499998, "DÜZENLENE": null }, "geometry": { "type": "MultiLineString", "coordinates": [ [ [ 4565358.514342666603625, 4598974.215590777806938 ], [ 4565371.751369474455714, 4598973.044688964262605 ], [ 4565390.016738451085985, 4598972.64686081930995 ], [ 4565394.096614627167583, 4598973.522329365834594 ] ] ] } },
{ "type": "Feature", "properties": { "fid": 795, "OBJECTID": 749, "TIP": 1, "AD": "622", "SHAPE_Leng": 10.7603351363, "DÜZENLENE": null }, "geometry": { "type": "MultiLineString", "coordinates": [ [ [ 4563819.433877412229776, 4599700.664342845790088 ], [ 4563824.227248682640493, 4599713.508205705322325 ] ] ] } },
{ "type": "Feature", "properties": { "fid": 796, "OBJECTID": 750, "TIP": 1, "AD": "620", "SHAPE_Leng": 26.419669027600001, "DÜZENLENE": null }, "geometry": { "type": "MultiLineString", "coordinates": [ [ [ 4563819.433877412229776, 4599700.664342845790088 ], [ 4563848.695018737576902, 4599688.794605848379433 ], [ 4563850.397543197497725, 4599687.782023779116571 ] ] ] } },
{ "type": "Feature", "properties": { "fid": 797, "OBJECTID": 751, "TIP": 1, "AD": "631", "SHAPE_Leng": 32.293994962100001, "DÜZENLENE": null }, "geometry": { "type": "MultiLineString", "coordinates": [ [ [ 4563824.227248682640493, 4599713.508205705322325 ], [ 4563805.436799035407603, 4599721.65781793743372 ], [ 4563785.849347245879471, 4599727.819327423349023 ] ] ] } },
{ "type": "Feature", "properties": { "fid": 798, "OBJECTID": 752, "TIP": 1, "AD": "220", "SHAPE_Leng": 59.298371180799997, "DÜZENLENE": null }, "geometry": { "type": "MultiLineString", "coordinates": [ [ [ 4564848.675132996402681, 4599684.075098014436662 ], [ 4564846.102064514532685, 4599694.820008167997003 ], [ 4564840.639848549850285, 4599715.719012242741883 ], [ 4564835.416410090401769, 4599743.53953150101006 ], [ 4564831.058577819727361, 4599757.487824310548604 ] ] ] } },
{ "type": "Feature", "properties": { "fid": 799, "OBJECTID": 753, "TIP": 2, "AD": "KİLİMCİLER", "SHAPE_Leng": 52.150301884900003, "DÜZENLENE": null }, "geometry": { "type": "MultiLineString", "coordinates": [ [ [ 4565193.148115201853216, 4598697.665358736179769 ], [ 4565211.176501869224012, 4598694.438739007338881 ], [ 4565239.327244965359569, 4598691.397435773164034 ], [ 4565258.822128747589886, 4598689.707665084861219 ] ] ] } },
{ "type": "Feature", "properties": { "fid": 800, "OBJECTID": 754, "TIP": 2, "AD": "KİLİMCİLER", "SHAPE_Leng": 37.122321600699998, "DÜZENLENE": null }, "geometry": { "type": "MultiLineString", "coordinates": [ [ [ 4565291.618341290391982, 4598688.518957461230457 ], [ 4565306.880180896259844, 4598689.926875360310078 ], [ 4565327.162468022666872, 4598689.62014424148947 ], [ 4565338.561668688431382, 4598688.037016868591309 ] ] ] } },
{ "type": "Feature", "properties": { "fid": 801, "OBJECTID": 755, "TIP": 1, "AD": "1036", "SHAPE_Leng": 67.351856025399996, "DÜZENLENE": null }, "geometry": { "type": "MultiLineString", "coordinates": [ [ [ 4566406.903668927960098, 4598922.823119697161019 ], [ 4566398.842038220725954, 4598903.119489697739482 ], [ 4566388.209336436353624, 4598875.467379363253713 ], [ 4566381.532545140013099, 4598860.861622150056064 ], [ 4566374.114641354419291, 4598843.566537257283926 ] ] ] } },
{ "type": "Feature", "properties": { "fid": 802, "OBJECTID": 756, "TIP": 2, "AD": "FIRAT SİMPİL", "SHAPE_Leng": 23.920397215600001, "DÜZENLENE": null }, "geometry": { "type": "MultiLineString", "coordinates": [ [ [ 4564568.018947469070554, 4600996.10477564111352 ], [ 4564577.315306823700666, 4601025.135788581334054 ] ] ] } },
{ "type": "Feature", "properties": { "fid": 803, "OBJECTID": 757, "TIP": 1, "AD": "1038", "SHAPE_Leng": 86.132274101600004, "DÜZENLENE": null }, "geometry": { "type": "MultiLineString", "coordinates": [ [ [ 4566650.000978999771178, 4598796.832826220430434 ], [ 4566635.332363449037075, 4598774.020476412959397 ], [ 4566621.031850374303758, 4598753.580787595361471 ], [ 4566609.952810622751713, 4598737.607065170072019 ], [ 4566593.368273818865418, 4598716.382387989200652 ], [ 4566586.230776000767946, 4598707.772698312066495 ] ] ] } },
{ "type": "Feature", "properties": { "fid": 804, "OBJECTID": 758, "TIP": 2, "AD": "GAZİ", "SHAPE_Leng": 422.09541328, "DÜZENLENE": null }, "geometry": { "type": "MultiLineString", "coordinates": [ [ [ 4567731.718401844613254, 4598498.288489033468068 ], [ 4567779.145457069389522, 4598488.287101116031408 ], [ 4567839.878030085004866, 4598475.032000332139432 ], [ 4567900.031205737963319, 4598460.890052400529385 ], [ 4568002.108648770488799, 4598438.740635829046369 ], [ 4568069.428585326299071, 4598424.664590009488165 ], [ 4568150.634221392683685, 4598405.55976692866534 ], [ 4568216.956399006769061, 4598391.95456126332283 ], [ 4568255.117831172421575, 4598383.630788047797978 ] ] ] } },
{ "type": "Feature", "properties": { "fid": 805, "OBJECTID": 759, "TIP": 2, "AD": "GAZİ", "SHAPE_Leng": 88.106046409699999, "DÜZENLENE": null }, "geometry": { "type": "MultiLineString", "coordinates": [ [ [ 4566978.14273751527071, 4598668.6804533097893 ], [ 4566988.160942417569458, 4598666.144151433371007 ], [ 4567052.377780061215162, 4598653.401800463907421 ], [ 4567087.624449879862368, 4598645.852867458947003 ] ] ] } },
{ "type": "Feature", "properties": { "fid": 806, "OBJECTID": 760, "TIP": 2, "AD": "GAZİ", "SHAPE_Leng": 182.884982095, "DÜZENLENE": null }, "geometry": { "type": "MultiLineString", "coordinates": [ [ [ 4566904.014052421785891, 4598672.437632085755467 ], [ 4566924.993517418392003, 4598665.361817902885377 ], [ 4566968.676198116503656, 4598655.746205698698759 ], [ 4567046.343717926181853, 4598638.526320500299335 ], [ 4567096.514799564145505, 4598628.655383368954062 ], [ 4567130.3762435503304, 4598621.443963476456702 ] ] ] } },
{ "type": "Feature", "properties": { "fid": 807, "OBJECTID": 761, "TIP": 2, "AD": "GAZİ", "SHAPE_Leng": 399.89585783799998, "DÜZENLENE": null }, "geometry": { "type": "MultiLineString", "coordinates": [ [ [ 4567765.200584245845675, 4598505.702378002926707 ], [ 4567803.83172954339534, 4598497.916619510389864 ], [ 4567902.566546767018735, 4598476.493897812440991 ], [ 4567942.678484317846596, 4598467.515184086747468 ], [ 4567994.83269321359694, 4598456.247202926315367 ], [ 4568043.800038448534906, 4598445.690060567110777 ], [ 4568089.005982387810946, 4598436.193784340284765 ], [ 4568122.076168600469828, 4598428.808649471960962 ], [ 4568151.603357157669961, 4598423.255568003281951 ], [ 4568169.279170010238886, 4598418.481059839949012 ], [ 4568187.747026582248509, 4598415.105518370866776 ], [ 4568212.075065066106617, 4598409.374602728523314 ], [ 4568237.807201198302209, 4598403.342910252511501 ], [ 4568259.280329995788634, 4598399.158883302472532 ], [ 4568261.382769658230245, 4598398.687351764179766 ] ] ] } },
{ "type": "Feature", "properties": { "fid": 808, "OBJECTID": 762, "TIP": 2, "AD": "GAZİ", "SHAPE_Leng": 48.685570915900001, "DÜZENLENE": null }, "geometry": { "type": "MultiLineString", "coordinates": [ [ [ 4566918.567616849206388, 4598685.047378373332322 ], [ 4566935.645509777590632, 4598679.439041182398796 ], [ 4566978.14273751527071, 4598668.6804533097893 ] ] ] } },
{ "type": "Feature", "properties": { "fid": 809, "OBJECTID": 763, "TIP": 2, "AD": "AZİZOĞLU", "SHAPE_Leng": 175.176758224, "DÜZENLENE": null }, "geometry": { "type": "MultiLineString", "coordinates": [ [ [ 4564907.607368818484247, 4599706.273322043940425 ], [ 4564907.534144672565162, 4599677.938158320263028 ], [ 4564903.365093985572457, 4599609.211446017958224 ], [ 4564898.803071418777108, 4599559.654507555998862 ], [ 4564895.718559952452779, 4599510.065560513176024 ], [ 4564893.405133360996842, 4599490.01065746229142 ], [ 4564889.230352783575654, 4599485.093208623118699 ] ] ] } },
{ "type": "Feature", "properties": { "fid": 810, "OBJECTID": 764, "TIP": 2, "AD": "POLAT", "SHAPE_Leng": 12.3066080597, "DÜZENLENE": null }, "geometry": { "type": "MultiLineString", "coordinates": [ [ [ 4565870.94875938910991, 4600075.807983540929854 ], [ 4565885.934145568870008, 4600080.242428497411311 ] ] ] } },
{ "type": "Feature", "properties": { "fid": 811, "OBJECTID": 765, "TIP": 2, "AD": "POLAT", "SHAPE_Leng": 22.6963764648, "DÜZENLENE": null }, "geometry": { "type": "MultiLineString", "coordinates": [ [ [ 4565935.421421781182289, 4600093.022232108749449 ], [ 4565954.739896914921701, 4600097.728018135763705 ], [ 4565963.511491071432829, 4600099.425663283094764 ] ] ] } },
{ "type": "Feature", "properties": { "fid": 812, "OBJECTID": 766, "TIP": 2, "AD": "POLAT", "SHAPE_Leng": 24.8690323834, "DÜZENLENE": null }, "geometry": { "type": "MultiLineString", "coordinates": [ [ [ 4565963.511491071432829, 4600099.425663283094764 ], [ 4565979.711422357708216, 4600102.850144635885954 ], [ 4565994.658805067650974, 4600104.277967694215477 ] ] ] } },
{ "type": "Feature", "properties": { "fid": 813, "OBJECTID": 767, "TIP": 1, "AD": "631", "SHAPE_Leng": 42.687006264200001, "DÜZENLENE": null }, "geometry": { "type": "MultiLineString", "coordinates": [ [ [ 4563785.849347245879471, 4599727.819327423349023 ], [ 4563760.989364353939891, 4599738.252332655712962 ], [ 4563736.615639521740377, 4599750.474051421508193 ] ] ] } },
{ "type": "Feature", "properties": { "fid": 814, "OBJECTID": 768, "TIP": 1, "AD": "629", "SHAPE_Leng": 79.261179079000001, "DÜZENLENE": null }, "geometry": { "type": "MultiLineString", "coordinates": [ [ [ 4563804.240826211869717, 4599664.013939244672656 ], [ 4563771.497967679984868, 4599677.578053822740912 ], [ 4563747.634275245480239, 4599686.257609848864377 ], [ 4563729.603347034193575, 4599696.225095737725496 ], [ 4563726.700844614766538, 4599697.523192888125777 ], [ 4563713.273422227241099, 4599706.359399699606001 ] ] ] } },
{ "type": "Feature", "properties": { "fid": 815, "OBJECTID": 769, "TIP": 1, "AD": "625", "SHAPE_Leng": 60.911870179099999, "DÜZENLENE": null }, "geometry": { "type": "MultiLineString", "coordinates": [ [ [ 4563791.575060197152197, 4599632.128161883912981 ], [ 4563779.575892873108387, 4599637.446298181079328 ], [ 4563760.100794199854136, 4599648.325017143972218 ], [ 4563741.055049458518624, 4599653.122176666744053 ], [ 4563727.410841852426529, 4599659.152087179012597 ], [ 4563720.398509109392762, 4599661.452439728192985 ] ] ] } },
{ "type": "Feature", "properties": { "fid": 816, "OBJECTID": 770, "TIP": 1, "AD": "621", "SHAPE_Leng": 47.998053004100001, "DÜZENLENE": "DÜZENLENEN" }, "geometry": { "type": "MultiLineString", "coordinates": [ [ [ 4563679.218544016592205, 4599655.744402882643044 ], [ 4563703.160283960402012, 4599691.98021244443953 ] ] ] } },
{ "type": "Feature", "properties": { "fid": 817, "OBJECTID": 771, "TIP": 2, "AD": "DR.İSMAİL BEŞİKCİ", "SHAPE_Leng": 62.2098047498, "DÜZENLENE": null }, "geometry": { "type": "MultiLineString", "coordinates": [ [ [ 4564137.756554376333952, 4599489.027401742525399 ], [ 4564103.268371382728219, 4599503.672552367672324 ], [ 4564078.475404007360339, 4599509.245862775482237 ], [ 4564062.748565875925124, 4599512.781110914424062 ] ] ] } },
{ "type": "Feature", "properties": { "fid": 818, "OBJECTID": 772, "TIP": 2, "AD": "GAZİ", "SHAPE_Leng": 21.0023133073, "DÜZENLENE": null }, "geometry": { "type": "MultiLineString", "coordinates": [ [ [ 4568523.644822437316179, 4598341.593750201165676 ], [ 4568549.751560269854963, 4598336.185484097339213 ] ] ] } },
{ "type": "Feature", "properties": { "fid": 819, "OBJECTID": 773, "TIP": 2, "AD": "GAZİ", "SHAPE_Leng": 65.271523797599997, "DÜZENLENE": null }, "geometry": { "type": "MultiLineString", "coordinates": [ [ [ 4566828.505142194218934, 4598706.615238212049007 ], [ 4566848.169973578304052, 4598696.988048147410154 ], [ 4566879.509682947769761, 4598683.756178671494126 ], [ 4566904.014052421785891, 4598672.437632085755467 ] ] ] } },
{ "type": "Feature", "properties": { "fid": 820, "OBJECTID": 774, "TIP": 2, "AD": "GAZİ", "SHAPE_Leng": 215.57164974700001, "DÜZENLENE": null }, "geometry": { "type": "MultiLineString", "coordinates": [ [ [ 4566406.903668927960098, 4598922.823119697161019 ], [ 4566428.929860848002136, 4598912.434740551747382 ], [ 4566469.316724458709359, 4598891.222150725312531 ], [ 4566518.006399125792086, 4598864.610354327596724 ], [ 4566582.177150886505842, 4598833.162022388540208 ], [ 4566629.819272361695766, 4598807.832241502590477 ], [ 4566650.000978999771178, 4598796.832826220430434 ] ] ] } },
{ "type": "Feature", "properties": { "fid": 821, "OBJECTID": 775, "TIP": 2, "AD": "GAZİ", "SHAPE_Leng": 194.76606651099999, "DÜZENLENE": null }, "geometry": { "type": "MultiLineString", "coordinates": [ [ [ 4566188.424307645298541, 4599038.962164795026183 ], [ 4566261.167051802389324, 4599000.272594031877816 ], [ 4566265.874048112891614, 4598997.769028201699257 ], [ 4566331.508534234017134, 4598962.489362998865545 ], [ 4566383.303935677744448, 4598934.483427882194519 ], [ 4566406.903668927960098, 4598922.823119697161019 ] ] ] } },
{ "type": "Feature", "properties": { "fid": 822, "OBJECTID": 776, "TIP": 2, "AD": "GAZİ", "SHAPE_Leng": 57.435551261100002, "DÜZENLENE": null }, "geometry": { "type": "MultiLineString", "coordinates": [ [ [ 4565854.816577136516571, 4599216.206696458160877 ], [ 4565865.142510135658085, 4599210.716229197569191 ], [ 4565915.178941460326314, 4599184.099603645503521 ], [ 4565919.249257606454194, 4599181.953643322922289 ] ] ] } },
{ "type": "Feature", "properties": { "fid": 823, "OBJECTID": 980, "TIP": 2, "AD": "DİYARBAKIR", "SHAPE_Leng": 150.51046371499999, "DÜZENLENE": null }, "geometry": { "type": "MultiLineString", "coordinates": [ [ [ 4565185.333219991996884, 4599853.985164545476437 ], [ 4565172.024293011985719, 4599875.527568509802222 ], [ 4565147.16344331856817, 4599917.000219114124775 ], [ 4565128.972790290601552, 4599945.845774588175118 ], [ 4565117.704248564317822, 4599964.641876723617315 ], [ 4565108.002748810686171, 4599980.824277879670262 ], [ 4565085.616296341642737, 4600017.632736776024103 ] ] ] } },
{ "type": "Feature", "properties": { "fid": 824, "OBJECTID": 981, "TIP": 2, "AD": "CEZAEVİ", "SHAPE_Leng": 239.600165213, "DÜZENLENE": null }, "geometry": { "type": "MultiLineString", "coordinates": [ [ [ 4566918.567616849206388, 4598685.047378373332322 ], [ 4566951.562500596046448, 4598744.072666671127081 ], [ 4567009.402795359492302, 4598833.473152057267725 ], [ 4567030.661630843766034, 4598871.865297351963818 ], [ 4567040.941823015920818, 4598899.704330941662192 ], [ 4567074.207280359230936, 4598946.468407684005797 ] ] ] } },
{ "type": "Feature", "properties": { "fid": 825, "OBJECTID": 982, "TIP": 1, "AD": "1109", "SHAPE_Leng": 102.52498758500001, "DÜZENLENE": null }, "geometry": { "type": "MultiLineString", "coordinates": [ [ [ 4567273.633262074552476, 4598497.667850420810282 ], [ 4567279.319088752381504, 4598495.151755232363939 ], [ 4567308.296151524409652, 4598488.983494551852345 ], [ 4567319.938886217772961, 4598486.838811477646232 ], [ 4567351.590694029815495, 4598478.048234683461487 ], [ 4567391.077760044485331, 4598465.03779467381537 ], [ 4567398.273720381781459, 4598461.394394782371819 ] ] ] } },
{ "type": "Feature", "properties": { "fid": 826, "OBJECTID": 983, "TIP": 1, "AD": "1113", "SHAPE_Leng": 103.686712552, "DÜZENLENE": null }, "geometry": { "type": "MultiLineString", "coordinates": [ [ [ 4567273.633262074552476, 4598497.667850420810282 ], [ 4567222.805900854058564, 4598375.770306305959821 ] ] ] } },
{ "type": "Feature", "properties": { "fid": 827, "OBJECTID": 984, "TIP": 2, "AD": "GÜL", "SHAPE_Leng": 53.402666494599998, "DÜZENLENE": null }, "geometry": { "type": "MultiLineString", "coordinates": [ [ [ 4565247.607826234772801, 4600274.437136692926288 ], [ 4565254.61340478155762, 4600289.457317300140858 ], [ 4565268.421476007439196, 4600311.759958999231458 ], [ 4565272.918634604662657, 4600314.718110270798206 ], [ 4565289.437605258077383, 4600325.583948485553265 ] ] ] } },
{ "type": "Feature", "properties": { "fid": 828, "OBJECTID": 985, "TIP": 1, "AD": "802", "SHAPE_Leng": 70.629868429499993, "DÜZENLENE": null }, "geometry": { "type": "MultiLineString", "coordinates": [ [ [ 4565177.909469579346478, 4600327.712484797462821 ], [ 4565186.921227515675128, 4600335.47364466637373 ], [ 4565205.27004584018141, 4600355.42841190379113 ], [ 4565229.994265634566545, 4600375.019594419747591 ], [ 4565245.050632863305509, 4600387.061785854399204 ] ] ] } },
{ "type": "Feature", "properties": { "fid": 829, "OBJECTID": 986, "TIP": 1, "AD": "809", "SHAPE_Leng": 69.739309645399999, "DÜZENLENE": null }, "geometry": { "type": "MultiLineString", "coordinates": [ [ [ 4565247.607826234772801, 4600274.437136692926288 ], [ 4565231.519644738174975, 4600281.801371726207435 ], [ 4565213.890775120817125, 4600293.115604906342924 ], [ 4565193.040730632841587, 4600310.842356712557375 ], [ 4565177.909469579346478, 4600327.712484797462821 ] ] ] } },
{ "type": "Feature", "properties": { "fid": 830, "OBJECTID": 987, "TIP": 2, "AD": "CENANLAR", "SHAPE_Leng": 151.751948924, "DÜZENLENE": null }, "geometry": { "type": "MultiLineString", "coordinates": [ [ [ 4565168.737423182465136, 4600561.211012555286288 ], [ 4565181.56457051075995, 4600579.5284517807886 ], [ 4565211.437388190999627, 4600624.895501386374235 ], [ 4565248.128434283658862, 4600681.045199005864561 ], [ 4565261.469050323590636, 4600677.378104821778834 ], [ 4565265.282588112168014, 4600687.222811019048095 ], [ 4565268.338451417163014, 4600690.135691019706428 ], [ 4565271.086289054714143, 4600689.939418756403029 ], [ 4565276.241650681942701, 4600703.770367234013975 ], [ 4565277.315911588259041, 4600706.886427168734372 ] ] ] } },
{ "type": "Feature", "properties": { "fid": 831, "OBJECTID": 988, "TIP": 2, "AD": "KARABEHLÜLBEY", "SHAPE_Leng": 41.021652222999997, "DÜZENLENE": null }, "geometry": { "type": "MultiLineString", "coordinates": [ [ [ 4564649.633583336137235, 4599921.996722989715636 ], [ 4564654.974771325476468, 4599942.898540979251266 ], [ 4564656.754888063296676, 4599973.558716317638755 ] ] ] } },
{ "type": "Feature", "properties": { "fid": 832, "OBJECTID": 989, "TIP": 1, "AD": "205", "SHAPE_Leng": 17.817453270600002, "DÜZENLENE": null }, "geometry": { "type": "MultiLineString", "coordinates": [ [ [ 4564649.633583336137235, 4599921.996722989715636 ], [ 4564657.42048682551831, 4599918.892174912616611 ], [ 4564669.373930571600795, 4599914.48205812741071 ], [ 4564669.517389793880284, 4599912.977611251175404 ] ] ] } },
{ "type": "Feature", "properties": { "fid": 833, "OBJECTID": 990, "TIP": 2, "AD": "DR MEHMET EMİN AYHAN", "SHAPE_Leng": 136.155624711, "DÜZENLENE": null }, "geometry": { "type": "MultiLineString", "coordinates": [ [ [ 4561255.753496591001749, 4600929.854889393784106 ], [ 4561271.44812345225364, 4600924.87936822231859 ], [ 4561297.661670221947134, 4600924.380934363231063 ], [ 4561350.506379540078342, 4600932.013023247942328 ], [ 4561393.995475828647614, 4600935.616534498520195 ], [ 4561421.533600425347686, 4600935.027211816050112 ], [ 4561427.145833695307374, 4600934.996614863164723 ] ] ] } },
{ "type": "Feature", "properties": { "fid": 834, "OBJECTID": 991, "TIP": 1, "AD": "1007", "SHAPE_Leng": 51.1420265884, "DÜZENLENE": null }, "geometry": { "type": "MultiLineString", "coordinates": [ [ [ 4565479.916491092182696, 4599225.151237896643579 ], [ 4565464.27852170728147, 4599231.216306498274207 ], [ 4565429.710146025754511, 4599248.461240634322166 ], [ 4565421.146105838008225, 4599252.713196968659759 ] ] ] } },
{ "type": "Feature", "properties": { "fid": 835, "OBJECTID": 992, "TIP": 1, "AD": "505", "SHAPE_Leng": 57.620954109800003, "DÜZENLENE": null }, "geometry": { "type": "MultiLineString", "coordinates": [ [ [ 4564604.277636427432299, 4599354.156229336746037 ], [ 4564640.96819619461894, 4599338.006968405097723 ], [ 4564646.11906629987061, 4599335.088605028577149 ], [ 4564658.458458567969501, 4599329.375543394125998 ], [ 4564663.002089224755764, 4599325.875468892976642 ], [ 4564662.995136822573841, 4599322.952172351069748 ], [ 4564662.207654549740255, 4599318.150236908346415 ], [ 4564662.203571623191237, 4599318.054959772154689 ] ] ] } },
{ "type": "Feature", "properties": { "fid": 836, "OBJECTID": 993, "TIP": 2, "AD": "DEMİRCİLER", "SHAPE_Leng": 43.0100046433, "DÜZENLENE": null }, "geometry": { "type": "MultiLineString", "coordinates": [ [ [ 4564662.203571623191237, 4599318.054959772154689 ], [ 4564660.427178754471242, 4599318.325057838112116 ], [ 4564637.45168605260551, 4599319.556574693880975 ], [ 4564620.505574238486588, 4599315.347655676305294 ], [ 4564611.533988314680755, 4599306.849460428580642 ] ] ] } },
{ "type": "Feature", "properties": { "fid": 837, "OBJECTID": 994, "TIP": 1, "AD": "516", "SHAPE_Leng": 13.972947017399999, "DÜZENLENE": null }, "geometry": { "type": "MultiLineString", "coordinates": [ [ [ 4564609.797755762003362, 4599421.696082175709307 ], [ 4564607.97238177806139, 4599419.278864627704024 ], [ 4564593.357066880911589, 4599421.002636663615704 ] ] ] } },
{ "type": "Feature", "properties": { "fid": 838, "OBJECTID": 995, "TIP": 1, "AD": "516", "SHAPE_Leng": 9.6334107148400001, "DÜZENLENE": null }, "geometry": { "type": "MultiLineString", "coordinates": [ [ [ 4564621.894227920100093, 4599419.897685672156513 ], [ 4564609.797755762003362, 4599421.696082175709307 ] ] ] } },
{ "type": "Feature", "properties": { "fid": 839, "OBJECTID": 996, "TIP": 1, "AD": "114", "SHAPE_Leng": 55.192095619900002, "DÜZENLENE": null }, "geometry": { "type": "MultiLineString", "coordinates": [ [ [ 4564610.600338988937438, 4599985.639471394941211 ], [ 4564618.484368521720171, 4600006.770692293532193 ], [ 4564625.481972517445683, 4600019.707961891777813 ], [ 4564640.488027982413769, 4600049.142153558321297 ] ] ] } },
{ "type": "Feature", "properties": { "fid": 840, "OBJECTID": 997, "TIP": 1, "AD": "522", "SHAPE_Leng": 54.543919254099997, "DÜZENLENE": null }, "geometry": { "type": "MultiLineString", "coordinates": [ [ [ 4564414.636267400346696, 4599379.80209681019187 ], [ 4564409.505319607444108, 4599359.181662095710635 ], [ 4564402.777534189634025, 4599343.13572587352246 ], [ 4564392.235473267734051, 4599314.148330100812018 ] ] ] } },
{ "type": "Feature", "properties": { "fid": 841, "OBJECTID": 998, "TIP": 1, "AD": "523", "SHAPE_Leng": 21.850193321, "DÜZENLENE": null }, "geometry": { "type": "MultiLineString", "coordinates": [ [ [ 4564392.235473267734051, 4599314.148330100812018 ], [ 4564400.225901290774345, 4599311.580707855522633 ], [ 4564413.38677008356899, 4599307.067325146868825 ], [ 4564418.545198516920209, 4599305.3362738462165 ] ] ] } },
{ "type": "Feature", "properties": { "fid": 842, "OBJECTID": 999, "TIP": 1, "AD": "534", "SHAPE_Leng": 25.3627876089, "DÜZENLENE": null }, "geometry": { "type": "MultiLineString", "coordinates": [ [ [ 4564467.465918553061783, 4599256.946742713451385 ], [ 4564458.142315657809377, 4599262.100335420109332 ], [ 4564439.566400764510036, 4599273.072877464815974 ] ] ] } },
{ "type": "Feature", "properties": { "fid": 843, "OBJECTID": 1000, "TIP": 1, "AD": "534/1", "SHAPE_Leng": 40.544537155299999, "DÜZENLENE": null }, "geometry": { "type": "MultiLineString", "coordinates": [ [ [ 4564486.58075856603682, 4599304.881983691826463 ], [ 4564482.053415245376527, 4599293.980769668705761 ], [ 4564475.039820423349738, 4599277.660058229230344 ], [ 4564474.120551175437868, 4599273.969418368302286 ], [ 4564470.098767620511353, 4599263.992940248921514 ], [ 4564467.465918553061783, 4599256.946742713451385 ] ] ] } },
{ "type": "Feature", "properties": { "fid": 844, "OBJECTID": 1001, "TIP": 1, "AD": "532", "SHAPE_Leng": 57.727828028200001, "DÜZENLENE": null }, "geometry": { "type": "MultiLineString", "coordinates": [ [ [ 4564486.58075856603682, 4599304.881983691826463 ], [ 4564478.870791267603636, 4599307.459906136617064 ], [ 4564461.957820708863437, 4599312.460323858074844 ], [ 4564456.679680713452399, 4599311.612744571641088 ], [ 4564453.78328125551343, 4599307.861452471464872 ], [ 4564439.566400764510036, 4599273.072877464815974 ] ] ] } },
{ "type": "Feature", "properties": { "fid": 845, "OBJECTID": 1002, "TIP": 1, "AD": "823", "SHAPE_Leng": 39.954274796599996, "DÜZENLENE": null }, "geometry": { "type": "MultiLineString", "coordinates": [ [ [ 4564900.939209772273898, 4600745.13646990340203 ], [ 4564908.223445998504758, 4600740.649086898192763 ], [ 4564918.234442112967372, 4600734.510179811157286 ], [ 4564943.266390944831073, 4600717.104945996776223 ] ] ] } },
{ "type": "Feature", "properties": { "fid": 846, "OBJECTID": 1003, "TIP": 1, "AD": "824", "SHAPE_Leng": 54.1341458299, "DÜZENLENE": null }, "geometry": { "type": "MultiLineString", "coordinates": [ [ [ 4564943.266390944831073, 4600717.104945996776223 ], [ 4564930.211425623856485, 4600697.014794399030507 ], [ 4564915.682551640085876, 4600677.227031611837447 ], [ 4564910.04942918382585, 4600667.640567567199469 ], [ 4564905.718978838995099, 4600659.412722994573414 ] ] ] } },
{ "type": "Feature", "properties": { "fid": 847, "OBJECTID": 1004, "TIP": 1, "AD": "509", "SHAPE_Leng": 87.942310330500007, "DÜZENLENE": null }, "geometry": { "type": "MultiLineString", "coordinates": [ [ [ 4564335.423225676640868, 4599528.676625562831759 ], [ 4564367.486780525185168, 4599520.541463661938906 ], [ 4564382.646806296892464, 4599518.095769665203989 ], [ 4564395.170089293271303, 4599516.204983196221292 ], [ 4564405.978230753913522, 4599513.107137731276453 ], [ 4564414.763507236726582, 4599507.978017603978515 ], [ 4564418.387255974113941, 4599501.530582551844418 ], [ 4564427.949069246649742, 4599497.518059713765979 ], [ 4564438.700510964728892, 4599493.698127619922161 ] ] ] } },
{ "type": "Feature", "properties": { "fid": 848, "OBJECTID": 1005, "TIP": 2, "AD": "HASTANE", "SHAPE_Leng": 36.708223080499998, "DÜZENLENE": null }, "geometry": { "type": "MultiLineString", "coordinates": [ [ [ 4564314.859650653786957, 4599486.809964822605252 ], [ 4564327.426099165342748, 4599508.801759503781796 ], [ 4564335.423225676640868, 4599528.676625562831759 ] ] ] } },
{ "type": "Feature", "properties": { "fid": 849, "OBJECTID": 1006, "TIP": 2, "AD": "GAZİ", "SHAPE_Leng": 14.678411048099999, "DÜZENLENE": null }, "geometry": { "type": "MultiLineString", "coordinates": [ [ [ 4564508.823481121100485, 4599516.09589661564678 ], [ 4564527.105089137330651, 4599512.482090657576919 ] ] ] } },
{ "type": "Feature", "properties": { "fid": 850, "OBJECTID": 1007, "TIP": 1, "AD": "202", "SHAPE_Leng": 36.9458765826, "DÜZENLENE": null }, "geometry": { "type": "MultiLineString", "coordinates": [ [ [ 4564993.590856219641864, 4600045.042146344669163 ], [ 4565002.615343519486487, 4600036.449811251834035 ], [ 4565005.074593059718609, 4600035.096690270118415 ], [ 4565009.15201960131526, 4600030.865824647247791 ], [ 4565020.086247239261866, 4600020.258081090636551 ], [ 4565029.43256898317486, 4600015.250752536579967 ] ] ] } },
{ "type": "Feature", "properties": { "fid": 851, "OBJECTID": 1008, "TIP": 1, "AD": "216", "SHAPE_Leng": 31.1664688115, "DÜZENLENE": null }, "geometry": { "type": "MultiLineString", "coordinates": [ [ [ 4564993.590856219641864, 4600045.042146344669163 ], [ 4564983.15961530059576, 4600035.011356527917087 ], [ 4564976.925370412878692, 4600030.073192211799324 ], [ 4564963.602281087078154, 4600019.180117542855442 ] ] ] } },
{ "type": "Feature", "properties": { "fid": 852, "OBJECTID": 1009, "TIP": 1, "AD": "765", "SHAPE_Leng": 208.500292766, "DÜZENLENE": null }, "geometry": { "type": "MultiLineString", "coordinates": [ [ [ 4563029.350938908755779, 4601384.814242686145008 ], [ 4562870.30373986903578, 4601436.827355297282338 ], [ 4562832.009686006233096, 4601447.774253332987428 ], [ 4562810.787533573806286, 4601450.480708176270127 ], [ 4562776.066195894964039, 4601460.900695270858705 ] ] ] } },
{ "type": "Feature", "properties": { "fid": 853, "OBJECTID": 1010, "TIP": 1, "AD": "1009", "SHAPE_Leng": 43.519138746199999, "DÜZENLENE": null }, "geometry": { "type": "MultiLineString", "coordinates": [ [ [ 4565522.063348366878927, 4599315.033436662517488 ], [ 4565529.933917796239257, 4599311.674410245381296 ], [ 4565574.526174820028245, 4599297.782129138708115 ] ] ] } },
{ "type": "Feature", "properties": { "fid": 854, "OBJECTID": 1011, "TIP": 1, "AD": "CENANLAR ÇIKMAZI", "SHAPE_Leng": 43.906535779599999, "DÜZENLENE": null }, "geometry": { "type": "MultiLineString", "coordinates": [ [ [ 4565068.813242134638131, 4600169.487414870411158 ], [ 4565083.716800353489816, 4600172.091972888447344 ], [ 4565095.784504284150898, 4600174.255585584789515 ], [ 4565120.164492437615991, 4600177.518265436403453 ], [ 4565123.891069925390184, 4600177.987743160687387 ] ] ] } },
{ "type": "Feature", "properties": { "fid": 855, "OBJECTID": 1012, "TIP": 1, "AD": "1112", "SHAPE_Leng": 189.903327303, "DÜZENLENE": null }, "geometry": { "type": "MultiLineString", "coordinates": [ [ [ 4567202.249226782470942, 4598526.947656525298953 ], [ 4567189.333944255486131, 4598499.949491512961686 ], [ 4567185.108378939330578, 4598474.596114668995142 ], [ 4567177.822861658409238, 4598437.148836913518608 ], [ 4567168.80644463468343, 4598380.472091116942465 ], [ 4567160.718740808777511, 4598338.232340804301202 ], [ 4567147.647159436717629, 4598294.625151884742081 ], [ 4567146.848753489553928, 4598292.496272035874426 ] ] ] } },
{ "type": "Feature", "properties": { "fid": 856, "OBJECTID": 1013, "TIP": 1, "AD": "1159 silebiliriz", "SHAPE_Leng": 55.343618030499997, "DÜZENLENE": null }, "geometry": { "type": "MultiLineString", "coordinates": [ [ [ 4568133.274517938494682, 4598863.123103836551309 ], [ 4568145.288830010220408, 4598873.437692407518625 ], [ 4568151.879355520009995, 4598879.555113468319178 ], [ 4568155.341508427634835, 4598883.531120392493904 ], [ 4568156.875832497142255, 4598886.591816052794456 ], [ 4568158.491554918698967, 4598890.01903188880533 ], [ 4568159.635115611366928, 4598891.983147101476789 ], [ 4568160.990664766170084, 4598893.574145999737084 ], [ 4568164.992771825753152, 4598895.401539109647274 ], [ 4568176.864426488056779, 4598898.086902185343206 ], [ 4568188.90075648855418, 4598899.338580127805471 ] ] ] } },
{ "type": "Feature", "properties": { "fid": 857, "OBJECTID": 1014, "TIP": 2, "AD": "SANAYİ", "SHAPE_Leng": 48.428248317700003, "DÜZENLENE": null }, "geometry": { "type": "MultiLineString", "coordinates": [ [ [ 4563212.02176804561168, 4601163.033352956175804 ], [ 4563210.966996634379029, 4601224.764514102600515 ] ] ] } },
{ "type": "Feature", "properties": { "fid": 858, "OBJECTID": 799, "TIP": 2, "AD": "ESKİBİTLİS", "SHAPE_Leng": 49.099626394700003, "DÜZENLENE": null }, "geometry": { "type": "MultiLineString", "coordinates": [ [ [ 4564791.057627678848803, 4599099.486361631192267 ], [ 4564771.344138870947063, 4599110.641361122019589 ], [ 4564752.764142564497888, 4599118.101223480887711 ], [ 4564734.337142284028232, 4599125.055671663954854 ] ] ] } },
{ "type": "Feature", "properties": { "fid": 859, "OBJECTID": 800, "TIP": 2, "AD": "DİYARBAKIR", "SHAPE_Leng": 129.00444439899999, "DÜZENLENE": null }, "geometry": { "type": "MultiLineString", "coordinates": [ [ [ 4564688.626819084398448, 4600380.818625129759312 ], [ 4564682.498399605043232, 4600382.560224570333958 ], [ 4564657.773682743310928, 4600389.586509856395423 ], [ 4564621.789710902608931, 4600399.364254663698375 ], [ 4564575.62802517786622, 4600410.802250059321523 ], [ 4564540.576653437688947, 4600418.13033649418503 ], [ 4564530.409131409600377, 4600422.544863427057862 ] ] ] } },
{ "type": "Feature", "properties": { "fid": 860, "OBJECTID": 801, "TIP": 2, "AD": "DİYARBAKIR", "SHAPE_Leng": 23.658268070199998, "DÜZENLENE": null }, "geometry": { "type": "MultiLineString", "coordinates": [ [ [ 4564161.827937470749021, 4600518.916795988567173 ], [ 4564132.752199710346758, 4600526.475332445465028 ] ] ] } },
{ "type": "Feature", "properties": { "fid": 861, "OBJECTID": 802, "TIP": 2, "AD": "DİYARBAKIR", "SHAPE_Leng": 157.947793706, "DÜZENLENE": null }, "geometry": { "type": "MultiLineString", "coordinates": [ [ [ 4563809.170328389853239, 4600607.520607916638255 ], [ 4563752.417434660717845, 4600622.445858274586499 ], [ 4563694.622548757120967, 4600637.752800886519253 ], [ 4563614.483066296204925, 4600655.566662155091763 ] ] ] } },
{ "type": "Feature", "properties": { "fid": 862, "OBJECTID": 803, "TIP": 2, "AD": "DİYARBAKIR", "SHAPE_Leng": 357.24539136300001, "DÜZENLENE": null }, "geometry": { "type": "MultiLineString", "coordinates": [ [ [ 4563614.483066296204925, 4600655.566662155091763 ], [ 4563568.407624370418489, 4600669.045255584642291 ], [ 4563474.298017811030149, 4600693.457748400978744 ], [ 4563384.948566314764321, 4600715.292425150051713 ], [ 4563289.385271412320435, 4600739.847068775445223 ], [ 4563211.02429667674005, 4600762.34289697278291 ], [ 4563175.447509678080678, 4600769.295652663335204 ] ] ] } },
{ "type": "Feature", "properties": { "fid": 863, "OBJECTID": 804, "TIP": 2, "AD": "DİYARBAKIR", "SHAPE_Leng": 206.30163237599999, "DÜZENLENE": null }, "geometry": { "type": "MultiLineString", "coordinates": [ [ [ 4562763.188039663247764, 4600875.548174042254686 ], [ 4562712.927472796291113, 4600888.236186007969081 ], [ 4562663.749971890822053, 4600901.305515880696476 ], [ 4562617.624695763923228, 4600912.5546107692644 ], [ 4562539.949553792364895, 4600931.63462133333087 ], [ 4562509.065689627081156, 4600939.181495594792068 ] ] ] } },
{ "type": "Feature", "properties": { "fid": 864, "OBJECTID": 805, "TIP": 1, "AD": "636", "SHAPE_Leng": 19.147000871900001, "DÜZENLENE": null }, "geometry": { "type": "MultiLineString", "coordinates": [ [ [ 4563726.365763869136572, 4600200.860006210394204 ], [ 4563711.259948093444109, 4600203.768236602656543 ], [ 4563702.693093840032816, 4600206.283499106764793 ] ] ] } },
{ "type": "Feature", "properties": { "fid": 865, "OBJECTID": 806, "TIP": 1, "AD": "340", "SHAPE_Leng": 87.7484243408, "DÜZENLENE": null }, "geometry": { "type": "MultiLineString", "coordinates": [ [ [ 4565358.514342666603625, 4598974.215590777806938 ], [ 4565358.568742369301617, 4598967.716877833940089 ], [ 4565360.385153815150261, 4598959.745151643641293 ], [ 4565361.58871029689908, 4598945.794505777768791 ], [ 4565361.26165375765413, 4598921.310886038467288 ], [ 4565362.454904924146831, 4598908.1295309914276 ], [ 4565361.938981943763793, 4598888.685927160084248 ], [ 4565360.303497866727412, 4598873.837597156874835 ], [ 4565360.159635667689145, 4598862.785415453836322 ] ] ] } },
{ "type": "Feature", "properties": { "fid": 866, "OBJECTID": 807, "TIP": 1, "AD": "332", "SHAPE_Leng": 75.034024752299999, "DÜZENLENE": null }, "geometry": { "type": "MultiLineString", "coordinates": [ [ [ 4565299.141142107546329, 4598783.332463972270489 ], [ 4565300.23763676173985, 4598781.601658168248832 ], [ 4565300.677079821936786, 4598779.357358885928988 ], [ 4565300.520026817917824, 4598776.652302883565426 ], [ 4565300.374540531076491, 4598774.147788737900555 ], [ 4565295.192751861177385, 4598723.643809547647834 ], [ 4565292.370872393250465, 4598695.53078369051218 ], [ 4565292.058570984750986, 4598692.620688494294882 ], [ 4565291.618341290391982, 4598688.518957461230457 ] ] ] } },
{ "type": "Feature", "properties": { "fid": 867, "OBJECTID": 808, "TIP": 1, "AD": "355", "SHAPE_Leng": 23.3290862582, "DÜZENLENE": null }, "geometry": { "type": "MultiLineString", "coordinates": [ [ [ 4565226.092738148756325, 4598785.998473169282079 ], [ 4565234.650626232847571, 4598784.686874798499048 ], [ 4565248.856901274062693, 4598784.040324528701603 ], [ 4565255.58875476475805, 4598783.893790300935507 ] ] ] } },
{ "type": "Feature", "properties": { "fid": 868, "OBJECTID": 809, "TIP": 1, "AD": "355", "SHAPE_Leng": 19.292236294599999, "DÜZENLENE": null }, "geometry": { "type": "MultiLineString", "coordinates": [ [ [ 4565299.141142107546329, 4598783.332463972270489 ], [ 4565323.564427264034748, 4598785.110134887509048 ] ] ] } },
{ "type": "Feature", "properties": { "fid": 869, "OBJECTID": 810, "TIP": 1, "AD": "710", "SHAPE_Leng": 61.0373326725, "DÜZENLENE": null }, "geometry": { "type": "MultiLineString", "coordinates": [ [ [ 4563851.177857866510749, 4600610.298478062264621 ], [ 4563855.601600296795368, 4600620.416465889662504 ], [ 4563857.13928057719022, 4600623.697827538475394 ], [ 4563867.94900609832257, 4600647.304960234090686 ], [ 4563885.021570863202214, 4600675.724670672789216 ], [ 4563887.003106458112597, 4600679.149708043783903 ] ] ] } },
{ "type": "Feature", "properties": { "fid": 870, "OBJECTID": 811, "TIP": 1, "AD": "714", "SHAPE_Leng": 113.241546408, "DÜZENLENE": null }, "geometry": { "type": "MultiLineString", "coordinates": [ [ [ 4563766.353165617212653, 4600633.844180466607213 ], [ 4563763.550273223780096, 4600646.073400442488492 ], [ 4563770.417314587160945, 4600669.244060976430774 ], [ 4563778.030718120746315, 4600684.337108093313873 ], [ 4563790.720202947966754, 4600701.606010782532394 ], [ 4563796.145405298098922, 4600709.135898151434958 ], [ 4563803.950553980655968, 4600728.422392729669809 ], [ 4563813.103915325365961, 4600747.904553281143308 ], [ 4563822.494273432530463, 4600762.770901501178741 ] ] ] } },
{ "type": "Feature", "properties": { "fid": 871, "OBJECTID": 812, "TIP": 1, "AD": "709", "SHAPE_Leng": 22.982249940399999, "DÜZENLENE": null }, "geometry": { "type": "MultiLineString", "coordinates": [ [ [ 4563822.494273432530463, 4600762.770901501178741 ], [ 4563848.268202381208539, 4600749.03960251994431 ] ] ] } },
{ "type": "Feature", "properties": { "fid": 872, "OBJECTID": 813, "TIP": 2, "AD": "DİYARBAKIR", "SHAPE_Leng": 103.551023884, "DÜZENLENE": null }, "geometry": { "type": "MultiLineString", "coordinates": [ [ [ 4562509.065689627081156, 4600939.181495594792068 ], [ 4562409.640803935937583, 4600965.610947510227561 ], [ 4562381.461787550710142, 4600970.60818428080529 ] ] ] } },
{ "type": "Feature", "properties": { "fid": 873, "OBJECTID": 814, "TIP": 2, "AD": "DİYARBAKIR", "SHAPE_Leng": 43.3309062457, "DÜZENLENE": null }, "geometry": { "type": "MultiLineString", "coordinates": [ [ [ 4562381.461787550710142, 4600970.60818428080529 ], [ 4562378.481539773754776, 4600971.345906178466976 ], [ 4562328.049040714278817, 4600983.82902914378792 ] ] ] } },
{ "type": "Feature", "properties": { "fid": 874, "OBJECTID": 815, "TIP": 2, "AD": "DİYARBAKIR", "SHAPE_Leng": 389.452860332, "DÜZENLENE": null }, "geometry": { "type": "MultiLineString", "coordinates": [ [ [ 4561368.248128978535533, 4601182.011632284149528 ], [ 4561306.659421941265464, 4601174.017299256287515 ], [ 4561247.337072956375778, 4601158.821425906382501 ], [ 4561191.33615696337074, 4601141.799708852544427 ], [ 4561181.222995741292834, 4601138.147815383970737 ], [ 4561137.704955874942243, 4601122.432901934720576 ], [ 4561074.747519431635737, 4601094.223184432834387 ], [ 4561017.806886982172728, 4601070.877903960645199 ], [ 4560950.634342277422547, 4601040.328293282538652 ], [ 4560903.174804022535682, 4601020.423769821412861 ] ] ] } },
{ "type": "Feature", "properties": { "fid": 875, "OBJECTID": 816, "TIP": 2, "AD": "GÜL", "SHAPE_Leng": 34.322361302799997, "DÜZENLENE": null }, "geometry": { "type": "MultiLineString", "coordinates": [ [ [ 4565041.006318543106318, 4600088.435285521671176 ], [ 4565043.771983713842928, 4600090.196901804767549 ], [ 4565054.144450282678008, 4600096.803314686752856 ], [ 4565073.702667505480349, 4600116.941051677800715 ] ] ] } },
{ "type": "Feature", "properties": { "fid": 876, "OBJECTID": 817, "TIP": 2, "AD": "GÜL", "SHAPE_Leng": 34.446524058999998, "DÜZENLENE": null }, "geometry": { "type": "MultiLineString", "coordinates": [ [ [ 4565073.702667505480349, 4600116.941051677800715 ], [ 4565092.099162503145635, 4600131.312565742991865 ], [ 4565110.346016862429678, 4600140.518039995804429 ] ] ] } },
{ "type": "Feature", "properties": { "fid": 877, "OBJECTID": 818, "TIP": 1, "AD": "HASTANE", "SHAPE_Leng": 95.504354586399998, "DÜZENLENE": null }, "geometry": { "type": "MultiLineString", "coordinates": [ [ [ 4564014.19277068413794, 4600298.329039479605854 ], [ 4564024.563824382610619, 4600291.502327570691705 ], [ 4564031.425305811688304, 4600288.115093559026718 ], [ 4564044.34274163749069, 4600283.653808693401515 ], [ 4564053.214328526519239, 4600281.872199743054807 ], [ 4564073.959120289422572, 4600279.309011552482843 ], [ 4564100.485974226146936, 4600275.110870227217674 ], [ 4564130.477049830369651, 4600268.380065049044788 ] ] ] } },
{ "type": "Feature", "properties": { "fid": 878, "OBJECTID": 819, "TIP": 2, "AD": "DİYARBAKIR", "SHAPE_Leng": 9.96823464661, "DÜZENLENE": null }, "geometry": { "type": "MultiLineString", "coordinates": [ [ [ 4564701.154709943570197, 4600379.025503857061267 ], [ 4564688.626819084398448, 4600380.818625129759312 ] ] ] } },
{ "type": "Feature", "properties": { "fid": 879, "OBJECTID": 820, "TIP": 2, "AD": "DR.İSMAİL BEŞİKCİ", "SHAPE_Leng": 60.604802345400003, "DÜZENLENE": null }, "geometry": { "type": "MultiLineString", "coordinates": [ [ [ 4564062.748565875925124, 4599512.781110914424062 ], [ 4564018.183150020428002, 4599514.960440065711737 ], [ 4563986.004333652555943, 4599512.013826468959451 ] ] ] } },
{ "type": "Feature", "properties": { "fid": 880, "OBJECTID": 821, "TIP": 2, "AD": "613", "SHAPE_Leng": 34.359158759099998, "DÜZENLENE": null }, "geometry": { "type": "MultiLineString", "coordinates": [ [ [ 4564205.309029312804341, 4599832.108765578828752 ], [ 4564181.803178132511675, 4599824.142733030952513 ], [ 4564167.213436274789274, 4599812.22438985761255 ] ] ] } },
{ "type": "Feature", "properties": { "fid": 881, "OBJECTID": 822, "TIP": 2, "AD": "FIRAT SİMPİL", "SHAPE_Leng": 32.118583665199999, "DÜZENLENE": null }, "geometry": { "type": "MultiLineString", "coordinates": [ [ [ 4564577.315306823700666, 4601025.135788581334054 ], [ 4564581.714469640515745, 4601039.320214842446148 ], [ 4564586.778998865745962, 4601056.079544577747583 ], [ 4564587.932008320465684, 4601064.577276084572077 ] ] ] } },
{ "type": "Feature", "properties": { "fid": 882, "OBJECTID": 823, "TIP": 1, "AD": "843", "SHAPE_Leng": 54.8615117294, "DÜZENLENE": null }, "geometry": { "type": "MultiLineString", "coordinates": [ [ [ 4564545.114549933001399, 4600927.692638659849763 ], [ 4564553.273148039355874, 4600924.080192053690553 ], [ 4564555.067243123427033, 4600923.445630513131618 ], [ 4564566.077427617274225, 4600919.551187398843467 ], [ 4564579.588458157144487, 4600913.522437074221671 ], [ 4564593.520992001518607, 4600911.465630305930972 ], [ 4564611.596941169351339, 4600908.661764930002391 ] ] ] } },
{ "type": "Feature", "properties": { "fid": 883, "OBJECTID": 824, "TIP": 1, "AD": "843", "SHAPE_Leng": 43.231928080199999, "DÜZENLENE": null }, "geometry": { "type": "MultiLineString", "coordinates": [ [ [ 4564611.596941169351339, 4600908.661764930002391 ], [ 4564612.742072897963226, 4600908.484140085056424 ], [ 4564634.175615929998457, 4600902.148396937176585 ], [ 4564650.711959503591061, 4600897.073597525246441 ], [ 4564664.037074903026223, 4600892.469033680856228 ] ] ] } },
{ "type": "Feature", "properties": { "fid": 884, "OBJECTID": 825, "TIP": 1, "AD": "840", "SHAPE_Leng": 70.119869000400001, "DÜZENLENE": null }, "geometry": { "type": "MultiLineString", "coordinates": [ [ [ 4564594.528903951868415, 4600820.95853937137872 ], [ 4564597.905466753989458, 4600838.383946608752012 ], [ 4564601.322276717983186, 4600853.514291486702859 ], [ 4564602.954557379707694, 4600862.745490805245936 ], [ 4564606.260206444188952, 4600878.957938763312995 ], [ 4564610.061097229830921, 4600897.363858910277486 ], [ 4564611.596941169351339, 4600908.661764930002391 ] ] ] } },
{ "type": "Feature", "properties": { "fid": 885, "OBJECTID": 826, "TIP": 1, "AD": "806", "SHAPE_Leng": 61.4215003387, "DÜZENLENE": null }, "geometry": { "type": "MultiLineString", "coordinates": [ [ [ 4564521.741236413829029, 4600841.651037062518299 ], [ 4564531.632623034529388, 4600834.635837509296834 ], [ 4564549.491349877789617, 4600827.680664733052254 ], [ 4564560.64328137319535, 4600821.320789027027786 ], [ 4564594.528903951868415, 4600820.95853937137872 ] ] ] } },
{ "type": "Feature", "properties": { "fid": 886, "OBJECTID": 827, "TIP": 1, "AD": "806", "SHAPE_Leng": 96.842079377299996, "DÜZENLENE": null }, "geometry": { "type": "MultiLineString", "coordinates": [ [ [ 4564594.528903951868415, 4600820.95853937137872 ], [ 4564611.534346734173596, 4600819.31624722853303 ], [ 4564636.984578073956072, 4600819.573350352235138 ], [ 4564656.569137470796704, 4600819.957772234454751 ], [ 4564680.307298766449094, 4600819.757198197767138 ], [ 4564692.730238282121718, 4600819.374916576780379 ], [ 4564717.335267507471144, 4600817.82827684469521 ] ] ] } },
{ "type": "Feature", "properties": { "fid": 887, "OBJECTID": 828, "TIP": 1, "AD": "115", "SHAPE_Leng": 77.284449621799993, "DÜZENLENE": null }, "geometry": { "type": "MultiLineString", "coordinates": [ [ [ 4564489.647379078902304, 4599866.002503453753889 ], [ 4564509.983919615857303, 4599863.865355338901281 ], [ 4564525.693811397999525, 4599864.410718916915357 ], [ 4564548.65454354789108, 4599863.575072320178151 ], [ 4564569.133356112986803, 4599862.928267097100616 ], [ 4564587.608140872791409, 4599862.993791608139873 ] ] ] } },
{ "type": "Feature", "properties": { "fid": 888, "OBJECTID": 829, "TIP": 2, "AD": "ZÜBEYDE HANIM", "SHAPE_Leng": 184.47218103200001, "DÜZENLENE": null }, "geometry": { "type": "MultiLineString", "coordinates": [ [ [ 4564732.887686083093286, 4599941.550771306268871 ], [ 4564750.463478771038353, 4599934.017161102034152 ], [ 4564792.17622691206634, 4599917.86291482578963 ], [ 4564879.184229791164398, 4599883.451792827807367 ], [ 4564928.520550927147269, 4599865.64688353613019 ], [ 4564951.271511550061405, 4599856.744852708652616 ] ] ] } },
{ "type": "Feature", "properties": { "fid": 889, "OBJECTID": 830, "TIP": 1, "AD": "556", "SHAPE_Leng": 189.281358275, "DÜZENLENE": null }, "geometry": { "type": "MultiLineString", "coordinates": [ [ [ 4563422.073792357929051, 4599728.285299316048622 ], [ 4563421.968009233474731, 4599728.37938311509788 ], [ 4563411.727184616960585, 4599720.046430042944849 ], [ 4563391.518492004834116, 4599713.843845643103123 ], [ 4563368.380945948883891, 4599708.925511686131358 ], [ 4563345.075188503600657, 4599706.190104080364108 ], [ 4563294.412673367187381, 4599693.519972034730017 ], [ 4563270.162543940357864, 4599684.327822406776249 ], [ 4563262.745066415518522, 4599676.796490952372551 ], [ 4563256.772262657992542, 4599648.858539883978665 ], [ 4563248.819938941858709, 4599633.917330601252615 ], [ 4563239.886431724764407, 4599610.79304885584861 ] ] ] } },
{ "type": "Feature", "properties": { "fid": 890, "OBJECTID": 831, "TIP": 2, "AD": "ZÜBEYDE HANIM", "SHAPE_Leng": 65.036146155899999, "DÜZENLENE": null }, "geometry": { "type": "MultiLineString", "coordinates": [ [ [ 4564656.754888063296676, 4599973.558716317638755 ], [ 4564678.533695408143103, 4599963.512036979198456 ], [ 4564704.504710447974503, 4599952.692522645927966 ], [ 4564732.887686083093286, 4599941.550771306268871 ] ] ] } },
{ "type": "Feature", "properties": { "fid": 891, "OBJECTID": 832, "TIP": 2, "AD": "ZÜBEYDE HANIM", "SHAPE_Leng": 37.686241515799999, "DÜZENLENE": null }, "geometry": { "type": "MultiLineString", "coordinates": [ [ [ 4564610.600338988937438, 4599985.639471394941211 ], [ 4564644.722094815224409, 4599978.414913170970976 ], [ 4564652.98946635145694, 4599975.07844740524888 ], [ 4564656.754888063296676, 4599973.558716317638755 ] ] ] } },
{ "type": "Feature", "properties": { "fid": 892, "OBJECTID": 833, "TIP": 2, "AD": "ZÜBEYDE HANIM", "SHAPE_Leng": 43.357356382699997, "DÜZENLENE": null }, "geometry": { "type": "MultiLineString", "coordinates": [ [ [ 4564558.160420387983322, 4600002.424237574450672 ], [ 4564610.600338988937438, 4599985.639471394941211 ] ] ] } },
{ "type": "Feature", "properties": { "fid": 893, "OBJECTID": 834, "TIP": 2, "AD": "EVLİBEDEN", "SHAPE_Leng": 56.253287861300002, "DÜZENLENE": null }, "geometry": { "type": "MultiLineString", "coordinates": [ [ [ 4565111.740338524803519, 4599811.972992662340403 ], [ 4565131.221728942357004, 4599807.105475584976375 ], [ 4565162.202503365464509, 4599794.961658052168787 ], [ 4565177.340198022313416, 4599785.042178162373602 ] ] ] } },
{ "type": "Feature", "properties": { "fid": 894, "OBJECTID": 835, "TIP": 1, "AD": "761", "SHAPE_Leng": 30.1852834679, "DÜZENLENE": null }, "geometry": { "type": "MultiLineString", "coordinates": [ [ [ 4562801.868343662470579, 4601525.800637412816286 ], [ 4562812.839383917860687, 4601554.440120535902679 ], [ 4562815.627679172903299, 4601561.71882781945169 ] ] ] } },
{ "type": "Feature", "properties": { "fid": 895, "OBJECTID": 836, "TIP": 1, "AD": "761", "SHAPE_Leng": 50.871404659100001, "DÜZENLENE": null }, "geometry": { "type": "MultiLineString", "coordinates": [ [ [ 4562815.627679172903299, 4601561.71882781945169 ], [ 4562840.205232540145516, 4601621.697147546336055 ] ] ] } },
{ "type": "Feature", "properties": { "fid": 896, "OBJECTID": 837, "TIP": 1, "AD": "1150", "SHAPE_Leng": 24.460365345, "DÜZENLENE": null }, "geometry": { "type": "MultiLineString", "coordinates": [ [ [ 4568312.221730196848512, 4598598.607496215961874 ], [ 4568328.967562966048717, 4598624.859435594640672 ] ] ] } },
{ "type": "Feature", "properties": { "fid": 897, "OBJECTID": 838, "TIP": 1, "AD": "1039", "SHAPE_Leng": 207.86260900900001, "DÜZENLENE": null }, "geometry": { "type": "MultiLineString", "coordinates": [ [ [ 4565662.215345894917846, 4598552.911028079688549 ], [ 4565652.951784712262452, 4598546.82891985680908 ], [ 4565612.584999756887555, 4598528.595152706839144 ], [ 4565592.328788815997541, 4598513.520740290172398 ], [ 4565578.060266525484622, 4598495.729901561513543 ], [ 4565567.180930254049599, 4598474.154779660515487 ], [ 4565545.084022727794945, 4598436.0716940946877 ], [ 4565539.494972947053611, 4598422.960220333188772 ], [ 4565540.434015220962465, 4598416.679434929043055 ], [ 4565540.289443828165531, 4598409.990484271198511 ], [ 4565540.135547575540841, 4598402.870083534158766 ], [ 4565541.256902423687279, 4598395.074281383305788 ], [ 4565539.127174261026084, 4598386.054113456979394 ], [ 4565538.0578678753227, 4598376.363230111077428 ], [ 4565537.91796476021409, 4598369.890159062109888 ], [ 4565537.343608643859625, 4598363.210604881867766 ], [ 4565537.848324684426188, 4598356.723493387922645 ], [ 4565540.174970841966569, 4598345.015795834362507 ] ] ] } },
{ "type": "Feature", "properties": { "fid": 898, "OBJECTID": 839, "TIP": 2, "AD": "ANADOLU", "SHAPE_Leng": 49.940168026000002, "DÜZENLENE": null }, "geometry": { "type": "MultiLineString", "coordinates": [ [ [ 4565579.254615410231054, 4599025.338416851125658 ], [ 4565557.669080294668674, 4599039.976492616347969 ], [ 4565525.426527087576687, 4599058.894530219957232 ] ] ] } },
{ "type": "Feature", "properties": { "fid": 899, "OBJECTID": 840, "TIP": 2, "AD": "FIRAT SİMPİL", "SHAPE_Leng": 59.857352580499999, "DÜZENLENE": null }, "geometry": { "type": "MultiLineString", "coordinates": [ [ [ 4564527.140334311872721, 4600439.436656426638365 ], [ 4564523.740461799316108, 4600468.793860229663551 ], [ 4564520.125878759659827, 4600488.16970365960151 ], [ 4564513.822642548941076, 4600514.455878192558885 ] ] ] } },
{ "type": "Feature", "properties": { "fid": 900, "OBJECTID": 841, "TIP": 1, "AD": "827", "SHAPE_Leng": 124.59943395099999, "DÜZENLENE": null }, "geometry": { "type": "MultiLineString", "coordinates": [ [ [ 4564513.822642548941076, 4600514.455878192558885 ], [ 4564534.712381200864911, 4600519.850214275531471 ], [ 4564560.770596900954843, 4600528.618425186723471 ], [ 4564590.135920461267233, 4600537.539837812073529 ], [ 4564610.580891940742731, 4600543.056148867122829 ], [ 4564629.578875279985368, 4600547.661035471595824 ], [ 4564667.272502718493342, 4600549.415931714698672 ] ] ] } },
{ "type": "Feature", "properties": { "fid": 901, "OBJECTID": 842, "TIP": 2, "AD": "FIRAT SİMPİL", "SHAPE_Leng": 56.915974589299999, "DÜZENLENE": null }, "geometry": { "type": "MultiLineString", "coordinates": [ [ [ 4564500.988715293817222, 4600622.495219826698303 ], [ 4564499.09049441292882, 4600640.982325962744653 ], [ 4564494.353082643821836, 4600670.639054388739169 ], [ 4564490.834045482799411, 4600694.312867202796042 ] ] ] } },
{ "type": "Feature", "properties": { "fid": 902, "OBJECTID": 843, "TIP": 1, "AD": "835", "SHAPE_Leng": 112.939752398, "DÜZENLENE": null }, "geometry": { "type": "MultiLineString", "coordinates": [ [ [ 4564490.834045482799411, 4600694.312867202796042 ], [ 4564505.97628138307482, 4600694.195688395760953 ], [ 4564533.02070991601795, 4600693.608758335001767 ], [ 4564557.855941890738904, 4600690.28065906278789 ], [ 4564587.203029363416135, 4600692.612573982216418 ], [ 4564607.149253404699266, 4600695.238406985066831 ], [ 4564618.109573793597519, 4600696.637817197479308 ], [ 4564623.61566501762718, 4600696.518267191015184 ] ] ] } },
{ "type": "Feature", "properties": { "fid": 903, "OBJECTID": 844, "TIP": 1, "AD": "845", "SHAPE_Leng": 233.19364845600001, "DÜZENLENE": null }, "geometry": { "type": "MultiLineString", "coordinates": [ [ [ 4564568.018947469070554, 4600996.10477564111352 ], [ 4564574.647096678614616, 4600994.801523273810744 ], [ 4564579.904899892397225, 4600993.767616591416299 ], [ 4564599.729512018151581, 4600983.440669321455061 ], [ 4564613.219498514197767, 4600975.387871708720922 ], [ 4564626.73172614350915, 4600963.173654780723155 ], [ 4564636.138517963699996, 4600952.735470725223422 ], [ 4564642.950518193654716, 4600946.627147603780031 ], [ 4564658.877812515944242, 4600937.7566900216043 ], [ 4564672.001989707350731, 4600930.807014217600226 ], [ 4564677.042625613510609, 4600930.062902555800974 ], [ 4564680.935866679064929, 4600934.738701550289989 ], [ 4564688.664004575461149, 4600960.594088782556355 ], [ 4564684.707674409262836, 4600971.584164998494089 ], [ 4564669.593441968783736, 4600985.637210504151881 ], [ 4564643.738810048438609, 4601001.988214340060949 ], [ 4564616.742730431258678, 4601015.26011867262423 ], [ 4564590.67605316825211, 4601021.764069058001041 ], [ 4564582.604616465978324, 4601023.801022524014115 ], [ 4564577.315306823700666, 4601025.135788581334054 ] ] ] } },
{ "type": "Feature", "properties": { "fid": 904, "OBJECTID": 845, "TIP": 1, "AD": "725", "SHAPE_Leng": 90.546324345900004, "DÜZENLENE": null }, "geometry": { "type": "MultiLineString", "coordinates": [ [ [ 4564486.353448871523142, 4600896.128895008005202 ], [ 4564459.818793389946222, 4600897.734715555794537 ], [ 4564434.47978722769767, 4600900.578699519857764 ], [ 4564418.647186218760908, 4600895.524008393287659 ], [ 4564376.810071921907365, 4600875.702904210425913 ] ] ] } },
{ "type": "Feature", "properties": { "fid": 905, "OBJECTID": 846, "TIP": 1, "AD": "617", "SHAPE_Leng": 52.673536302700001, "DÜZENLENE": null }, "geometry": { "type": "MultiLineString", "coordinates": [ [ [ 4563913.00493910163641, 4599786.971025523729622 ], [ 4563879.25048257689923, 4599813.110398795455694 ], [ 4563888.349246834404767, 4599856.360430585220456 ] ] ] } },
{ "type": "Feature", "properties": { "fid": 906, "OBJECTID": 847, "TIP": 1, "AD": "553", "SHAPE_Leng": 64.467159905000003, "DÜZENLENE": null }, "geometry": { "type": "MultiLineString", "coordinates": [ [ [ 4563492.887011845596135, 4599688.202281589619815 ], [ 4563473.05762566998601, 4599699.477294285781682 ], [ 4563444.829419243149459, 4599719.967624250799417 ], [ 4563422.073792357929051, 4599728.285299316048622 ] ] ] } },
{ "type": "Feature", "properties": { "fid": 907, "OBJECTID": 849, "TIP": 1, "AD": "307", "SHAPE_Leng": 56.615404015099998, "DÜZENLENE": null }, "geometry": { "type": "MultiLineString", "coordinates": [ [ [ 4565280.745731771923602, 4599166.930501008406281 ], [ 4565295.333891589194536, 4599160.17311944346875 ], [ 4565315.084666634909809, 4599146.222392201423645 ], [ 4565333.503862893208861, 4599133.620695459656417 ], [ 4565342.430291159078479, 4599130.784162420779467 ] ] ] } },
{ "type": "Feature", "properties": { "fid": 908, "OBJECTID": 850, "TIP": 1, "AD": "338", "SHAPE_Leng": 33.8497911288, "DÜZENLENE": null }, "geometry": { "type": "MultiLineString", "coordinates": [ [ [ 4565355.264586991630495, 4599105.255162404850125 ], [ 4565376.73775636497885, 4599097.838686420582235 ], [ 4565395.885294708423316, 4599091.619614874944091 ], [ 4565396.019557496532798, 4599091.616690319031477 ] ] ] } },
{ "type": "Feature", "properties": { "fid": 909, "OBJECTID": 851, "TIP": 1, "AD": "338", "SHAPE_Leng": 68.566263262199996, "DÜZENLENE": null }, "geometry": { "type": "MultiLineString", "coordinates": [ [ [ 4565273.031546607613564, 4599133.768284846097231 ], [ 4565320.368800643831491, 4599118.621971309185028 ], [ 4565333.966603795066476, 4599113.630346946418285 ], [ 4565355.264586991630495, 4599105.255162404850125 ] ] ] } },
{ "type": "Feature", "properties": { "fid": 910, "OBJECTID": 852, "TIP": 1, "AD": "316", "SHAPE_Leng": 32.3395284315, "DÜZENLENE": null }, "geometry": { "type": "MultiLineString", "coordinates": [ [ [ 4565261.294479270465672, 4599094.342623482458293 ], [ 4565264.272787132300436, 4599104.611873514950275 ], [ 4565270.7066989261657, 4599122.55230734217912 ], [ 4565273.031546607613564, 4599133.768284846097231 ] ] ] } },
{ "type": "Feature", "properties": { "fid": 911, "OBJECTID": 853, "TIP": 1, "AD": "307", "SHAPE_Leng": 24.126654675800001, "DÜZENLENE": null }, "geometry": { "type": "MultiLineString", "coordinates": [ [ [ 4565258.977841902524233, 4599188.281172311864793 ], [ 4565265.900421279482543, 4599179.226130543276668 ], [ 4565279.800840359181166, 4599167.499417429789901 ], [ 4565280.745731771923602, 4599166.930501008406281 ] ] ] } },
{ "type": "Feature", "properties": { "fid": 912, "OBJECTID": 854, "TIP": 1, "AD": "316", "SHAPE_Leng": 26.817006932799998, "DÜZENLENE": null }, "geometry": { "type": "MultiLineString", "coordinates": [ [ [ 4565273.031546607613564, 4599133.768284846097231 ], [ 4565273.975690889172256, 4599140.156883040443063 ], [ 4565274.414066245779395, 4599145.477529854513705 ], [ 4565277.604194777086377, 4599157.388267355971038 ], [ 4565280.745731771923602, 4599166.930501008406281 ] ] ] } },
{ "type": "Feature", "properties": { "fid": 913, "OBJECTID": 855, "TIP": 1, "AD": "307", "SHAPE_Leng": 114.146109524, "DÜZENLENE": null }, "geometry": { "type": "MultiLineString", "coordinates": [ [ [ 4565115.990528757683933, 4599321.57452280074358 ], [ 4565118.187596614472568, 4599321.253885612823069 ], [ 4565121.428593792021275, 4599319.510265869088471 ], [ 4565123.374410125426948, 4599317.5249187881127 ], [ 4565128.66897036973387, 4599311.310784101486206 ], [ 4565143.741092949174345, 4599291.293300614692271 ], [ 4565159.695632370188832, 4599274.079726409167051 ], [ 4565176.354030454531312, 4599255.23167182598263 ], [ 4565189.984388225711882, 4599239.283062530681491 ], [ 4565203.732778318226337, 4599225.693191447295249 ], [ 4565214.403206072747707, 4599216.058594172820449 ] ] ] } },
{ "type": "Feature", "properties": { "fid": 914, "OBJECTID": 856, "TIP": 1, "AD": "307", "SHAPE_Leng": 53.120208255800001, "DÜZENLENE": null }, "geometry": { "type": "MultiLineString", "coordinates": [ [ [ 4565214.403206072747707, 4599216.058594172820449 ], [ 4565218.40587315056473, 4599219.929369149729609 ], [ 4565227.183928141370416, 4599227.34199604857713 ], [ 4565232.472578583285213, 4599222.894153448753059 ], [ 4565236.929502177983522, 4599217.723679959774017 ], [ 4565241.053733692504466, 4599212.07482835277915 ], [ 4565248.09667101316154, 4599202.206558047793806 ], [ 4565258.977841902524233, 4599188.281172311864793 ] ] ] } },
{ "type": "Feature", "properties": { "fid": 915, "OBJECTID": 857, "TIP": 2, "AD": "GAZİ", "SHAPE_Leng": 22.820705893100001, "DÜZENLENE": null }, "geometry": { "type": "MultiLineString", "coordinates": [ [ [ 4565272.343757510185242, 4599469.716848048381507 ], [ 4565300.866468888707459, 4599464.636648760177195 ] ] ] } },
{ "type": "Feature", "properties": { "fid": 916, "OBJECTID": 858, "TIP": 1, "AD": "503", "SHAPE_Leng": 15.4586628777, "DÜZENLENE": null }, "geometry": { "type": "MultiLineString", "coordinates": [ [ [ 4564546.448862595483661, 4599460.247905375435948 ], [ 4564544.851054333150387, 4599459.059381413273513 ], [ 4564534.961672353558242, 4599459.498886522836983 ], [ 4564527.385520661249757, 4599461.066379229538143 ] ] ] } },
{ "type": "Feature", "properties": { "fid": 917, "OBJECTID": 859, "TIP": 1, "AD": "518", "SHAPE_Leng": 41.393562114700003, "DÜZENLENE": null }, "geometry": { "type": "MultiLineString", "coordinates": [ [ [ 4564527.105089137330651, 4599512.482090657576919 ], [ 4564526.903126986697316, 4599507.746272158809006 ], [ 4564525.884809715673327, 4599500.493154497817159 ], [ 4564524.844673516228795, 4599494.308808629401028 ], [ 4564524.445064986124635, 4599490.83159744925797 ], [ 4564524.773990525864065, 4599487.383712813258171 ], [ 4564525.655987285077572, 4599479.976922652684152 ], [ 4564526.516737263649702, 4599477.719026913866401 ], [ 4564528.50941654946655, 4599475.408903015777469 ], [ 4564529.014235920272768, 4599473.886607741005719 ], [ 4564527.943905184976757, 4599465.36095548607409 ], [ 4564527.385520661249757, 4599461.066379229538143 ] ] ] } },
{ "type": "Feature", "properties": { "fid": 918, "OBJECTID": 860, "TIP": 2, "AD": "SANAYİ", "SHAPE_Leng": 42.575637234200002, "DÜZENLENE": null }, "geometry": { "type": "MultiLineString", "coordinates": [ [ [ 4562852.139418566599488, 4601859.170885071158409 ], [ 4562840.749343334697187, 4601864.014972032979131 ], [ 4562802.861699312925339, 4601881.476810235530138 ] ] ] } },
{ "type": "Feature", "properties": { "fid": 919, "OBJECTID": 861, "TIP": 2, "AD": "SANAYİ", "SHAPE_Leng": 242.16344209, "DÜZENLENE": null }, "geometry": { "type": "MultiLineString", "coordinates": [ [ [ 4562659.918254500254989, 4601962.217598142102361 ], [ 4562633.557553708553314, 4601981.285991257056594 ], [ 4562558.033423215150833, 4602042.302756302058697 ], [ 4562505.69259394146502, 4602087.968039117753506 ], [ 4562415.598076563328505, 4602149.066861511208117 ] ] ] } },
{ "type": "Feature", "properties": { "fid": 920, "OBJECTID": 862, "TIP": 1, "AD": "766", "SHAPE_Leng": 270.05454514600001, "DÜZENLENE": null }, "geometry": { "type": "MultiLineString", "coordinates": [ [ [ 4562659.918254500254989, 4601962.217598142102361 ], [ 4562548.916212845593691, 4601636.451317474246025 ] ] ] } },
{ "type": "Feature", "properties": { "fid": 921, "OBJECTID": 863, "TIP": 2, "AD": "SANAYİ", "SHAPE_Leng": 222.10592125900001, "DÜZENLENE": null }, "geometry": { "type": "MultiLineString", "coordinates": [ [ [ 4562415.598076563328505, 4602149.066861511208117 ], [ 4562358.901183908805251, 4602190.101711095310748 ], [ 4562179.790804703719914, 4602304.22338261269033 ] ] ] } },
{ "type": "Feature", "properties": { "fid": 922, "OBJECTID": 864, "TIP": 1, "AD": "624", "SHAPE_Leng": 83.474332081599997, "DÜZENLENE": null }, "geometry": { "type": "MultiLineString", "coordinates": [ [ [ 4563801.920342092402279, 4599770.775502191856503 ], [ 4563807.639141570776701, 4599781.95851500891149 ], [ 4563815.662709631025791, 4599795.170702741481364 ], [ 4563823.101771323941648, 4599811.202468142844737 ], [ 4563833.512221099808812, 4599833.796825568191707 ], [ 4563835.027474812231958, 4599839.1518489504233 ], [ 4563836.62484048306942, 4599849.328459726646543 ], [ 4563842.034742629155517, 4599868.480666991323233 ] ] ] } },
{ "type": "Feature", "properties": { "fid": 923, "OBJECTID": 865, "TIP": 1, "AD": "626", "SHAPE_Leng": 39.018011469699999, "DÜZENLENE": null }, "geometry": { "type": "MultiLineString", "coordinates": [ [ [ 4563842.034742629155517, 4599868.480666991323233 ], [ 4563824.683828599750996, 4599871.472214529290795 ], [ 4563793.093424869701266, 4599876.10590239521116 ] ] ] } },
{ "type": "Feature", "properties": { "fid": 924, "OBJECTID": 866, "TIP": 1, "AD": "1004", "SHAPE_Leng": 36.418805048199999, "DÜZENLENE": null }, "geometry": { "type": "MultiLineString", "coordinates": [ [ [ 4565421.146105838008225, 4599252.713196968659759 ], [ 4565423.599867410026491, 4599253.820440966635942 ], [ 4565427.73856661375612, 4599251.660165281035006 ], [ 4565431.392464268021286, 4599257.336635487154126 ], [ 4565436.706221195869148, 4599262.798070936463773 ], [ 4565448.988175639882684, 4599275.863379796035588 ], [ 4565453.382314234040678, 4599280.870830916799605 ] ] ] } },
{ "type": "Feature", "properties": { "fid": 925, "OBJECTID": 867, "TIP": 1, "AD": "361", "SHAPE_Leng": 25.3095231611, "DÜZENLENE": null }, "geometry": { "type": "MultiLineString", "coordinates": [ [ [ 4565053.034958211705089, 4598761.760144172236323 ], [ 4565054.650161624886096, 4598761.467747101560235 ], [ 4565070.585059336386621, 4598757.01187929417938 ], [ 4565084.307737922295928, 4598754.535413318313658 ] ] ] } },
{ "type": "Feature", "properties": { "fid": 926, "OBJECTID": 868, "TIP": 1, "AD": "1141", "SHAPE_Leng": 104.857730089, "DÜZENLENE": null }, "geometry": { "type": "MultiLineString", "coordinates": [ [ [ 4567377.330035328865051, 4598781.247101493179798 ], [ 4567356.925146331079304, 4598803.192019640468061 ], [ 4567341.612533438019454, 4598826.601962121203542 ], [ 4567326.895237634889781, 4598855.166591802611947 ], [ 4567311.110342815518379, 4598868.641606103628874 ], [ 4567290.592236235737801, 4598870.879970634356141 ], [ 4567288.686337408609688, 4598871.101976667530835 ] ] ] } },
{ "type": "Feature", "properties": { "fid": 927, "OBJECTID": 869, "TIP": 1, "AD": "726", "SHAPE_Leng": 302.01204043600001, "DÜZENLENE": null }, "geometry": { "type": "MultiLineString", "coordinates": [ [ [ 4563441.282699185423553, 4600716.171810760162771 ], [ 4563441.716573625802994, 4600762.638878542929888 ], [ 4563432.679110135883093, 4600823.832002799957991 ], [ 4563425.538025197573006, 4600892.001988221891224 ], [ 4563415.736363638192415, 4600948.893828882835805 ], [ 4563409.259540104307234, 4601010.437462002970278 ], [ 4563403.367988666519523, 4601049.238477546721697 ], [ 4563402.556301375851035, 4601069.067248654551804 ], [ 4563402.96932518389076, 4601075.806093475781381 ], [ 4563407.894353701733053, 4601084.876686934381723 ], [ 4563413.109010961838067, 4601096.050405127927661 ] ] ] } },
{ "type": "Feature", "properties": { "fid": 928, "OBJECTID": 870, "TIP": 1, "AD": "716", "SHAPE_Leng": 190.215600147, "DÜZENLENE": null }, "geometry": { "type": "MultiLineString", "coordinates": [ [ [ 4563413.109010961838067, 4601096.050405127927661 ], [ 4563336.172937666065991, 4601147.026645417325199 ], [ 4563272.48387695569545, 4601197.930262285284698 ], [ 4563231.853869082406163, 4601221.074867091141641 ], [ 4563210.966996634379029, 4601224.764514102600515 ] ] ] } },
{ "type": "Feature", "properties": { "fid": 929, "OBJECTID": 871, "TIP": 1, "AD": "1146", "SHAPE_Leng": 50.166903198900002, "DÜZENLENE": null }, "geometry": { "type": "MultiLineString", "coordinates": [ [ [ 4568165.872995685786009, 4598711.846932179294527 ], [ 4568225.991144806146622, 4598732.918444864451885 ] ] ] } },
{ "type": "Feature", "properties": { "fid": 930, "OBJECTID": 872, "TIP": 1, "AD": "1145", "SHAPE_Leng": 82.433452597599995, "DÜZENLENE": null }, "geometry": { "type": "MultiLineString", "coordinates": [ [ [ 4567573.163912087678909, 4598544.111114423722029 ], [ 4567578.07968979422003, 4598567.70047171972692 ], [ 4567583.715630633756518, 4598605.354640494100749 ], [ 4567583.155463251285255, 4598646.405791679397225 ], [ 4567583.170172072947025, 4598648.238457290455699 ] ] ] } },
{ "type": "Feature", "properties": { "fid": 931, "OBJECTID": 873, "TIP": 1, "AD": "1146", "SHAPE_Leng": 384.79216797399999, "DÜZENLENE": null }, "geometry": { "type": "MultiLineString", "coordinates": [ [ [ 4567770.90797571092844, 4598527.413876784965396 ], [ 4567772.017112074419856, 4598531.633029757067561 ], [ 4567780.334371448494494, 4598561.807176109403372 ], [ 4567796.523294852115214, 4598595.586006155237556 ], [ 4567821.008289253339171, 4598621.626593139022589 ], [ 4567859.550469525158405, 4598645.333812124095857 ], [ 4567885.24379369802773, 4598652.863335356116295 ], [ 4567932.126760086044669, 4598658.576879083178937 ], [ 4567962.144639559090137, 4598654.947358922101557 ], [ 4568014.705597919411957, 4598643.804980620741844 ], [ 4568042.413771962746978, 4598639.011700765229762 ], [ 4568057.449254730716348, 4598638.410572298802435 ], [ 4568080.385949394665658, 4598642.762222801335156 ], [ 4568114.163446239195764, 4598663.605168384499848 ], [ 4568141.189201247878373, 4598689.049486862495542 ], [ 4568165.872995685786009, 4598711.846932179294527 ] ] ] } },
{ "type": "Feature", "properties": { "fid": 932, "OBJECTID": 874, "TIP": 1, "AD": "1145", "SHAPE_Leng": 61.9736902665, "DÜZENLENE": null }, "geometry": { "type": "MultiLineString", "coordinates": [ [ [ 4567583.170172072947025, 4598648.238457290455699 ], [ 4567583.61478172801435, 4598703.400679509155452 ], [ 4567589.139418349601328, 4598726.570698740892112 ] ] ] } },
{ "type": "Feature", "properties": { "fid": 933, "OBJECTID": 875, "TIP": 1, "AD": "1143", "SHAPE_Leng": 72.525833141000007, "DÜZENLENE": null }, "geometry": { "type": "MultiLineString", "coordinates": [ [ [ 4567583.170172072947025, 4598648.238457290455699 ], [ 4567595.983944679610431, 4598640.308508082292974 ], [ 4567618.694126972928643, 4598617.861588613130152 ], [ 4567649.6568962642923, 4598595.952640246599913 ], [ 4567655.488896837458014, 4598591.613504402339458 ] ] ] } },
{ "type": "Feature", "properties": { "fid": 934, "OBJECTID": 876, "TIP": 1, "AD": "1143", "SHAPE_Leng": 42.722078097100002, "DÜZENLENE": null }, "geometry": { "type": "MultiLineString", "coordinates": [ [ [ 4567655.488896837458014, 4598591.613504402339458 ], [ 4567668.343314340338111, 4598582.049406646750867 ], [ 4567699.418873601593077, 4598561.217316866852343 ], [ 4567700.192297193221748, 4598560.833907080814242 ] ] ] } },
{ "type": "Feature", "properties": { "fid": 935, "OBJECTID": 877, "TIP": 1, "AD": "1142", "SHAPE_Leng": 85.661315388299997, "DÜZENLENE": null }, "geometry": { "type": "MultiLineString", "coordinates": [ [ [ 4567655.488896837458014, 4598591.613504402339458 ], [ 4567658.647627000696957, 4598605.692303392104805 ], [ 4567670.086965119466186, 4598632.200171449221671 ], [ 4567670.028292670845985, 4598644.906673123128712 ], [ 4567669.258982392959297, 4598655.829873999580741 ], [ 4567671.705030245706439, 4598675.564670106396079 ], [ 4567682.517130161635578, 4598695.059201753698289 ] ] ] } },
{ "type": "Feature", "properties": { "fid": 936, "OBJECTID": 878, "TIP": 1, "AD": "363", "SHAPE_Leng": 22.4505775019, "DÜZENLENE": null }, "geometry": { "type": "MultiLineString", "coordinates": [ [ [ 4564894.705592782236636, 4598846.040897566825151 ], [ 4564899.199446142651141, 4598844.379968435503542 ], [ 4564912.522186028771102, 4598842.425414824858308 ], [ 4564922.739086481742561, 4598841.682688259519637 ], [ 4564951.597859964706004, 4598843.031679305247962 ] ] ] } },
{ "type": "Feature", "properties": { "fid": 937, "OBJECTID": 879, "TIP": 2, "AD": "ESKİBİTLİS", "SHAPE_Leng": 20.837620334899999, "DÜZENLENE": null }, "geometry": { "type": "MultiLineString", "coordinates": [ [ [ 4565057.605917162261903, 4599244.253388011828065 ], [ 4565051.772985322400928, 4599235.261418373323977 ], [ 4565042.903920428827405, 4599222.175637987442315 ] ] ] } },
{ "type": "Feature", "properties": { "fid": 938, "OBJECTID": 880, "TIP": 1, "AD": "311", "SHAPE_Leng": 27.344246275, "DÜZENLENE": null }, "geometry": { "type": "MultiLineString", "coordinates": [ [ [ 4565042.903920428827405, 4599222.175637987442315 ], [ 4565048.296694107353687, 4599217.159685157239437 ], [ 4565069.902220955118537, 4599203.63282756600529 ], [ 4565070.199987699277699, 4599201.75105800293386 ] ] ] } },
{ "type": "Feature", "properties": { "fid": 939, "OBJECTID": 881, "TIP": 2, "AD": "RAUF AZİZOĞLU", "SHAPE_Leng": 245.87744484199999, "DÜZENLENE": null }, "geometry": { "type": "MultiLineString", "coordinates": [ [ [ 4561105.675288738682866, 4600655.591336692683399 ], [ 4561151.838846210390329, 4600724.451547481119633 ], [ 4561157.249734533019364, 4600734.546173107810318 ], [ 4561194.749173889867961, 4600804.504891590215266 ], [ 4561234.140017092227936, 4600887.557945086620748 ], [ 4561255.753496591001749, 4600929.854889393784106 ] ] ] } },
{ "type": "Feature", "properties": { "fid": 940, "OBJECTID": 882, "TIP": 2, "AD": "RAUF AZİZOĞLU", "SHAPE_Leng": 217.08959887500001, "DÜZENLENE": null }, "geometry": { "type": "MultiLineString", "coordinates": [ [ [ 4561255.753496591001749, 4600929.854889393784106 ], [ 4561287.705309076234698, 4600998.180752175860107 ], [ 4561308.080274290405214, 4601040.030669645406306 ], [ 4561340.870109789073467, 4601107.481474835425615 ], [ 4561361.140750997699797, 4601154.957209693267941 ], [ 4561366.550443138927221, 4601175.549531766213477 ], [ 4561368.248128978535533, 4601182.011632284149528 ] ] ] } },
{ "type": "Feature", "properties": { "fid": 941, "OBJECTID": 883, "TIP": 2, "AD": "EVLİBEDEN", "SHAPE_Leng": 17.3392546808, "DÜZENLENE": null }, "geometry": { "type": "MultiLineString", "coordinates": [ [ [ 4565094.707656037062407, 4599825.972334164194763 ], [ 4565111.740338524803519, 4599811.972992662340403 ] ] ] } },
{ "type": "Feature", "properties": { "fid": 942, "OBJECTID": 884, "TIP": 2, "AD": "EVLİBEDEN", "SHAPE_Leng": 111.659277965, "DÜZENLENE": null }, "geometry": { "type": "MultiLineString", "coordinates": [ [ [ 4564971.917418302036822, 4599896.487881621345878 ], [ 4564972.052648415789008, 4599896.493993803858757 ], [ 4564993.469792071729898, 4599884.31818023044616 ], [ 4565023.830677744932473, 4599869.37676683999598 ], [ 4565049.957670798525214, 4599855.427153063938022 ], [ 4565074.398270627483726, 4599841.176683316007257 ], [ 4565094.707656037062407, 4599825.972334164194763 ] ] ] } },
{ "type": "Feature", "properties": { "fid": 943, "OBJECTID": 885, "TIP": 2, "AD": "EVLİBEDEN", "SHAPE_Leng": 140.273785151, "DÜZENLENE": null }, "geometry": { "type": "MultiLineString", "coordinates": [ [ [ 4564810.9375693295151, 4599972.623099448159337 ], [ 4564811.014173201285303, 4599972.507065381854773 ], [ 4564846.40791495423764, 4599956.676628485321999 ], [ 4564870.980206146836281, 4599944.564776282757521 ], [ 4564908.937159923836589, 4599928.690954592078924 ], [ 4564939.202100825496018, 4599912.320604884065688 ], [ 4564971.917418302036822, 4599896.487881621345878 ] ] ] } },
{ "type": "Feature", "properties": { "fid": 944, "OBJECTID": 886, "TIP": 2, "AD": "EVLİBEDEN", "SHAPE_Leng": 57.931285467400002, "DÜZENLENE": null }, "geometry": { "type": "MultiLineString", "coordinates": [ [ [ 4564745.104585407301784, 4600005.472000494599342 ], [ 4564758.105735621415079, 4599999.746999960392714 ], [ 4564787.002565946429968, 4599984.388215151615441 ], [ 4564810.9375693295151, 4599972.623099448159337 ] ] ] } },
{ "type": "Feature", "properties": { "fid": 945, "OBJECTID": 887, "TIP": 2, "AD": "EVLİBEDEN", "SHAPE_Leng": 62.837111142600001, "DÜZENLENE": null }, "geometry": { "type": "MultiLineString", "coordinates": [ [ [ 4564671.904173554852605, 4600034.229875823482871 ], [ 4564687.646701007150114, 4600029.952249209396541 ], [ 4564706.347130419686437, 4600024.710698923096061 ], [ 4564737.567367251031101, 4600013.237438172101974 ], [ 4564745.104585407301784, 4600005.472000494599342 ] ] ] } },
{ "type": "Feature", "properties": { "fid": 946, "OBJECTID": 888, "TIP": 2, "AD": "EVLİBEDEN", "SHAPE_Leng": 27.4594584578, "DÜZENLENE": null }, "geometry": { "type": "MultiLineString", "coordinates": [ [ [ 4564640.488027982413769, 4600049.142153558321297 ], [ 4564661.005651985295117, 4600040.876242727972567 ], [ 4564665.350274125114083, 4600038.226739120669663 ], [ 4564671.904173554852605, 4600034.229875823482871 ] ] ] } },
{ "type": "Feature", "properties": { "fid": 947, "OBJECTID": 889, "TIP": 2, "AD": "UMUT", "SHAPE_Leng": 79.948550823199994, "DÜZENLENE": null }, "geometry": { "type": "MultiLineString", "coordinates": [ [ [ 4565301.859846594743431, 4599692.408948115073144 ], [ 4565358.61598002165556, 4599664.016980070620775 ], [ 4565388.275372007861733, 4599640.03849012311548 ] ] ] } },
{ "type": "Feature", "properties": { "fid": 948, "OBJECTID": 890, "TIP": 1, "AD": "916", "SHAPE_Leng": 179.45635034899999, "DÜZENLENE": "DÜZENLENEN" }, "geometry": { "type": "MultiLineString", "coordinates": [ [ [ 4565307.772518172860146, 4599641.214110446162522 ], [ 4565308.992263775318861, 4599640.847511967644095 ], [ 4565328.338258277624846, 4599635.033048633486032 ], [ 4565357.400962088257074, 4599620.186867256648839 ], [ 4565383.122058109380305, 4599605.859403228387237 ], [ 4565403.30340713262558, 4599594.062665889039636 ], [ 4565421.639154795557261, 4599582.362466084770858 ] ] ] } },
{ "type": "Feature", "properties": { "fid": 949, "OBJECTID": 891, "TIP": 2, "AD": "POLAT", "SHAPE_Leng": 33.866000079000003, "DÜZENLENE": null }, "geometry": { "type": "MultiLineString", "coordinates": [ [ [ 4565388.275372007861733, 4599640.03849012311548 ], [ 4565392.375478748232126, 4599651.047896425239742 ], [ 4565405.890422066673636, 4599679.379564508795738 ] ] ] } },
{ "type": "Feature", "properties": { "fid": 950, "OBJECTID": 892, "TIP": 2, "AD": "POLAT", "SHAPE_Leng": 105.263062726, "DÜZENLENE": null }, "geometry": { "type": "MultiLineString", "coordinates": [ [ [ 4565405.890422066673636, 4599679.379564508795738 ], [ 4565432.009352324530482, 4599725.228672378696501 ], [ 4565449.375623172149062, 4599751.567772375419736 ], [ 4565460.955052437260747, 4599791.908318229019642 ], [ 4565459.480531231500208, 4599799.55182063113898 ] ] ] } },
{ "type": "Feature", "properties": { "fid": 951, "OBJECTID": 893, "TIP": 2, "AD": "POLAT", "SHAPE_Leng": 63.049484949499998, "DÜZENLENE": null }, "geometry": { "type": "MultiLineString", "coordinates": [ [ [ 4565459.480531231500208, 4599799.55182063113898 ], [ 4565478.122594411484897, 4599807.075447617098689 ], [ 4565504.465304947458208, 4599819.72527838498354 ], [ 4565531.523427829146385, 4599834.383532020263374 ] ] ] } },
{ "type": "Feature", "properties": { "fid": 952, "OBJECTID": 894, "TIP": 1, "AD": "116", "SHAPE_Leng": 152.32881377699999, "DÜZENLENE": null }, "geometry": { "type": "MultiLineString", "coordinates": [ [ [ 4564489.647379078902304, 4599866.002503453753889 ], [ 4564489.912733401171863, 4599873.012112993746996 ], [ 4564487.952572788111866, 4599876.318162379786372 ], [ 4564483.662238798104227, 4599878.31496786698699 ], [ 4564466.203861434943974, 4599885.084734877571464 ], [ 4564427.041339058429003, 4599896.404814386740327 ], [ 4564425.325671578757465, 4599898.48166944924742 ], [ 4564425.242881835438311, 4599900.931111579760909 ], [ 4564426.062971876934171, 4599907.57642730884254 ], [ 4564434.030675841495395, 4599931.744064982049167 ], [ 4564436.528434848412871, 4599934.545544735156 ], [ 4564439.117752008140087, 4599935.305262347683311 ], [ 4564444.405233140103519, 4599935.598443425260484 ], [ 4564462.195822934620082, 4599931.67700417432934 ], [ 4564482.640945876948535, 4599925.250290207564831 ], [ 4564511.780850669369102, 4599918.828932540491223 ] ] ] } },
{ "type": "Feature", "properties": { "fid": 953, "OBJECTID": 895, "TIP": 2, "AD": "HASTANE", "SHAPE_Leng": 59.059545259300002, "DÜZENLENE": null }, "geometry": { "type": "MultiLineString", "coordinates": [ [ [ 4564304.294792801141739, 4599746.282595006749034 ], [ 4564313.501877505332232, 4599774.509847082197666 ], [ 4564319.770008198916912, 4599799.382472392171621 ], [ 4564317.867245825007558, 4599819.214593931101263 ] ] ] } },
{ "type": "Feature", "properties": { "fid": 954, "OBJECTID": 909, "TIP": 1, "AD": "838", "SHAPE_Leng": 89.743817554499998, "DÜZENLENE": null }, "geometry": { "type": "MultiLineString", "coordinates": [ [ [ 4564459.208768643438816, 4600456.785221055150032 ], [ 4564466.416404106654227, 4600470.537840382196009 ], [ 4564471.222929917275906, 4600479.070216454565525 ], [ 4564474.22518568765372, 4600484.385174063965678 ], [ 4564472.06736396253109, 4600488.336180484853685 ], [ 4564442.710360361263156, 4600513.060159447602928 ], [ 4564421.898089515045285, 4600536.113917024806142 ], [ 4564418.052960278466344, 4600544.080335503444076 ] ] ] } },
{ "type": "Feature", "properties": { "fid": 955, "OBJECTID": 910, "TIP": 1, "AD": "704", "SHAPE_Leng": 45.919136735800002, "DÜZENLENE": null }, "geometry": { "type": "MultiLineString", "coordinates": [ [ [ 4564216.838731115683913, 4600654.644118926487863 ], [ 4564220.387641754932702, 4600664.753915234468877 ], [ 4564233.891546460799873, 4600710.609816590324044 ] ] ] } },
{ "type": "Feature", "properties": { "fid": 956, "OBJECTID": 911, "TIP": 1, "AD": "613", "SHAPE_Leng": 66.284509211400007, "DÜZENLENE": null }, "geometry": { "type": "MultiLineString", "coordinates": [ [ [ 4563328.322878905571997, 4600286.517611346207559 ], [ 4563326.445553038269281, 4600287.011418702080846 ], [ 4563311.462984511628747, 4600290.213645381852984 ], [ 4563285.640207546763122, 4600305.974712511524558 ], [ 4563255.817246983759105, 4600327.399845656938851 ] ] ] } },
{ "type": "Feature", "properties": { "fid": 957, "OBJECTID": 912, "TIP": 1, "AD": "534", "SHAPE_Leng": 23.8619825709, "DÜZENLENE": null }, "geometry": { "type": "MultiLineString", "coordinates": [ [ [ 4564386.710569338873029, 4599298.956586599349976 ], [ 4564370.23029266204685, 4599309.431760291568935 ], [ 4564362.051015141420066, 4599316.490617654286325 ] ] ] } },
{ "type": "Feature", "properties": { "fid": 958, "OBJECTID": 913, "TIP": 1, "AD": "530", "SHAPE_Leng": 13.621529519, "DÜZENLENE": null }, "geometry": { "type": "MultiLineString", "coordinates": [ [ [ 4564547.080941545777023, 4599229.088581886142492 ], [ 4564538.216499756090343, 4599221.008283481933177 ], [ 4564533.569710043258965, 4599218.410466165281832 ] ] ] } },
{ "type": "Feature", "properties": { "fid": 959, "OBJECTID": 914, "TIP": 2, "AD": "DİYARBAKIR", "SHAPE_Leng": 387.471949145, "DÜZENLENE": null }, "geometry": { "type": "MultiLineString", "coordinates": [ [ [ 4562878.906651720404625, 4600862.036269494332373 ], [ 4562797.897270484827459, 4600882.269616862758994 ], [ 4562736.682023188099265, 4600898.027659374289215 ], [ 4562657.529686028137803, 4600917.14033186994493 ], [ 4562590.566582096740603, 4600934.370750139467418 ], [ 4562518.556155840866268, 4600954.408427842892706 ], [ 4562435.121408864855766, 4600974.421455036848783 ], [ 4562401.594573679380119, 4600981.226875171065331 ] ] ] } },
{ "type": "Feature", "properties": { "fid": 960, "OBJECTID": 915, "TIP": 2, "AD": "GAZİ", "SHAPE_Leng": 22.034668809100001, "DÜZENLENE": null }, "geometry": { "type": "MultiLineString", "coordinates": [ [ [ 4564346.001688337884843, 4599554.966424305923283 ], [ 4564373.465028315782547, 4599549.642317429184914 ] ] ] } },
{ "type": "Feature", "properties": { "fid": 961, "OBJECTID": 916, "TIP": 1, "AD": "1106", "SHAPE_Leng": 53.216717038200002, "DÜZENLENE": null }, "geometry": { "type": "MultiLineString", "coordinates": [ [ [ 4567130.3762435503304, 4598621.443963476456702 ], [ 4567126.191493239253759, 4598608.249929110519588 ], [ 4567111.21716554556042, 4598599.313984774984419 ], [ 4567094.300043318420649, 4598587.542305074632168 ], [ 4567082.079821110703051, 4598577.55635551828891 ] ] ] } },
{ "type": "Feature", "properties": { "fid": 962, "OBJECTID": 917, "TIP": 1, "AD": "1109", "SHAPE_Leng": 34.552989289700001, "DÜZENLENE": null }, "geometry": { "type": "MultiLineString", "coordinates": [ [ [ 4567162.113734425976872, 4598544.67739540617913 ], [ 4567178.672002155333757, 4598537.838188237510622 ], [ 4567202.249226782470942, 4598526.947656525298953 ] ] ] } },
{ "type": "Feature", "properties": { "fid": 963, "OBJECTID": 918, "TIP": 1, "AD": "1109", "SHAPE_Leng": 33.9698686037, "DÜZENLENE": null }, "geometry": { "type": "MultiLineString", "coordinates": [ [ [ 4567122.171019135974348, 4598560.975586885586381 ], [ 4567129.22387036960572, 4598558.262294370681047 ], [ 4567162.113734425976872, 4598544.67739540617913 ] ] ] } },
{ "type": "Feature", "properties": { "fid": 964, "OBJECTID": 919, "TIP": 1, "AD": "1110", "SHAPE_Leng": 207.55866906399999, "DÜZENLENE": null }, "geometry": { "type": "MultiLineString", "coordinates": [ [ [ 4567162.113734425976872, 4598544.67739540617913 ], [ 4567157.871425912715495, 4598533.347663411870599 ], [ 4567147.552090600132942, 4598511.930551987141371 ], [ 4567138.727698388509452, 4598489.749922391027212 ], [ 4567133.204735870473087, 4598467.496868213638663 ], [ 4567127.98758399579674, 4598449.003640498965979 ], [ 4567125.354689748957753, 4598433.489350831136107 ], [ 4567120.203615564852953, 4598418.030479932203889 ], [ 4567110.49472026899457, 4598393.789301625452936 ], [ 4567100.190011489205062, 4598370.460761038586497 ], [ 4567082.582737270742655, 4598332.103030063211918 ], [ 4567065.220180682837963, 4598299.83378101978451 ] ] ] } },
{ "type": "Feature", "properties": { "fid": 965, "OBJECTID": 920, "TIP": 1, "AD": "1109", "SHAPE_Leng": 34.172443986700003, "DÜZENLENE": null }, "geometry": { "type": "MultiLineString", "coordinates": [ [ [ 4567082.079821110703051, 4598577.55635551828891 ], [ 4567100.709272978827357, 4598569.232113317586482 ], [ 4567122.171019135974348, 4598560.975586885586381 ] ] ] } },
{ "type": "Feature", "properties": { "fid": 966, "OBJECTID": 921, "TIP": 1, "AD": "1108", "SHAPE_Leng": 75.349667156799995, "DÜZENLENE": null }, "geometry": { "type": "MultiLineString", "coordinates": [ [ [ 4567122.171019135974348, 4598560.975586885586381 ], [ 4567116.747501281090081, 4598543.717325464822352 ], [ 4567103.162327377125621, 4598512.174110888503492 ], [ 4567094.229126437567174, 4598490.647909076884389 ], [ 4567084.444288924336433, 4598472.939698818139732 ] ] ] } },
{ "type": "Feature", "properties": { "fid": 967, "OBJECTID": 922, "TIP": 1, "AD": "1106", "SHAPE_Leng": 77.016182285100001, "DÜZENLENE": null }, "geometry": { "type": "MultiLineString", "coordinates": [ [ [ 4567082.079821110703051, 4598577.55635551828891 ], [ 4567084.235719663091004, 4598559.160412346944213 ], [ 4567070.070423940196633, 4598535.072245826944709 ], [ 4567061.340491798706353, 4598529.057485298253596 ], [ 4567049.652673182077706, 4598510.6048654159531 ], [ 4567040.255803104490042, 4598493.926549712195992 ] ] ] } },
{ "type": "Feature", "properties": { "fid": 968, "OBJECTID": 923, "TIP": 1, "AD": "1109", "SHAPE_Leng": 129.41415423800001, "DÜZENLENE": null }, "geometry": { "type": "MultiLineString", "coordinates": [ [ [ 4566904.014052421785891, 4598672.437632085755467 ], [ 4566907.63958084769547, 4598660.552415758371353 ], [ 4566915.1447021830827, 4598655.553064408712089 ], [ 4566945.533301609568298, 4598642.181400868110359 ], [ 4566959.76067163888365, 4598637.372048634104431 ], [ 4566981.879789696075022, 4598624.743756868876517 ], [ 4567018.597915858961642, 4598603.812414635904133 ], [ 4567038.323082704097033, 4598594.384808193892241 ], [ 4567043.154201036319137, 4598592.526781924068928 ] ] ] } },
{ "type": "Feature", "properties": { "fid": 969, "OBJECTID": 924, "TIP": 1, "AD": "1109", "SHAPE_Leng": 32.840443620099997, "DÜZENLENE": null }, "geometry": { "type": "MultiLineString", "coordinates": [ [ [ 4567043.154201036319137, 4598592.526781924068928 ], [ 4567082.079821110703051, 4598577.55635551828891 ] ] ] } },
{ "type": "Feature", "properties": { "fid": 970, "OBJECTID": 925, "TIP": 1, "AD": "1104", "SHAPE_Leng": 203.37137676500001, "DÜZENLENE": null }, "geometry": { "type": "MultiLineString", "coordinates": [ [ [ 4567043.154201036319137, 4598592.526781924068928 ], [ 4567031.968043712899089, 4598569.901025352999568 ], [ 4567016.725876237265766, 4598548.648057074286044 ], [ 4566994.468191158026457, 4598513.719386357814074 ], [ 4566983.444813814014196, 4598490.799893551506102 ], [ 4566962.958930652588606, 4598460.104961824603379 ], [ 4566951.237664385698736, 4598441.136009738780558 ], [ 4566930.774101885035634, 4598411.452626909129322 ], [ 4566905.103482758626342, 4598374.013201545923948 ] ] ] } },
{ "type": "Feature", "properties": { "fid": 971, "OBJECTID": 926, "TIP": 1, "AD": "1059", "SHAPE_Leng": 53.691771137300002, "DÜZENLENE": null }, "geometry": { "type": "MultiLineString", "coordinates": [ [ [ 4566374.114641354419291, 4598843.566537257283926 ], [ 4566349.024520248174667, 4598862.903999804519117 ], [ 4566319.576341915875673, 4598884.59662252292037 ] ] ] } },
{ "type": "Feature", "properties": { "fid": 972, "OBJECTID": 927, "TIP": 2, "AD": "FIRAT SİMPİL", "SHAPE_Leng": 53.645640859099998, "DÜZENLENE": null }, "geometry": { "type": "MultiLineString", "coordinates": [ [ [ 4564507.575767312198877, 4600554.43132196739316 ], [ 4564504.554811298847198, 4600588.908558426424861 ], [ 4564501.979091370478272, 4600612.850401417352259 ], [ 4564500.988715293817222, 4600622.495219826698303 ] ] ] } },
{ "type": "Feature", "properties": { "fid": 973, "OBJECTID": 928, "TIP": 1, "AD": "833", "SHAPE_Leng": 59.409715959499998, "DÜZENLENE": null }, "geometry": { "type": "MultiLineString", "coordinates": [ [ [ 4564576.243945593945682, 4600625.828912983648479 ], [ 4564538.314448556862772, 4600622.266360878013074 ], [ 4564500.988715293817222, 4600622.495219826698303 ] ] ] } },
{ "type": "Feature", "properties": { "fid": 974, "OBJECTID": 929, "TIP": 2, "AD": "DİYARBAKIR", "SHAPE_Leng": 114.26067113400001, "DÜZENLENE": null }, "geometry": { "type": "MultiLineString", "coordinates": [ [ [ 4564727.674300658516586, 4600384.812487814575434 ], [ 4564715.212579717859626, 4600388.569349494762719 ], [ 4564689.829231255687773, 4600395.530584507621825 ], [ 4564685.619074891321361, 4600396.588781913742423 ], [ 4564664.907503992319107, 4600401.794344020076096 ], [ 4564628.121849562972784, 4600411.039846184663475 ], [ 4564600.692325032316148, 4600417.503140715882182 ], [ 4564587.118224746547639, 4600420.701553068123758 ] ] ] } },
{ "type": "Feature", "properties": { "fid": 975, "OBJECTID": 930, "TIP": 1, "AD": "314", "SHAPE_Leng": 62.756537388799998, "DÜZENLENE": null }, "geometry": { "type": "MultiLineString", "coordinates": [ [ [ 4565208.733374267816544, 4599128.823885818943381 ], [ 4565212.774335892871022, 4599134.470526438206434 ], [ 4565216.589016024023294, 4599140.009517967700958 ], [ 4565219.419516830705106, 4599146.638188878074288 ], [ 4565223.092132746241987, 4599150.941944336518645 ], [ 4565225.269513350911438, 4599157.933910037390888 ], [ 4565227.963791919872165, 4599160.745245985686779 ], [ 4565232.828329482115805, 4599163.436672170646489 ], [ 4565235.790259442292154, 4599166.460193635895848 ], [ 4565237.008627528324723, 4599169.172975718975067 ], [ 4565239.829711678437889, 4599172.370785855688155 ], [ 4565247.965562202036381, 4599177.283952362835407 ], [ 4565258.977841902524233, 4599188.281172311864793 ] ] ] } },
{ "type": "Feature", "properties": { "fid": 976, "OBJECTID": 931, "TIP": 2, "AD": "DEVRİM", "SHAPE_Leng": 16.162052856500001, "DÜZENLENE": null }, "geometry": { "type": "MultiLineString", "coordinates": [ [ [ 4565169.748886855319142, 4599145.051392797380686 ], [ 4565188.374210611917078, 4599136.415444339625537 ] ] ] } },
{ "type": "Feature", "properties": { "fid": 977, "OBJECTID": 932, "TIP": 2, "AD": "DEVRİM", "SHAPE_Leng": 65.527949088200003, "DÜZENLENE": null }, "geometry": { "type": "MultiLineString", "coordinates": [ [ [ 4565009.122702895663679, 4599167.43560157250613 ], [ 4565043.34476715978235, 4599165.477022674866021 ], [ 4565092.235249435529113, 4599164.548638167791069 ] ] ] } },
{ "type": "Feature", "properties": { "fid": 978, "OBJECTID": 933, "TIP": 2, "AD": "DEVRİM", "SHAPE_Leng": 33.298799800700003, "DÜZENLENE": null }, "geometry": { "type": "MultiLineString", "coordinates": [ [ [ 4565092.235249435529113, 4599164.548638167791069 ], [ 4565112.188727856613696, 4599161.415939121507108 ], [ 4565133.667452543973923, 4599156.314429302699864 ] ] ] } },
{ "type": "Feature", "properties": { "fid": 979, "OBJECTID": 934, "TIP": 1, "AD": "361", "SHAPE_Leng": 61.585265344100002, "DÜZENLENE": null }, "geometry": { "type": "MultiLineString", "coordinates": [ [ [ 4565084.307737922295928, 4598754.535413318313658 ], [ 4565093.218110401183367, 4598754.179819790646434 ], [ 4565114.080432113260031, 4598748.55091280862689 ], [ 4565126.027466624043882, 4598742.732567368075252 ], [ 4565147.05910303723067, 4598734.414399445056915 ], [ 4565147.606496328487992, 4598726.898216188885272 ], [ 4565151.336647820658982, 4598724.827368552796543 ] ] ] } },
{ "type": "Feature", "properties": { "fid": 980, "OBJECTID": 935, "TIP": 2, "AD": "GAZİ", "SHAPE_Leng": 15.862296693799999, "DÜZENLENE": null }, "geometry": { "type": "MultiLineString", "coordinates": [ [ [ 4566899.431449423544109, 4598691.331625447608531 ], [ 4566918.567616849206388, 4598685.047378373332322 ] ] ] } },
{ "type": "Feature", "properties": { "fid": 981, "OBJECTID": 936, "TIP": 1, "AD": "1145", "SHAPE_Leng": 51.487230427100002, "DÜZENLENE": null }, "geometry": { "type": "MultiLineString", "coordinates": [ [ [ 4567593.047793615609407, 4598753.285776726901531 ], [ 4567595.251990525051951, 4598780.051281683146954 ], [ 4567593.923087826929986, 4598818.795416153036058 ] ] ] } },
{ "type": "Feature", "properties": { "fid": 982, "OBJECTID": 937, "TIP": 1, "AD": "1138", "SHAPE_Leng": 124.434414527, "DÜZENLENE": null }, "geometry": { "type": "MultiLineString", "coordinates": [ [ [ 4567593.047793615609407, 4598753.285776726901531 ], [ 4567614.302013795822859, 4598749.124077819287777 ], [ 4567665.293801669962704, 4598730.687023321166635 ], [ 4567695.531426307745278, 4598720.689415039494634 ], [ 4567741.320782610215247, 4598699.893025234341621 ] ] ] } },
{ "type": "Feature", "properties": { "fid": 983, "OBJECTID": 938, "TIP": 1, "AD": "1136", "SHAPE_Leng": 151.896508834, "DÜZENLENE": null }, "geometry": { "type": "MultiLineString", "coordinates": [ [ [ 4567313.459515552036464, 4598598.630114420317113 ], [ 4567333.58079878706485, 4598661.005802457220852 ], [ 4567344.951410707086325, 4598689.539537410251796 ], [ 4567352.594018525443971, 4598711.409169611521065 ], [ 4567377.330035328865051, 4598781.247101493179798 ] ] ] } },
{ "type": "Feature", "properties": { "fid": 984, "OBJECTID": 939, "TIP": 1, "AD": "213", "SHAPE_Leng": 35.112132669600001, "DÜZENLENE": null }, "geometry": { "type": "MultiLineString", "coordinates": [ [ [ 4565106.600907607935369, 4599675.969288769178092 ], [ 4565117.922501348890364, 4599676.510144967585802 ], [ 4565129.668670037761331, 4599676.297285942360759 ], [ 4565139.188774506561458, 4599676.047427283599973 ], [ 4565143.551170420832932, 4599681.012543781660497 ], [ 4565148.251422919332981, 4599683.623566749505699 ] ] ] } },
{ "type": "Feature", "properties": { "fid": 985, "OBJECTID": 940, "TIP": 1, "AD": "226", "SHAPE_Leng": 91.977895132900002, "DÜZENLENE": null }, "geometry": { "type": "MultiLineString", "coordinates": [ [ [ 4565023.649435985833406, 4599718.7043894873932 ], [ 4565017.263822328299284, 4599728.963644325733185 ], [ 4565020.042205659672618, 4599766.365137706510723 ], [ 4565012.025616735219955, 4599782.040404293686152 ], [ 4565024.46728349942714, 4599817.800355941988528 ], [ 4565016.882367550395429, 4599827.253085969947278 ] ] ] } },
{ "type": "Feature", "properties": { "fid": 986, "OBJECTID": 941, "TIP": 1, "AD": "716", "SHAPE_Leng": 131.772058262, "DÜZENLENE": null }, "geometry": { "type": "MultiLineString", "coordinates": [ [ [ 4563711.199527656659484, 4600647.57354003470391 ], [ 4563707.573695442639291, 4600671.200273752212524 ], [ 4563699.831731845624745, 4600712.302375084720552 ], [ 4563692.539913295768201, 4600753.507493302226067 ], [ 4563679.198670172132552, 4600812.401805295608938 ] ] ] } },
{ "type": "Feature", "properties": { "fid": 987, "OBJECTID": 942, "TIP": 2, "AD": "KARABEHLÜLBEY", "SHAPE_Leng": 45.274975071199997, "DÜZENLENE": null }, "geometry": { "type": "MultiLineString", "coordinates": [ [ [ 4564622.676551977172494, 4599508.778926506638527 ], [ 4564622.144509265199304, 4599520.695742224343121 ], [ 4564621.45345900580287, 4599540.613657493144274 ], [ 4564619.657084761187434, 4599566.402634755708277 ] ] ] } },
{ "type": "Feature", "properties": { "fid": 988, "OBJECTID": 943, "TIP": 2, "AD": "KARABEHLÜLBEY", "SHAPE_Leng": 43.499211108300003, "DÜZENLENE": null }, "geometry": { "type": "MultiLineString", "coordinates": [ [ [ 4564619.657084761187434, 4599566.402634755708277 ], [ 4564619.701982048340142, 4599621.850172172300518 ] ] ] } },
{ "type": "Feature", "properties": { "fid": 989, "OBJECTID": 944, "TIP": 1, "AD": "602", "SHAPE_Leng": 84.399552868399994, "DÜZENLENE": null }, "geometry": { "type": "MultiLineString", "coordinates": [ [ [ 4564083.191128917969763, 4599854.345990583300591 ], [ 4564086.222841823473573, 4599872.111107874661684 ], [ 4564088.415973217226565, 4599896.015252119861543 ], [ 4564094.240166784264147, 4599916.917192107997835 ], [ 4564099.899206326343119, 4599935.348825920373201 ], [ 4564102.239889533258975, 4599950.478909539058805 ], [ 4564106.669526950456202, 4599958.591814092360437 ] ] ] } },
{ "type": "Feature", "properties": { "fid": 990, "OBJECTID": 945, "TIP": 1, "AD": "106", "SHAPE_Leng": 44.306850149699997, "DÜZENLENE": null }, "geometry": { "type": "MultiLineString", "coordinates": [ [ [ 4564270.30367423966527, 4599561.408064732328057 ], [ 4564271.538153417408466, 4599575.831235760822892 ], [ 4564273.310024659149349, 4599591.580230191349983 ], [ 4564275.889641294255853, 4599613.653745486401021 ], [ 4564276.408420622348785, 4599617.545598990283906 ] ] ] } },
{ "type": "Feature", "properties": { "fid": 991, "OBJECTID": 946, "TIP": 1, "AD": "1152", "SHAPE_Leng": 8.0405498729399998, "DÜZENLENE": null }, "geometry": { "type": "MultiLineString", "coordinates": [ [ [ 4568306.718654251657426, 4598539.754539742134511 ], [ 4568309.091930693946779, 4598549.721549889072776 ] ] ] } },
{ "type": "Feature", "properties": { "fid": 992, "OBJECTID": 947, "TIP": 1, "AD": "1152", "SHAPE_Leng": 24.1376416425, "DÜZENLENE": null }, "geometry": { "type": "MultiLineString", "coordinates": [ [ [ 4568309.091930693946779, 4598549.721549889072776 ], [ 4568311.952298065647483, 4598561.734783982858062 ], [ 4568311.928749275393784, 4598580.147270379588008 ] ] ] } },
{ "type": "Feature", "properties": { "fid": 993, "OBJECTID": 948, "TIP": 1, "AD": "1133", "SHAPE_Leng": 33.2662080176, "DÜZENLENE": null }, "geometry": { "type": "MultiLineString", "coordinates": [ [ [ 4568269.889324012212455, 4598565.469236393459141 ], [ 4568309.091930693946779, 4598549.721549889072776 ] ] ] } },
{ "type": "Feature", "properties": { "fid": 994, "OBJECTID": 949, "TIP": 1, "AD": "1129", "SHAPE_Leng": 169.422135492, "DÜZENLENE": null }, "geometry": { "type": "MultiLineString", "coordinates": [ [ [ 4568218.776928052306175, 4598501.652138251811266 ], [ 4568205.221564823761582, 4598518.430938111618161 ], [ 4568182.066722028888762, 4598550.17583223246038 ], [ 4568171.574367336928844, 4598564.978677901439369 ], [ 4568167.798246650025249, 4598585.839910338632762 ], [ 4568170.975235930643976, 4598608.234364178031683 ], [ 4568177.34132703114301, 4598629.006916446611285 ], [ 4568184.561313341371715, 4598648.883701974526048 ], [ 4568199.185470907017589, 4598669.40664021205157 ], [ 4568216.606978443451226, 4598685.752905195578933 ], [ 4568217.313144918531179, 4598686.334857389330864 ] ] ] } },
{ "type": "Feature", "properties": { "fid": 995, "OBJECTID": 950, "TIP": 1, "AD": "510", "SHAPE_Leng": 27.121797558499999, "DÜZENLENE": null }, "geometry": { "type": "MultiLineString", "coordinates": [ [ [ 4564614.474362656474113, 4599455.723418441601098 ], [ 4564614.580907082185149, 4599451.713778029195964 ], [ 4564613.988491118885577, 4599445.002500893548131 ], [ 4564612.96584724728018, 4599435.887708657421172 ], [ 4564610.770125334151089, 4599423.356260067783296 ], [ 4564609.797755762003362, 4599421.696082175709307 ] ] ] } },
{ "type": "Feature", "properties": { "fid": 996, "OBJECTID": 951, "TIP": 2, "AD": "DEMİRCİLER", "SHAPE_Leng": 61.251104839299998, "DÜZENLENE": null }, "geometry": { "type": "MultiLineString", "coordinates": [ [ [ 4564729.423923389054835, 4599454.825799407437444 ], [ 4564728.600948236882687, 4599444.982498227618635 ], [ 4564725.587722094729543, 4599416.51337694004178 ], [ 4564722.877190271392465, 4599393.207817693240941 ], [ 4564719.629461734555662, 4599390.310261320322752 ], [ 4564708.078941525891423, 4599388.492238259874284 ] ] ] } },
{ "type": "Feature", "properties": { "fid": 997, "OBJECTID": 952, "TIP": 1, "AD": "501", "SHAPE_Leng": 66.949525236100001, "DÜZENLENE": null }, "geometry": { "type": "MultiLineString", "coordinates": [ [ [ 4564729.423923389054835, 4599454.825799407437444 ], [ 4564751.091168121434748, 4599453.534628388471901 ], [ 4564765.317840713076293, 4599452.753231441602111 ], [ 4564777.965184798464179, 4599450.38705206848681 ], [ 4564797.301920061931014, 4599446.66113252658397 ], [ 4564813.30730555858463, 4599442.735482046380639 ] ] ] } },
{ "type": "Feature", "properties": { "fid": 998, "OBJECTID": 953, "TIP": 2, "AD": "ANADOLU", "SHAPE_Leng": 15.686622038499999, "DÜZENLENE": null }, "geometry": { "type": "MultiLineString", "coordinates": [ [ [ 4565598.69927363935858, 4599021.035349338315427 ], [ 4565579.254615410231054, 4599025.338416851125658 ] ] ] } },
{ "type": "Feature", "properties": { "fid": 999, "OBJECTID": 954, "TIP": 1, "AD": "1150", "SHAPE_Leng": 65.329324443600001, "DÜZENLENE": null }, "geometry": { "type": "MultiLineString", "coordinates": [ [ [ 4568218.776928052306175, 4598501.652138251811266 ], [ 4568230.387149437330663, 4598516.329783676192164 ], [ 4568239.312535808421671, 4598531.244114401750267 ], [ 4568256.371514627709985, 4598556.346456473693252 ], [ 4568263.032362210564315, 4598562.945619913749397 ], [ 4568269.889324012212455, 4598565.469236393459141 ] ] ] } },
{ "type": "Feature", "properties": { "fid": 1000, "OBJECTID": 955, "TIP": 1, "AD": "1150", "SHAPE_Leng": 42.461994478400001, "DÜZENLENE": null }, "geometry": { "type": "MultiLineString", "coordinates": [ [ [ 4568269.889324012212455, 4598565.469236393459141 ], [ 4568282.188536212779582, 4598574.912232592701912 ], [ 4568301.637319226749241, 4598587.705480008386075 ], [ 4568312.221730196848512, 4598598.607496215961874 ] ] ] } },
{ "type": "Feature", "properties": { "fid": 1001, "OBJECTID": 956, "TIP": 1, "AD": "1146", "SHAPE_Leng": 17.618350541000002, "DÜZENLENE": null }, "geometry": { "type": "MultiLineString", "coordinates": [ [ [ 4567765.200584245845675, 4598505.702378002926707 ], [ 4567770.90797571092844, 4598527.413876784965396 ] ] ] } },
{ "type": "Feature", "properties": { "fid": 1002, "OBJECTID": 957, "TIP": 1, "AD": "1135", "SHAPE_Leng": 47.0222781346, "DÜZENLENE": null }, "geometry": { "type": "MultiLineString", "coordinates": [ [ [ 4568311.155192860402167, 4598693.434886319562793 ], [ 4568306.642861219123006, 4598694.750411548651755 ], [ 4568280.184134183451533, 4598706.499031843617558 ], [ 4568257.587504800409079, 4598719.52421242557466 ] ] ] } },
{ "type": "Feature", "properties": { "fid": 1003, "OBJECTID": 958, "TIP": 1, "AD": "1135", "SHAPE_Leng": 35.387356908100003, "DÜZENLENE": null }, "geometry": { "type": "MultiLineString", "coordinates": [ [ [ 4568355.13822946883738, 4598684.884633699432015 ], [ 4568327.670874156057835, 4598688.61966428719461 ], [ 4568311.155192860402167, 4598693.434886319562793 ] ] ] } },
{ "type": "Feature", "properties": { "fid": 1004, "OBJECTID": 959, "TIP": 1, "AD": "1148", "SHAPE_Leng": 20.374906664800001, "DÜZENLENE": null }, "geometry": { "type": "MultiLineString", "coordinates": [ [ [ 4568311.155192860402167, 4598693.434886319562793 ], [ 4568317.076059476472437, 4598701.806039733812213 ], [ 4568319.832792705856264, 4598717.261315367184579 ] ] ] } },
{ "type": "Feature", "properties": { "fid": 1005, "OBJECTID": 960, "TIP": 1, "AD": "1129", "SHAPE_Leng": 41.047587398399997, "DÜZENLENE": null }, "geometry": { "type": "MultiLineString", "coordinates": [ [ [ 4568217.313144918531179, 4598686.334857389330864 ], [ 4568257.587504800409079, 4598719.52421242557466 ] ] ] } },
{ "type": "Feature", "properties": { "fid": 1006, "OBJECTID": 961, "TIP": 1, "AD": "1127", "SHAPE_Leng": 30.103354806599999, "DÜZENLENE": null }, "geometry": { "type": "MultiLineString", "coordinates": [ [ [ 4568217.313144918531179, 4598686.334857389330864 ], [ 4568221.212126260623336, 4598682.231905186548829 ], [ 4568227.983087718486786, 4598676.966806098818779 ], [ 4568240.879141955636442, 4598667.631240367889404 ], [ 4568247.629737056791782, 4598663.136471671052277 ] ] ] } },
{ "type": "Feature", "properties": { "fid": 1007, "OBJECTID": 962, "TIP": 1, "AD": "1129", "SHAPE_Leng": 192.13204408199999, "DÜZENLENE": null }, "geometry": { "type": "MultiLineString", "coordinates": [ [ [ 4568257.587504800409079, 4598719.52421242557466 ], [ 4568268.729221174493432, 4598734.000823881477118 ], [ 4568285.297577235847712, 4598754.323593181557953 ], [ 4568293.51770299859345, 4598765.655833733268082 ], [ 4568304.988502938300371, 4598794.546312404796481 ], [ 4568311.85103034041822, 4598809.326603623107076 ], [ 4568316.42892993055284, 4598826.136060134507716 ], [ 4568322.039043449796736, 4598845.081645379774272 ], [ 4568338.315306876786053, 4598872.517054874449968 ], [ 4568356.660798697732389, 4598900.356621912680566 ], [ 4568376.408522970043123, 4598930.863838636316359 ] ] ] } },
{ "type": "Feature", "properties": { "fid": 1008, "OBJECTID": 963, "TIP": 5, "AD": "6", "SHAPE_Leng": 924.12037250200001, "DÜZENLENE": null }, "geometry": { "type": "MultiLineString", "coordinates": [ [ [ 4570096.298257586546242, 4597724.480166155844927 ], [ 4570085.255061082541943, 4597733.68445607740432 ], [ 4570056.531027815304697, 4597761.305167824029922 ], [ 4570017.38883033208549, 4597798.826163996942341 ], [ 4569970.086752048693597, 4597842.037342105992138 ], [ 4569926.880202220752835, 4597883.133806996047497 ], [ 4569892.731293481774628, 4597913.573166881687939 ], [ 4569857.672030413523316, 4597943.358246985822916 ], [ 4569808.984260105527937, 4597979.629626845940948 ], [ 4569764.86251396778971, 4598009.728277621790767 ], [ 4569739.898162518627942, 4598025.123116224072874 ], [ 4569693.657919995486736, 4598050.546589132398367 ], [ 4569652.996086402796209, 4598069.99983439873904 ], [ 4569604.082477059215307, 4598090.985287968069315 ], [ 4569578.091446509584785, 4598100.443775236606598 ], [ 4569521.605581432580948, 4598118.22393290605396 ], [ 4569477.629356973804533, 4598129.542774447239935 ], [ 4569424.916616315953434, 4598140.717962224036455 ], [ 4569406.309451971203089, 4598144.840644842945039 ], [ 4569340.416113318875432, 4598157.431857182644308 ], [ 4569258.727763868868351, 4598174.757278635166585 ], [ 4569210.680167071521282, 4598184.253943104296923 ], [ 4569150.821974181570113, 4598196.372997512109578 ], [ 4569108.235406414605677, 4598204.508399493992329 ], [ 4569062.891662845388055, 4598213.517479421570897 ], [ 4569062.850710212253034, 4598213.525652328506112 ] ] ] } },
{ "type": "Feature", "properties": { "fid": 1009, "OBJECTID": 964, "TIP": 2, "AD": "AZİZOĞLU", "SHAPE_Leng": 31.143052129499999, "DÜZENLENE": null }, "geometry": { "type": "MultiLineString", "coordinates": [ [ [ 4564882.267671679146588, 4599254.223802947439253 ], [ 4564881.029304970055819, 4599242.626626051031053 ], [ 4564876.16253802832216, 4599228.789595877751708 ], [ 4564871.386255430988967, 4599216.322695666924119 ] ] ] } },
{ "type": "Feature", "properties": { "fid": 1010, "OBJECTID": 965, "TIP": 2, "AD": "AZİZOĞLU", "SHAPE_Leng": 82.699505386799999, "DÜZENLENE": null }, "geometry": { "type": "MultiLineString", "coordinates": [ [ [ 4564860.802396197803319, 4599177.749990786425769 ], [ 4564850.998548611998558, 4599169.784635527990758 ], [ 4564829.534408110193908, 4599140.229249054566026 ], [ 4564804.30368738155812, 4599112.554638140834868 ], [ 4564791.057627678848803, 4599099.486361631192267 ] ] ] } },
{ "type": "Feature", "properties": { "fid": 1011, "OBJECTID": 966, "TIP": 2, "AD": "AZİZOĞLU", "SHAPE_Leng": 31.3964177995, "DÜZENLENE": null }, "geometry": { "type": "MultiLineString", "coordinates": [ [ [ 4564871.386255430988967, 4599216.322695666924119 ], [ 4564869.152992568910122, 4599206.833347133360803 ], [ 4564860.802396197803319, 4599177.749990786425769 ] ] ] } },
{ "type": "Feature", "properties": { "fid": 1012, "OBJECTID": 967, "TIP": 2, "AD": "POLAT", "SHAPE_Leng": 29.331330380800001, "DÜZENLENE": null }, "geometry": { "type": "MultiLineString", "coordinates": [ [ [ 4565531.523427829146385, 4599834.383532020263374 ], [ 4565562.476534694433212, 4599855.163937724195421 ] ] ] } },
{ "type": "Feature", "properties": { "fid": 1013, "OBJECTID": 1015, "TIP": 2, "AD": "DR MEHMET EMİN AYHAN", "SHAPE_Leng": 53.875772385799998, "DÜZENLENE": null }, "geometry": { "type": "MultiLineString", "coordinates": [ [ [ 4561427.145833695307374, 4600934.996614863164723 ], [ 4561463.862584094516933, 4600934.796024641022086 ], [ 4561484.655422403477132, 4600933.001303436234593 ], [ 4561495.446531247347593, 4600932.326278803870082 ] ] ] } },
{ "type": "Feature", "properties": { "fid": 1014, "OBJECTID": 1016, "TIP": 1, "AD": "580", "SHAPE_Leng": 61.297800509799998, "DÜZENLENE": null }, "geometry": { "type": "MultiLineString", "coordinates": [ [ [ 4561428.75223614089191, 4601017.33203593082726 ], [ 4561427.145833695307374, 4600934.996614863164723 ], [ 4561424.960602464154363, 4600764.533168666996062 ] ] ] } },
{ "type": "Feature", "properties": { "fid": 1015, "OBJECTID": 1017, "TIP": 2, "AD": "DİYARBAKIR", "SHAPE_Leng": 663.27977310799997, "DÜZENLENE": null }, "geometry": { "type": "MultiLineString", "coordinates": [ [ [ 4560154.023215847089887, 4600681.984401791356504 ], [ 4560052.232132884673774, 4600635.482038822956383 ], [ 4559955.515731315128505, 4600595.074382385239005 ], [ 4559816.998786253854632, 4600535.221802024170756 ], [ 4559681.447394412010908, 4600479.983032626099885 ], [ 4559632.778929393738508, 4600459.876036272384226 ], [ 4559579.25486683100462, 4600445.304148224182427 ], [ 4559530.555290557444096, 4600433.490560636855662 ], [ 4559475.556855881586671, 4600419.937254597432911 ], [ 4559367.063990437425673, 4600390.210522061213851 ], [ 4559365.994143823161721, 4600389.924377297051251 ] ] ] } },
{ "type": "Feature", "properties": { "fid": 1016, "OBJECTID": 1018, "TIP": 1, "AD": "710", "SHAPE_Leng": 29.5387018626, "DÜZENLENE": null }, "geometry": { "type": "MultiLineString", "coordinates": [ [ [ 4563887.003106458112597, 4600679.149708043783903 ], [ 4563905.840315478853881, 4600711.710469339974225 ] ] ] } },
{ "type": "Feature", "properties": { "fid": 1017, "OBJECTID": 1021, "TIP": 1, "AD": "579", "SHAPE_Leng": 173.682411457, "DÜZENLENE": null }, "geometry": { "type": "MultiLineString", "coordinates": [ [ [ 4561499.548243498429656, 4601015.81657590996474 ], [ 4561500.248916238546371, 4600922.256928128190339 ], [ 4561501.643229304812849, 4600911.970582441426814 ], [ 4561492.638879798352718, 4600690.382684431038797 ] ] ] } },
{ "type": "Feature", "properties": { "fid": 1018, "OBJECTID": 1022, "TIP": 1, "AD": "724", "SHAPE_Leng": 233.048267181, "DÜZENLENE": null }, "geometry": { "type": "MultiLineString", "coordinates": [ [ [ 4563580.32246754039079, 4600681.790335612371564 ], [ 4563573.464362785220146, 4600781.055892139673233 ], [ 4563566.665575358085334, 4600880.203285317867994 ], [ 4563562.2598019503057, 4600963.048406351357698 ], [ 4563563.793954667635262, 4600978.218961441889405 ] ] ] } },
{ "type": "Feature", "properties": { "fid": 1019, "OBJECTID": 1023, "TIP": 1, "AD": "767", "SHAPE_Leng": 198.38758969099999, "DÜZENLENE": null }, "geometry": { "type": "MultiLineString", "coordinates": [ [ [ 4563042.426006957888603, 4601451.562100116163492 ], [ 4562988.254730717279017, 4601463.751701483502984 ], [ 4562882.614857627078891, 4601499.318471059203148 ], [ 4562801.868343662470579, 4601525.800637412816286 ] ] ] } },
{ "type": "Feature", "properties": { "fid": 1020, "OBJECTID": 1024, "TIP": 1, "AD": "769", "SHAPE_Leng": 197.27388161600001, "DÜZENLENE": null }, "geometry": { "type": "MultiLineString", "coordinates": [ [ [ 4563054.594773669727147, 4601486.389390694908798 ], [ 4562815.627679172903299, 4601561.71882781945169 ] ] ] } },
{ "type": "Feature", "properties": { "fid": 1021, "OBJECTID": 1025, "TIP": 1, "AD": "771", "SHAPE_Leng": 210.262260755, "DÜZENLENE": null }, "geometry": { "type": "MultiLineString", "coordinates": [ [ [ 4563094.340775921940804, 4601543.340315194800496 ], [ 4563075.957116259261966, 4601542.6120281284675 ], [ 4562840.205232540145516, 4601621.697147546336055 ] ] ] } },
{ "type": "Feature", "properties": { "fid": 1022, "OBJECTID": 1026, "TIP": 1, "AD": "762", "SHAPE_Leng": 64.875969357700001, "DÜZENLENE": null }, "geometry": { "type": "MultiLineString", "coordinates": [ [ [ 4563047.599719241261482, 4601305.920108372345567 ], [ 4563050.565303265117109, 4601318.902124000713229 ], [ 4563045.857974275015295, 4601339.697180049493909 ], [ 4563029.350938908755779, 4601384.814242686145008 ] ] ] } },
{ "type": "Feature", "properties": { "fid": 1023, "OBJECTID": 1027, "TIP": 1, "AD": "762", "SHAPE_Leng": 53.361340674499999, "DÜZENLENE": null }, "geometry": { "type": "MultiLineString", "coordinates": [ [ [ 4563029.350938908755779, 4601384.814242686145008 ], [ 4563036.345883272588253, 4601418.628150012344122 ], [ 4563042.426006957888603, 4601451.562100116163492 ] ] ] } },
{ "type": "Feature", "properties": { "fid": 1024, "OBJECTID": 1028, "TIP": 1, "AD": "762", "SHAPE_Leng": 28.949965440700002, "DÜZENLENE": null }, "geometry": { "type": "MultiLineString", "coordinates": [ [ [ 4563042.426006957888603, 4601451.562100116163492 ], [ 4563054.594773669727147, 4601486.389390694908798 ] ] ] } },
{ "type": "Feature", "properties": { "fid": 1025, "OBJECTID": 1029, "TIP": 1, "AD": "762", "SHAPE_Leng": 44.035431219099998, "DÜZENLENE": null }, "geometry": { "type": "MultiLineString", "coordinates": [ [ [ 4563054.594773669727147, 4601486.389390694908798 ], [ 4563107.404891598038375, 4601504.819688500836492 ] ] ] } },
{ "type": "Feature", "properties": { "fid": 1026, "OBJECTID": 1030, "TIP": 1, "AD": "740", "SHAPE_Leng": 103.275466036, "DÜZENLENE": null }, "geometry": { "type": "MultiLineString", "coordinates": [ [ [ 4561319.72401266451925, 4601193.083023567683995 ], [ 4561313.877974872477353, 4601210.191047887317836 ], [ 4561309.970321498811245, 4601222.129232418723404 ], [ 4561336.950124517083168, 4601231.84838508721441 ], [ 4561366.022871954366565, 4601229.651883631013334 ], [ 4561404.2855418715626, 4601248.851697136647999 ] ] ] } },
{ "type": "Feature", "properties": { "fid": 1027, "OBJECTID": 1031, "TIP": 1, "AD": "741", "SHAPE_Leng": 366.21366403100001, "DÜZENLENE": null }, "geometry": { "type": "MultiLineString", "coordinates": [ [ [ 4561404.2855418715626, 4601248.851697136647999 ], [ 4561426.203588239848614, 4601257.829562000930309 ], [ 4561474.179920471273363, 4601280.870106691494584 ], [ 4561520.631461231037974, 4601295.395775608718395 ], [ 4561587.190890193916857, 4601307.466087695211172 ], [ 4561634.100061013363302, 4601322.431235209107399 ], [ 4561654.413743827491999, 4601340.215491803362966 ], [ 4561683.019010032527149, 4601400.334054478444159 ], [ 4561696.327176776714623, 4601446.834764121100307 ], [ 4561721.937630380503833, 4601524.113051969558001 ] ] ] } },
{ "type": "Feature", "properties": { "fid": 1028, "OBJECTID": 1032, "TIP": 2, "AD": "DİYARBAKIR", "SHAPE_Leng": 111.325351181, "DÜZENLENE": null }, "geometry": { "type": "MultiLineString", "coordinates": [ [ [ 4565413.038984903134406, 4599508.122174898162484 ], [ 4565382.984954372048378, 4599539.861472860909998 ], [ 4565355.228021916002035, 4599567.452987583354115 ], [ 4565322.146805569529533, 4599616.075437718071043 ] ] ] } },
{ "type": "Feature", "properties": { "fid": 1029, "OBJECTID": 1033, "TIP": 5, "AD": "6", "SHAPE_Leng": 1461.07044217, "DÜZENLENE": null }, "geometry": { "type": "MultiLineString", "coordinates": [ [ [ 4570776.616657290607691, 4597545.064008645713329 ], [ 4570687.164214900694788, 4597545.901672062464058 ], [ 4570586.23424272518605, 4597548.375974451191723 ], [ 4570530.999758766032755, 4597551.630189360119402 ], [ 4570466.952059769071639, 4597561.376097966916859 ], [ 4570397.691662847995758, 4597578.432837788015604 ], [ 4570374.948441102169454, 4597586.119167247787118 ], [ 4570367.746503551490605, 4597588.553215753287077 ], [ 4570327.878919870592654, 4597602.256963327527046 ], [ 4570291.010032599791884, 4597617.917471949011087 ], [ 4570255.131548817269504, 4597635.849328263662755 ], [ 4570216.644711433909833, 4597657.346669701859355 ], [ 4570179.154167799279094, 4597681.385116008110344 ], [ 4570149.150654126890004, 4597703.772923305630684 ], [ 4570118.397805855609477, 4597728.740603550337255 ], [ 4570091.900194033049047, 4597751.724980130791664 ], [ 4570042.936257510446012, 4597797.73881016112864 ], [ 4570020.392670596018434, 4597817.262521346099675 ], [ 4569992.754402108490467, 4597843.375077405944467 ], [ 4569956.950832158327103, 4597876.954450804740191 ], [ 4569932.446099184453487, 4597898.94999529607594 ], [ 4569904.923934852704406, 4597924.250470018945634 ], [ 4569879.76829931885004, 4597947.204927965067327 ], [ 4569848.076948781497777, 4597972.328246852383018 ], [ 4569830.493008939549327, 4597985.265741425566375 ], [ 4569791.051375404000282, 4598012.314948378130794 ], [ 4569774.499940766952932, 4598023.340633078478277 ], [ 4569736.705741559155285, 4598045.900983521714807 ], [ 4569711.35943858884275, 4598060.225057630799711 ], [ 4569674.938292822800577, 4598078.032728810794652 ], [ 4569656.596392137929797, 4598087.074314885772765 ], [ 4569630.366978264413774, 4598097.910018085502088 ], [ 4569599.192458174191415, 4598109.934625384397805 ], [ 4569549.852442578412592, 4598126.814343606121838 ], [ 4569522.880126979202032, 4598134.428327209316194 ], [ 4569483.746759847737849, 4598145.010173832066357 ], [ 4569455.795803312212229, 4598150.891711315140128 ], [ 4569404.027090277522802, 4598161.21382500231266 ], [ 4569347.716150440275669, 4598172.715605778619647 ], [ 4569282.84299904294312, 4598185.89093298278749 ], [ 4569253.683187372051179, 4598191.798859292641282 ], [ 4569191.883695554919541, 4598204.23091830778867 ], [ 4569148.551043352112174, 4598213.285577639006078 ], [ 4569107.246650827117264, 4598220.885225021280348 ] ] ] } },
{ "type": "Feature", "properties": { "fid": 1030, "OBJECTID": 1034, "TIP": 2, "AD": "613", "SHAPE_Leng": 116.972025468, "DÜZENLENE": null }, "geometry": { "type": "MultiLineString", "coordinates": [ [ [ 4564083.191128917969763, 4599854.345990583300591 ], [ 4564027.420874821953475, 4599877.143943980336189 ], [ 4563984.357835232280195, 4599899.306637219153345 ], [ 4563947.602856113575399, 4599914.855704431422055 ] ] ] } },
{ "type": "Feature", "properties": { "fid": 1031, "OBJECTID": 1035, "TIP": 2, "AD": "660", "SHAPE_Leng": 295.35685737799997, "DÜZENLENE": null }, "geometry": { "type": "MultiLineString", "coordinates": [ [ [ 4563947.602856113575399, 4599914.855704431422055 ], [ 4563960.234994314610958, 4599944.08903993666172 ], [ 4563974.436552964150906, 4599971.309502009302378 ], [ 4563973.636967314407229, 4600000.833852656185627 ], [ 4563969.125811474397779, 4600016.044806663878262 ], [ 4563904.175068292766809, 4600053.614818027243018 ], [ 4563842.520815854892135, 4600094.531751424074173 ], [ 4563806.431210895068944, 4600107.727157362736762 ], [ 4563767.951516756787896, 4600118.095353836193681 ], [ 4563742.463506542146206, 4600149.413390319794416 ] ] ] } },
{ "type": "Feature", "properties": { "fid": 1032, "OBJECTID": 1036, "TIP": 2, "AD": "660", "SHAPE_Leng": 42.303366430799997, "DÜZENLENE": null }, "geometry": { "type": "MultiLineString", "coordinates": [ [ [ 4563742.463506542146206, 4600149.413390319794416 ], [ 4563726.365763869136572, 4600200.860006210394204 ] ] ] } },
{ "type": "Feature", "properties": { "fid": 1033, "OBJECTID": 1037, "TIP": 2, "AD": "660", "SHAPE_Leng": 30.144236245999998, "DÜZENLENE": null }, "geometry": { "type": "MultiLineString", "coordinates": [ [ [ 4563726.365763869136572, 4600200.860006210394204 ], [ 4563716.875409445725381, 4600238.086192126385868 ] ] ] } },
{ "type": "Feature", "properties": { "fid": 1034, "OBJECTID": 1038, "TIP": 2, "AD": "660", "SHAPE_Leng": 9.7407886608199998, "DÜZENLENE": null }, "geometry": { "type": "MultiLineString", "coordinates": [ [ [ 4563581.006485614925623, 4600474.612208317033947 ], [ 4563581.63060590531677, 4600487.013864503242075 ] ] ] } },
{ "type": "Feature", "properties": { "fid": 1035, "OBJECTID": 1039, "TIP": 2, "AD": "HASTANE", "SHAPE_Leng": 75.763031863899997, "DÜZENLENE": null }, "geometry": { "type": "MultiLineString", "coordinates": [ [ [ 4563581.168585057370365, 4600482.800344735383987 ], [ 4563537.420266414061189, 4600505.972073380835354 ], [ 4563498.058725835755467, 4600533.802090586163104 ] ] ] } },
{ "type": "Feature", "properties": { "fid": 1036, "OBJECTID": 1040, "TIP": 1, "AD": "950", "SHAPE_Leng": 219.91846071200001, "DÜZENLENE": null }, "geometry": { "type": "MultiLineString", "coordinates": [ [ [ 4565885.934145568870008, 4600080.242428497411311 ], [ 4565886.852137437090278, 4600087.459739677608013 ], [ 4565887.320627111010253, 4600089.469039840623736 ], [ 4565891.776013622060418, 4600108.579173010773957 ], [ 4565904.223944126628339, 4600146.733268514275551 ], [ 4565915.877767884172499, 4600182.238576574251056 ], [ 4565924.205685903318226, 4600206.88624919205904 ], [ 4565971.075933108106256, 4600347.00609889253974 ] ] ] } },
{ "type": "Feature", "properties": { "fid": 1037, "OBJECTID": 1041, "TIP": 1, "AD": "705", "SHAPE_Leng": 65.425204375800007, "DÜZENLENE": null }, "geometry": { "type": "MultiLineString", "coordinates": [ [ [ 4564084.580786557868123, 4600766.745444889180362 ], [ 4564089.491638318635523, 4600765.127671632915735 ], [ 4564116.540875782258809, 4600755.580944947898388 ], [ 4564149.094295606017113, 4600744.511505534872413 ], [ 4564162.740956957451999, 4600738.63003737013787 ] ] ] } },
{ "type": "Feature", "properties": { "fid": 1038, "OBJECTID": 1042, "TIP": 1, "AD": "522", "SHAPE_Leng": 49.4790367815, "DÜZENLENE": null }, "geometry": { "type": "MultiLineString", "coordinates": [ [ [ 4564438.700510964728892, 4599493.698127619922161 ], [ 4564438.29144234675914, 4599485.754279118031263 ], [ 4564435.836623657494783, 4599459.090678439475596 ], [ 4564434.555925854481757, 4599430.782482114620507 ] ] ] } },
{ "type": "Feature", "properties": { "fid": 1039, "OBJECTID": 1043, "TIP": 2, "AD": "DİYARBAKIR", "SHAPE_Leng": 775.07972267399998, "DÜZENLENE": null }, "geometry": { "type": "MultiLineString", "coordinates": [ [ [ 4562328.049040714278817, 4600983.82902914378792 ], [ 4562249.62137093488127, 4601005.48736588191241 ], [ 4562196.738855819217861, 4601021.33333495631814 ], [ 4562136.00746601074934, 4601034.648334323428571 ], [ 4562064.738187053240836, 4601051.698174241930246 ], [ 4561998.32487275917083, 4601069.58799122646451 ], [ 4561931.042051719501615, 4601084.52697273157537 ], [ 4561828.247082000598311, 4601110.618756322190166 ], [ 4561804.971042521297932, 4601117.404004028066993 ], [ 4561785.772545168176293, 4601123.00055565405637 ], [ 4561761.32131898868829, 4601129.732738529331982 ], [ 4561674.53377310372889, 4601150.21656680572778 ], [ 4561617.836631902493536, 4601163.712323670275509 ], [ 4561562.976959398947656, 4601175.143966534174979 ], [ 4561510.2977793533355, 4601181.670220520347357 ], [ 4561496.486810973845422, 4601182.766602009534836 ], [ 4561463.740752276033163, 4601185.366116905584931 ], [ 4561409.81617783755064, 4601184.280592649243772 ], [ 4561405.253310273401439, 4601184.188751546666026 ], [ 4561368.248128978535533, 4601182.011632284149528 ] ] ] } },
{ "type": "Feature", "properties": { "fid": 1040, "OBJECTID": 1044, "TIP": 1, "AD": "1152", "SHAPE_Leng": 14.485777029399999, "DÜZENLENE": null }, "geometry": { "type": "MultiLineString", "coordinates": [ [ [ 4568311.928749275393784, 4598580.147270379588008 ], [ 4568311.92757455073297, 4598581.074110372923315 ], [ 4568312.221730196848512, 4598598.607496215961874 ] ] ] } },
{ "type": "Feature", "properties": { "fid": 1041, "OBJECTID": 1045, "TIP": 2, "AD": "GAZİ", "SHAPE_Leng": 650.26184917800003, "DÜZENLENE": null }, "geometry": { "type": "MultiLineString", "coordinates": [ [ [ 4568255.117831172421575, 4598383.630788047797978 ], [ 4568267.993156462907791, 4598380.822367981076241 ], [ 4568347.78256836719811, 4598363.546216567978263 ], [ 4568400.375909902155399, 4598351.929293796420097 ], [ 4568436.487600007094443, 4598344.386332389898598 ], [ 4568466.80189726408571, 4598337.98294576536864 ], [ 4568489.757158503867686, 4598332.978925622999668 ], [ 4568529.989715282805264, 4598324.445020234212279 ], [ 4568590.282398128882051, 4598311.645313086919487 ], [ 4568655.141113760881126, 4598297.732429586350918 ], [ 4568709.53904892411083, 4598286.748632600530982 ], [ 4568755.901642386801541, 4598276.954269257374108 ], [ 4568810.530697450973094, 4598266.302167155779898 ], [ 4568858.342820262536407, 4598256.250307804904878 ], [ 4568915.294646536000073, 4598244.309612010605633 ], [ 4568954.409755565226078, 4598235.911411367356777 ], [ 4568969.305409118533134, 4598232.844180730171502 ], [ 4569033.323597106151283, 4598219.661515392363071 ], [ 4569062.850710212253034, 4598213.525652328506112 ] ] ] } },
{ "type": "Feature", "properties": { "fid": 1042, "OBJECTID": 1048, "TIP": 2, "AD": "AZİZOĞLU", "SHAPE_Leng": 101.63336445, "DÜZENLENE": null }, "geometry": { "type": "MultiLineString", "coordinates": [ [ [ 4564938.292388397268951, 4599831.276217537000775 ], [ 4564933.891248029656708, 4599824.51249697804451 ], [ 4564926.593435420654714, 4599802.85621674451977 ], [ 4564914.9914361955598, 4599752.95658178627491 ], [ 4564911.901444088667631, 4599723.899815650656819 ], [ 4564907.607368818484247, 4599706.273322043940425 ] ] ] } },
{ "type": "Feature", "properties": { "fid": 1043, "OBJECTID": 1049, "TIP": 1, "AD": "1008", "SHAPE_Leng": 79.862527864, "DÜZENLENE": null }, "geometry": { "type": "MultiLineString", "coordinates": [ [ [ 4565854.816577136516571, 4599216.206696458160877 ], [ 4565852.50708519667387, 4599209.759559363126755 ], [ 4565845.789549801498652, 4599191.006405161693692 ], [ 4565839.66400461923331, 4599174.948552836664021 ], [ 4565833.126929206773639, 4599158.49478770699352 ], [ 4565826.840890491381288, 4599141.226118539460003 ], [ 4565822.90716309659183, 4599136.190998951904476 ], [ 4565824.625086437910795, 4599130.101593354716897 ], [ 4565825.953846095129848, 4599121.213060301728547 ] ] ] } },
{ "type": "Feature", "properties": { "fid": 1044, "OBJECTID": 1050, "TIP": 2, "AD": "ESMERİM", "SHAPE_Leng": 77.284224498399993, "DÜZENLENE": null }, "geometry": { "type": "MultiLineString", "coordinates": [ [ [ 4565634.601990399882197, 4598877.948163150809705 ], [ 4565621.407859261147678, 4598890.56058556213975 ], [ 4565613.057249280624092, 4598908.283114712685347 ], [ 4565616.727948991581798, 4598938.22428173199296 ], [ 4565622.642085046507418, 4598957.996981793083251 ], [ 4565627.970280260778964, 4598966.20130249671638 ] ] ] } },
{ "type": "Feature", "properties": { "fid": 1045, "OBJECTID": 1051, "TIP": 2, "AD": "ESMERİM", "SHAPE_Leng": 20.3035475386, "DÜZENLENE": null }, "geometry": { "type": "MultiLineString", "coordinates": [ [ [ 4565655.152140930294991, 4598862.413416812196374 ], [ 4565638.741134840995073, 4598873.991556125693023 ], [ 4565634.601990399882197, 4598877.948163150809705 ] ] ] } },
{ "type": "Feature", "properties": { "fid": 1046, "OBJECTID": 1052, "TIP": 2, "AD": "ESMERİM", "SHAPE_Leng": 58.366561490800002, "DÜZENLENE": null }, "geometry": { "type": "MultiLineString", "coordinates": [ [ [ 4565702.973710933700204, 4598806.381080583669245 ], [ 4565692.925266661681235, 4598821.763161918148398 ], [ 4565666.533803184516728, 4598854.383437663316727 ], [ 4565655.152140930294991, 4598862.413416812196374 ] ] ] } },
{ "type": "Feature", "properties": { "fid": 1047, "OBJECTID": 1053, "TIP": 2, "AD": "ESMERİM", "SHAPE_Leng": 47.283982314600003, "DÜZENLENE": null }, "geometry": { "type": "MultiLineString", "coordinates": [ [ [ 4565728.732380329631269, 4598752.161345649510622 ], [ 4565723.630768554285169, 4598760.826900971122086 ], [ 4565708.423857791349292, 4598798.038088519126177 ], [ 4565702.973710933700204, 4598806.381080583669245 ] ] ] } },
{ "type": "Feature", "properties": { "fid": 1048, "OBJECTID": 1054, "TIP": 2, "AD": "ESMERİM", "SHAPE_Leng": 90.029940354000004, "DÜZENLENE": null }, "geometry": { "type": "MultiLineString", "coordinates": [ [ [ 4565857.83868090249598, 4598655.493059904314578 ], [ 4565838.327053214423358, 4598669.499616931192577 ], [ 4565806.605807699263096, 4598693.803480469621718 ], [ 4565776.079163646325469, 4598711.222578044049442 ], [ 4565762.975623956881464, 4598719.108589892275631 ] ] ] } },
{ "type": "Feature", "properties": { "fid": 1049, "OBJECTID": 1055, "TIP": 1, "AD": "1019", "SHAPE_Leng": 74.564381603599998, "DÜZENLENE": null }, "geometry": { "type": "MultiLineString", "coordinates": [ [ [ 4565634.601990399882197, 4598877.948163150809705 ], [ 4565627.065091909840703, 4598869.942000396549702 ], [ 4565615.234724837355316, 4598861.373520032502711 ], [ 4565602.679345041513443, 4598855.519389228895307 ], [ 4565594.083552050404251, 4598854.132686990313232 ], [ 4565580.585459000431001, 4598848.692641723901033 ], [ 4565562.732228005304933, 4598841.211191218346357 ], [ 4565550.388882896862924, 4598838.444614816457033 ] ] ] } },
{ "type": "Feature", "properties": { "fid": 1050, "OBJECTID": 1056, "TIP": 1, "AD": "1018", "SHAPE_Leng": 22.729703175400001, "DÜZENLENE": null }, "geometry": { "type": "MultiLineString", "coordinates": [ [ [ 4565550.388882896862924, 4598838.444614816457033 ], [ 4565559.070710894651711, 4598810.816605417057872 ] ] ] } },
{ "type": "Feature", "properties": { "fid": 1051, "OBJECTID": 1057, "TIP": 1, "AD": "1018", "SHAPE_Leng": 30.2678009919, "DÜZENLENE": null }, "geometry": { "type": "MultiLineString", "coordinates": [ [ [ 4565559.070710894651711, 4598810.816605417057872 ], [ 4565566.416858894750476, 4598796.354371259920299 ], [ 4565574.160211034119129, 4598775.407249912619591 ] ] ] } },
{ "type": "Feature", "properties": { "fid": 1052, "OBJECTID": 1058, "TIP": 1, "AD": "205", "SHAPE_Leng": 38.522293578199999, "DÜZENLENE": null }, "geometry": { "type": "MultiLineString", "coordinates": [ [ [ 4564669.517389793880284, 4599912.977611251175404 ], [ 4564695.095285356976092, 4599906.431254182010889 ], [ 4564717.280581185594201, 4599902.632100810296834 ] ] ] } },
{ "type": "Feature", "properties": { "fid": 1053, "OBJECTID": 1059, "TIP": 1, "AD": "211", "SHAPE_Leng": 49.498792092400002, "DÜZENLENE": null }, "geometry": { "type": "MultiLineString", "coordinates": [ [ [ 4564669.517389793880284, 4599912.977611251175404 ], [ 4564667.75458746869117, 4599906.896450548432767 ], [ 4564666.834156475029886, 4599898.641207007691264 ], [ 4564667.742178282700479, 4599895.88377932086587 ], [ 4564669.905585931614041, 4599894.247242467477918 ], [ 4564671.627465230412781, 4599892.531934561207891 ], [ 4564671.027783125638962, 4599889.189120697788894 ], [ 4564672.191925583407283, 4599886.072955021634698 ], [ 4564673.66212163399905, 4599880.830691101029515 ], [ 4564678.137580352835357, 4599880.380328513681889 ], [ 4564679.180944849736989, 4599879.827776588499546 ], [ 4564679.731586831621826, 4599876.813293496146798 ], [ 4564681.640768657438457, 4599875.623814348131418 ], [ 4564692.760777700692415, 4599873.351111490279436 ], [ 4564698.16895716637373, 4599871.290801073424518 ] ] ] } },
{ "type": "Feature", "properties": { "fid": 1054, "OBJECTID": 1060, "TIP": 2, "AD": "KARABEHLÜLBEY", "SHAPE_Leng": 12.196752292499999, "DÜZENLENE": null }, "geometry": { "type": "MultiLineString", "coordinates": [ [ [ 4564616.206223821267486, 4599733.798319036141038 ], [ 4564617.547440889291465, 4599749.287044540047646 ] ] ] } },
{ "type": "Feature", "properties": { "fid": 1055, "OBJECTID": 1061, "TIP": 1, "AD": "203", "SHAPE_Leng": 31.708991664399999, "DÜZENLENE": null }, "geometry": { "type": "MultiLineString", "coordinates": [ [ [ 4564616.206223821267486, 4599733.798319036141038 ], [ 4564624.228261747397482, 4599732.786879883147776 ], [ 4564627.313098643906415, 4599732.266521562822163 ], [ 4564638.610465111210942, 4599729.846113292500377 ], [ 4564642.639120906591415, 4599728.821016800589859 ], [ 4564644.039844113402069, 4599728.525661676190794 ], [ 4564645.746550650335848, 4599737.41114439163357 ], [ 4564647.551044706255198, 4599739.675244421698153 ] ] ] } },
{ "type": "Feature", "properties": { "fid": 1056, "OBJECTID": 1062, "TIP": 2, "AD": "AZİZOĞLU", "SHAPE_Leng": 61.428732523299999, "DÜZENLENE": null }, "geometry": { "type": "MultiLineString", "coordinates": [ [ [ 4565006.940090005286038, 4599966.40959114395082 ], [ 4565002.025647370144725, 4599956.620896108448505 ], [ 4564988.73966873716563, 4599932.508109170943499 ], [ 4564971.917418302036822, 4599896.487881621345878 ] ] ] } },
{ "type": "Feature", "properties": { "fid": 1057, "OBJECTID": 1063, "TIP": 1, "AD": "960", "SHAPE_Leng": 122.265491872, "DÜZENLENE": null }, "geometry": { "type": "MultiLineString", "coordinates": [ [ [ 4565935.421421781182289, 4600093.022232108749449 ], [ 4565936.31526973284781, 4600085.720600768923759 ], [ 4565912.536252868361771, 4599939.15461304038763 ] ] ] } },
{ "type": "Feature", "properties": { "fid": 1058, "OBJECTID": 1064, "TIP": 2, "AD": "EVLİBEDEN", "SHAPE_Leng": 43.438980451, "DÜZENLENE": null }, "geometry": { "type": "MultiLineString", "coordinates": [ [ [ 4564590.45829448569566, 4600072.207451080903411 ], [ 4564599.683265221305192, 4600068.970955991186202 ], [ 4564629.142649725079536, 4600053.712753777392209 ], [ 4564640.488027982413769, 4600049.142153558321297 ] ] ] } },
{ "type": "Feature", "properties": { "fid": 1059, "OBJECTID": 1065, "TIP": 1, "AD": "622", "SHAPE_Leng": 26.931082250900001, "DÜZENLENE": null }, "geometry": { "type": "MultiLineString", "coordinates": [ [ [ 4563791.575060197152197, 4599632.128161883912981 ], [ 4563804.240826211869717, 4599664.013939244672656 ] ] ] } },
{ "type": "Feature", "properties": { "fid": 1060, "OBJECTID": 1066, "TIP": 1, "AD": "622", "SHAPE_Leng": 18.1818189502, "DÜZENLENE": null }, "geometry": { "type": "MultiLineString", "coordinates": [ [ [ 4563804.240826211869717, 4599664.013939244672656 ], [ 4563813.653215794824064, 4599685.175334690138698 ] ] ] } },
{ "type": "Feature", "properties": { "fid": 1061, "OBJECTID": 1067, "TIP": 1, "AD": "319", "SHAPE_Leng": 64.531075955600002, "DÜZENLENE": null }, "geometry": { "type": "MultiLineString", "coordinates": [ [ [ 4565040.994549653492868, 4599075.922373831272125 ], [ 4565036.998273720033467, 4599078.611764076165855 ], [ 4565026.811247259378433, 4599089.003802066668868 ], [ 4565015.944521565921605, 4599102.260696741752326 ], [ 4565009.060775806196034, 4599110.168892555870116 ], [ 4565008.027978604659438, 4599111.012779880315065 ], [ 4565009.507712035439909, 4599112.837266401387751 ], [ 4565014.737262702547014, 4599118.187339447438717 ], [ 4565016.571944317780435, 4599120.522107243537903 ], [ 4565008.537505002692342, 4599125.791776778176427 ], [ 4565001.136895577423275, 4599130.551079389639199 ], [ 4564998.698465315625072, 4599131.240668054670095 ] ] ] } },
{ "type": "Feature", "properties": { "fid": 1062, "OBJECTID": 1068, "TIP": 1, "AD": "1120", "SHAPE_Leng": 12.912635315499999, "DÜZENLENE": null }, "geometry": { "type": "MultiLineString", "coordinates": [ [ [ 4567661.697958498261869, 4598353.160845094360411 ], [ 4567651.986554960720241, 4598339.903982184827328 ] ] ] } },
{ "type": "Feature", "properties": { "fid": 1063, "OBJECTID": 1069, "TIP": 2, "AD": "GAZİ", "SHAPE_Leng": 0.05642144971, "DÜZENLENE": null }, "geometry": { "type": "MultiLineString", "coordinates": [ [ [ 4564729.448821190744638, 4599500.593625414185226 ], [ 4564729.520168788731098, 4599500.587358454242349 ] ] ] } },
{ "type": "Feature", "properties": { "fid": 1064, "OBJECTID": 1070, "TIP": 2, "AD": "GAZİ", "SHAPE_Leng": 9.6987000330199997, "DÜZENLENE": null }, "geometry": { "type": "MultiLineString", "coordinates": [ [ [ 4564610.370041871443391, 4599508.433707968331873 ], [ 4564622.676551977172494, 4599508.778926506638527 ] ] ] } },
{ "type": "Feature", "properties": { "fid": 1065, "OBJECTID": 1071, "TIP": 2, "AD": "KARABEHLÜLBEY", "SHAPE_Leng": 137.86464580399999, "DÜZENLENE": null }, "geometry": { "type": "MultiLineString", "coordinates": [ [ [ 4564617.547440889291465, 4599749.287044540047646 ], [ 4564621.909550586715341, 4599775.055425117723644 ], [ 4564626.527013927698135, 4599802.28011407982558 ], [ 4564632.01033675018698, 4599833.309307498857379 ], [ 4564637.841604055836797, 4599864.893187575042248 ], [ 4564640.975900863297284, 4599883.221004444174469 ], [ 4564646.231697120703757, 4599908.880284165963531 ], [ 4564649.162018829025328, 4599920.151556679978967 ], [ 4564649.633583336137235, 4599921.996722989715636 ] ] ] } },
{ "type": "Feature", "properties": { "fid": 1066, "OBJECTID": 1072, "TIP": 2, "AD": "KARABEHLÜLBEY", "SHAPE_Leng": 66.590974981800002, "DÜZENLENE": null }, "geometry": { "type": "MultiLineString", "coordinates": [ [ [ 4564619.701982048340142, 4599621.850172172300518 ], [ 4564618.342753577977419, 4599630.188222097232938 ], [ 4564616.720080083236098, 4599669.242426482029259 ], [ 4564617.254207029938698, 4599699.254258416593075 ], [ 4564616.851811975240707, 4599706.572005457244813 ] ] ] } },
{ "type": "Feature", "properties": { "fid": 1067, "OBJECTID": 1073, "TIP": 2, "AD": "KARABEHLÜLBEY", "SHAPE_Leng": 21.365135422600002, "DÜZENLENE": null }, "geometry": { "type": "MultiLineString", "coordinates": [ [ [ 4564616.851811975240707, 4599706.572005457244813 ], [ 4564616.206223821267486, 4599733.798319036141038 ] ] ] } },
{ "type": "Feature", "properties": { "fid": 1068, "OBJECTID": 1074, "TIP": 2, "AD": "SELAHADDİN İ EYYUBİ", "SHAPE_Leng": 48.005837386300001, "DÜZENLENE": null }, "geometry": { "type": "MultiLineString", "coordinates": [ [ [ 4564680.638738675974309, 4599621.431230966001749 ], [ 4564619.701982048340142, 4599621.850172172300518 ] ] ] } },
{ "type": "Feature", "properties": { "fid": 1069, "OBJECTID": 1075, "TIP": 1, "AD": "218", "SHAPE_Leng": 53.575771942599999, "DÜZENLENE": null }, "geometry": { "type": "MultiLineString", "coordinates": [ [ [ 4564680.638738675974309, 4599621.431230966001749 ], [ 4564680.540018007159233, 4599632.436080786399543 ], [ 4564679.670599163509905, 4599659.667063090950251 ], [ 4564681.793614692986012, 4599669.853617067448795 ], [ 4564692.342166839167476, 4599677.674310127273202 ], [ 4564692.220132821239531, 4599684.141148716211319 ] ] ] } },
{ "type": "Feature", "properties": { "fid": 1070, "OBJECTID": 1076, "TIP": 1, "AD": "111", "SHAPE_Leng": 24.887027886799999, "DÜZENLENE": null }, "geometry": { "type": "MultiLineString", "coordinates": [ [ [ 4564619.657084761187434, 4599566.402634755708277 ], [ 4564615.90750297345221, 4599565.62010900862515 ], [ 4564612.395148988813162, 4599564.887128665111959 ], [ 4564595.434478423558176, 4599560.397641603834927 ], [ 4564589.015454540029168, 4599558.715289107523859 ] ] ] } },
{ "type": "Feature", "properties": { "fid": 1071, "OBJECTID": 1077, "TIP": 1, "AD": "111", "SHAPE_Leng": 97.483469250699997, "DÜZENLENE": null }, "geometry": { "type": "MultiLineString", "coordinates": [ [ [ 4564589.015454540029168, 4599558.715289107523859 ], [ 4564586.292813092470169, 4599554.506540450267494 ], [ 4564572.572053180076182, 4599550.166501911357045 ], [ 4564560.914212722331285, 4599541.505167378112674 ], [ 4564550.2445014026016, 4599537.742620693519711 ], [ 4564541.231399929150939, 4599538.254024925641716 ], [ 4564531.21874182112515, 4599540.384904893115163 ], [ 4564508.278124378062785, 4599547.24389829672873 ], [ 4564489.922123547643423, 4599562.215099943801761 ], [ 4564484.659834260120988, 4599567.297459132038057 ], [ 4564480.297236945480108, 4599566.702727137133479 ] ] ] } },
{ "type": "Feature", "properties": { "fid": 1072, "OBJECTID": 1078, "TIP": 2, "AD": "DİYARBAKIR", "SHAPE_Leng": 212.265376742, "DÜZENLENE": null }, "geometry": { "type": "MultiLineString", "coordinates": [ [ [ 4563441.282699185423553, 4600716.171810760162771 ], [ 4563372.35721240658313, 4600734.796124268323183 ], [ 4563305.92523549683392, 4600751.614557036198676 ], [ 4563203.619915265589952, 4600775.144472402520478 ], [ 4563179.836453721858561, 4600781.595435167662799 ] ] ] } },
{ "type": "Feature", "properties": { "fid": 1073, "OBJECTID": 1079, "TIP": 2, "AD": "DİYARBAKIR", "SHAPE_Leng": 245.30827557800001, "DÜZENLENE": null }, "geometry": { "type": "MultiLineString", "coordinates": [ [ [ 4563179.836453721858561, 4600781.595435167662799 ], [ 4563097.14835412427783, 4600804.971100917086005 ], [ 4563073.61601710319519, 4600810.606715869158506 ], [ 4563005.605656404979527, 4600829.076789882965386 ], [ 4562930.630118905566633, 4600848.64128531049937 ], [ 4562878.906651720404625, 4600862.036269494332373 ] ] ] } },
{ "type": "Feature", "properties": { "fid": 1074, "OBJECTID": 1080, "TIP": 2, "AD": "DİYARBAKIR", "SHAPE_Leng": 463.72407476500001, "DÜZENLENE": null }, "geometry": { "type": "MultiLineString", "coordinates": [ [ [ 4562338.587989669293165, 4600997.819208450615406 ], [ 4562250.508424690924585, 4601020.629643313586712 ], [ 4562193.855940996669233, 4601036.15161972399801 ], [ 4562162.33171652443707, 4601044.412879401817918 ], [ 4562112.195098561234772, 4601054.539966524578631 ], [ 4562066.525024681352079, 4601065.776994875632226 ], [ 4562009.837584865279496, 4601078.834272350184619 ], [ 4561949.411602867767215, 4601093.896194498054683 ], [ 4561869.504498336464167, 4601115.583489144220948 ], [ 4561789.02533245459199, 4601135.663136293180287 ], [ 4561767.354952082037926, 4601140.446304711513221 ] ] ] } },
{ "type": "Feature", "properties": { "fid": 1075, "OBJECTID": 1081, "TIP": 2, "AD": "DİYARBAKIR", "SHAPE_Leng": 358.59943793899998, "DÜZENLENE": null }, "geometry": { "type": "MultiLineString", "coordinates": [ [ [ 4561767.354952082037926, 4601140.446304711513221 ], [ 4561715.242532695643604, 4601154.653912636451423 ], [ 4561653.00941639393568, 4601173.261838736012578 ], [ 4561590.459530591964722, 4601187.943944281898439 ], [ 4561549.329415679909289, 4601195.726212207227945 ], [ 4561468.699699870310724, 4601202.445918423123658 ], [ 4561386.794868580065668, 4601199.745371676981449 ], [ 4561319.72401266451925, 4601193.083023567683995 ] ] ] } },
{ "type": "Feature", "properties": { "fid": 1076, "OBJECTID": 1082, "TIP": 1, "AD": "618", "SHAPE_Leng": 38.091630636600001, "DÜZENLENE": null }, "geometry": { "type": "MultiLineString", "coordinates": [ [ [ 4563858.803671644069254, 4599606.362955992110074 ], [ 4563866.118050458841026, 4599619.303227578289807 ], [ 4563881.009369380772114, 4599649.476606390438974 ] ] ] } },
{ "type": "Feature", "properties": { "fid": 1077, "OBJECTID": 1083, "TIP": 1, "AD": "618", "SHAPE_Leng": 106.871713915, "DÜZENLENE": null }, "geometry": { "type": "MultiLineString", "coordinates": [ [ [ 4563881.009369380772114, 4599649.476606390438974 ], [ 4563903.961077176034451, 4599692.069727548398077 ], [ 4563923.903234981000423, 4599736.347216521389782 ], [ 4563939.491648726165295, 4599772.291452859528363 ] ] ] } },
{ "type": "Feature", "properties": { "fid": 1078, "OBJECTID": 1084, "TIP": 1, "AD": "627", "SHAPE_Leng": 35.510445589900002, "DÜZENLENE": null }, "geometry": { "type": "MultiLineString", "coordinates": [ [ [ 4563881.009369380772114, 4599649.476606390438974 ], [ 4563861.81399735249579, 4599660.866739415563643 ], [ 4563841.546483967453241, 4599671.311434691771865 ] ] ] } },
{ "type": "Feature", "properties": { "fid": 1079, "OBJECTID": 1085, "TIP": 1, "AD": "705", "SHAPE_Leng": 168.03115645599999, "DÜZENLENE": null }, "geometry": { "type": "MultiLineString", "coordinates": [ [ [ 4563679.198670172132552, 4600812.401805295608938 ], [ 4563694.039027953520417, 4600818.195425068959594 ], [ 4563707.628507629036903, 4600824.084804683923721 ], [ 4563720.989417086355388, 4600833.715625908225775 ], [ 4563745.383514394983649, 4600853.65571547485888 ], [ 4563776.230093671008945, 4600871.491358992643654 ], [ 4563802.652933953329921, 4600881.581060593016446 ], [ 4563841.749196778982878, 4600893.555684734135866 ], [ 4563871.0263965530321, 4600887.166710794903338 ] ] ] } },
{ "type": "Feature", "properties": { "fid": 1080, "OBJECTID": 1086, "TIP": 1, "AD": "108", "SHAPE_Leng": 102.282611903, "DÜZENLENE": null }, "geometry": { "type": "MultiLineString", "coordinates": [ [ [ 4564137.756554376333952, 4599489.027401742525399 ], [ 4564144.859503279440105, 4599501.741391571238637 ], [ 4564150.572007836773992, 4599517.449941943399608 ], [ 4564145.692193721421063, 4599527.990637616254389 ], [ 4564146.702069170773029, 4599541.642059955745935 ], [ 4564154.071965465322137, 4599563.611734449863434 ], [ 4564158.624985326081514, 4599575.387454845942557 ], [ 4564160.340916792862117, 4599585.372999244369566 ], [ 4564160.668367548845708, 4599591.235519144684076 ], [ 4564158.453107404522598, 4599594.454507608897984 ], [ 4564157.212968500331044, 4599597.035410031676292 ], [ 4564155.428310793824494, 4599600.859738673083484 ], [ 4564154.913382971659303, 4599603.900116732344031 ], [ 4564154.168510441668332, 4599606.916662452742457 ], [ 4564153.581461400724947, 4599611.629466162994504 ] ] ] } },
{ "type": "Feature", "properties": { "fid": 1081, "OBJECTID": 1087, "TIP": 1, "AD": "106/1", "SHAPE_Leng": 120.549491192, "DÜZENLENE": null }, "geometry": { "type": "MultiLineString", "coordinates": [ [ [ 4564183.997556972317398, 4599471.02388836350292 ], [ 4564196.074851068668067, 4599486.981036528013647 ], [ 4564209.57936657499522, 4599502.610584304668009 ], [ 4564214.328975078649819, 4599507.905113823711872 ], [ 4564218.461206670850515, 4599512.605754474177957 ], [ 4564217.788217426277697, 4599531.308709437027574 ], [ 4564220.493652264587581, 4599557.157642597332597 ], [ 4564223.212240127846599, 4599564.044152529910207 ], [ 4564231.130853770300746, 4599564.415949076414108 ], [ 4564253.997744459658861, 4599562.368614726699889 ], [ 4564270.30367423966527, 4599561.408064732328057 ] ] ] } },
{ "type": "Feature", "properties": { "fid": 1082, "OBJECTID": 1088, "TIP": 2, "AD": "HASTANE", "SHAPE_Leng": 13.971621624300001, "DÜZENLENE": null }, "geometry": { "type": "MultiLineString", "coordinates": [ [ [ 4564295.71036022156477, 4599423.265380844473839 ], [ 4564296.273298047482967, 4599441.06549137365073 ] ] ] } },
{ "type": "Feature", "properties": { "fid": 1083, "OBJECTID": 1089, "TIP": 1, "AD": "319", "SHAPE_Leng": 35.857682625000002, "DÜZENLENE": null }, "geometry": { "type": "MultiLineString", "coordinates": [ [ [ 4565127.697467097081244, 4599029.572772079147398 ], [ 4565101.553844638168812, 4599042.644802181981504 ], [ 4565085.917258033528924, 4599047.300509801134467 ] ] ] } },
{ "type": "Feature", "properties": { "fid": 1084, "OBJECTID": 1090, "TIP": 1, "AD": "337", "SHAPE_Leng": 24.3525395934, "DÜZENLENE": null }, "geometry": { "type": "MultiLineString", "coordinates": [ [ [ 4565112.187299423851073, 4598946.340590577572584 ], [ 4565109.131437429226935, 4598945.86740390304476 ], [ 4565081.520181461237371, 4598949.273814596235752 ] ] ] } },
{ "type": "Feature", "properties": { "fid": 1085, "OBJECTID": 1091, "TIP": 1, "AD": "113", "SHAPE_Leng": 70.022599598300005, "DÜZENLENE": null }, "geometry": { "type": "MultiLineString", "coordinates": [ [ [ 4564616.851811975240707, 4599706.572005457244813 ], [ 4564610.85200114082545, 4599705.995013453997672 ], [ 4564594.63035829924047, 4599702.539634470827878 ], [ 4564585.424411189742386, 4599699.36608836427331 ], [ 4564576.613161341287196, 4599686.150184688158333 ], [ 4564568.453719498589635, 4599681.649473590776324 ], [ 4564554.59849117975682, 4599678.891733679920435 ], [ 4564537.422660966403782, 4599677.073154817335308 ] ] ] } },
{ "type": "Feature", "properties": { "fid": 1086, "OBJECTID": 1092, "TIP": 1, "AD": "112", "SHAPE_Leng": 167.720260099, "DÜZENLENE": null }, "geometry": { "type": "MultiLineString", "coordinates": [ [ [ 4564589.015454540029168, 4599558.715289107523859 ], [ 4564584.971824705600739, 4599567.506409548223019 ], [ 4564571.840068412013352, 4599566.104762558825314 ], [ 4564554.598888415843248, 4599564.18501250538975 ], [ 4564551.301593677140772, 4599564.382792370393872 ], [ 4564539.292642381973565, 4599567.890631712973118 ], [ 4564526.19060190860182, 4599574.111992257647216 ], [ 4564519.881486160680652, 4599580.658323171548545 ], [ 4564518.50879970844835, 4599594.9238620121032 ], [ 4564520.389837944880128, 4599600.381643498316407 ], [ 4564522.345247484743595, 4599607.985516015440226 ], [ 4564528.119290924631059, 4599618.205282307229936 ], [ 4564535.301000882871449, 4599627.225095248781145 ], [ 4564539.480914450250566, 4599629.424383394420147 ], [ 4564546.948537945747375, 4599629.876231214031577 ], [ 4564552.472891273908317, 4599629.324634097516537 ], [ 4564554.871281671337783, 4599645.781443726271391 ], [ 4564554.302854894660413, 4599660.996570501476526 ], [ 4564537.461946017108858, 4599661.039854719303548 ], [ 4564537.422660966403782, 4599677.073154817335308 ] ] ] } },
{ "type": "Feature", "properties": { "fid": 1087, "OBJECTID": 1093, "TIP": 1, "AD": "113", "SHAPE_Leng": 26.4029006741, "DÜZENLENE": null }, "geometry": { "type": "MultiLineString", "coordinates": [ [ [ 4564537.422660966403782, 4599677.073154817335308 ], [ 4564514.826686972752213, 4599674.896970220841467 ], [ 4564504.2006646245718, 4599672.869531211443245 ] ] ] } },
{ "type": "Feature", "properties": { "fid": 1088, "OBJECTID": 1094, "TIP": 1, "AD": "113", "SHAPE_Leng": 53.011693702199999, "DÜZENLENE": null }, "geometry": { "type": "MultiLineString", "coordinates": [ [ [ 4564504.2006646245718, 4599672.869531211443245 ], [ 4564500.434141801670194, 4599672.150817659683526 ], [ 4564496.450317308306694, 4599666.030108843930066 ], [ 4564473.826320520602167, 4599663.441093381494284 ], [ 4564458.517635891214013, 4599661.003926640376449 ], [ 4564440.613718638196588, 4599660.674483704380691 ] ] ] } },
{ "type": "Feature", "properties": { "fid": 1089, "OBJECTID": 1095, "TIP": 1, "AD": "BASGOZ ÇIKMAZI", "SHAPE_Leng": 52.797611957699999, "DÜZENLENE": null }, "geometry": { "type": "MultiLineString", "coordinates": [ [ [ 4564504.2006646245718, 4599672.869531211443245 ], [ 4564506.85522579587996, 4599691.622219095937908 ], [ 4564507.24325611256063, 4599701.329224121756852 ], [ 4564517.50816860049963, 4599738.573944105766714 ] ] ] } },
{ "type": "Feature", "properties": { "fid": 1090, "OBJECTID": 1096, "TIP": 2, "AD": "SAMİ SEÇKİN", "SHAPE_Leng": 18.645310105099998, "DÜZENLENE": null }, "geometry": { "type": "MultiLineString", "coordinates": [ [ [ 4564617.547440889291465, 4599749.287044540047646 ], [ 4564611.551520436070859, 4599751.775950490497053 ], [ 4564595.674047032371163, 4599758.366438086144626 ] ] ] } },
{ "type": "Feature", "properties": { "fid": 1091, "OBJECTID": 1097, "TIP": 2, "AD": "SAMİ SEÇKİN", "SHAPE_Leng": 105.18757692699999, "DÜZENLENE": null }, "geometry": { "type": "MultiLineString", "coordinates": [ [ [ 4564595.674047032371163, 4599758.366438086144626 ], [ 4564572.358466242440045, 4599769.757430753670633 ], [ 4564559.26276415027678, 4599777.328279189765453 ], [ 4564515.077947585843503, 4599801.406483033671975 ], [ 4564479.52073226030916, 4599824.256335441023111 ] ] ] } },
{ "type": "Feature", "properties": { "fid": 1092, "OBJECTID": 1098, "TIP": 1, "AD": "114", "SHAPE_Leng": 83.518854131300003, "DÜZENLENE": null }, "geometry": { "type": "MultiLineString", "coordinates": [ [ [ 4564595.674047032371163, 4599758.366438086144626 ], [ 4564596.743175921961665, 4599770.577476374804974 ], [ 4564598.441354687325656, 4599780.082838356494904 ], [ 4564593.725447934120893, 4599795.095833140425384 ], [ 4564588.51428281608969, 4599812.076218757778406 ], [ 4564586.997107839211822, 4599825.872828735969961 ], [ 4564586.53792121540755, 4599832.629745996557176 ], [ 4564587.608140872791409, 4599862.993791608139873 ] ] ] } },
{ "type": "Feature", "properties": { "fid": 1093, "OBJECTID": 1099, "TIP": 2, "AD": "BEDENDİBİ", "SHAPE_Leng": 83.250230908500001, "DÜZENLENE": null }, "geometry": { "type": "MultiLineString", "coordinates": [ [ [ 4564871.386255430988967, 4599216.322695666924119 ], [ 4564852.554993368685246, 4599224.035102910362184 ], [ 4564836.742203606292605, 4599228.038265916518867 ], [ 4564802.164557239040732, 4599237.117640427313745 ], [ 4564770.605760123580694, 4599247.751009404659271 ] ] ] } },
{ "type": "Feature", "properties": { "fid": 1094, "OBJECTID": 1100, "TIP": 2, "AD": "DR.İSMAİL BEŞİKCİ", "SHAPE_Leng": 79.048945538400005, "DÜZENLENE": null }, "geometry": { "type": "MultiLineString", "coordinates": [ [ [ 4564704.488752932287753, 4599268.991340545006096 ], [ 4564698.978065091185272, 4599271.26475933752954 ], [ 4564671.479215207509696, 4599282.609722597524524 ], [ 4564644.327049815095961, 4599294.668460376560688 ], [ 4564611.533988314680755, 4599306.849460428580642 ] ] ] } },
{ "type": "Feature", "properties": { "fid": 1095, "OBJECTID": 1101, "TIP": 2, "AD": "DR.İSMAİL BEŞİKCİ", "SHAPE_Leng": 61.395147862000002, "DÜZENLENE": null }, "geometry": { "type": "MultiLineString", "coordinates": [ [ [ 4564611.533988314680755, 4599306.849460428580642 ], [ 4564583.555637831799686, 4599317.981395217590034 ], [ 4564538.3412383524701, 4599333.670265737921 ] ] ] } },
{ "type": "Feature", "properties": { "fid": 1096, "OBJECTID": 1102, "TIP": 2, "AD": "DR.İSMAİL BEŞİKCİ", "SHAPE_Leng": 103.981790559, "DÜZENLENE": null }, "geometry": { "type": "MultiLineString", "coordinates": [ [ [ 4564538.3412383524701, 4599333.670265737921 ], [ 4564475.957505701109767, 4599357.017771553248167 ], [ 4564426.482525141909719, 4599374.552717029117048 ], [ 4564414.636267400346696, 4599379.80209681019187 ] ] ] } },
{ "type": "Feature", "properties": { "fid": 1097, "OBJECTID": 1103, "TIP": 1, "AD": "530", "SHAPE_Leng": 82.095213124400004, "DÜZENLENE": null }, "geometry": { "type": "MultiLineString", "coordinates": [ [ [ 4564611.533988314680755, 4599306.849460428580642 ], [ 4564608.133148455061018, 4599306.951712084934115 ], [ 4564606.260530430823565, 4599306.101812447421253 ], [ 4564605.825405246578157, 4599305.021691750735044 ], [ 4564600.427122131921351, 4599291.621300874277949 ], [ 4564591.306919735856354, 4599271.586606797762215 ], [ 4564577.693674890324473, 4599256.993478677235544 ], [ 4564547.080941545777023, 4599229.088581886142492 ] ] ] } },
{ "type": "Feature", "properties": { "fid": 1098, "OBJECTID": 1104, "TIP": 1, "AD": "530", "SHAPE_Leng": 144.13935750600001, "DÜZENLENE": null }, "geometry": { "type": "MultiLineString", "coordinates": [ [ [ 4564533.569710043258965, 4599218.410466165281832 ], [ 4564519.804468778893352, 4599208.364482874982059 ], [ 4564507.222542985342443, 4599190.233864891342819 ], [ 4564491.011696381494403, 4599165.229566012509167 ], [ 4564469.523998707532883, 4599127.661694743670523 ], [ 4564453.383869949728251, 4599098.151029108092189 ], [ 4564442.724453994072974, 4599081.516112143173814 ], [ 4564427.620096751488745, 4599071.957127026282251 ] ] ] } },
{ "type": "Feature", "properties": { "fid": 1099, "OBJECTID": 1105, "TIP": 1, "AD": "534", "SHAPE_Leng": 60.222402736100001, "DÜZENLENE": null }, "geometry": { "type": "MultiLineString", "coordinates": [ [ [ 4564533.569710043258965, 4599218.410466165281832 ], [ 4564485.032657378353179, 4599247.236828162334859 ], [ 4564467.465918553061783, 4599256.946742713451385 ] ] ] } },
{ "type": "Feature", "properties": { "fid": 1100, "OBJECTID": 1106, "TIP": 1, "AD": "534", "SHAPE_Leng": 46.327665398699999, "DÜZENLENE": null }, "geometry": { "type": "MultiLineString", "coordinates": [ [ [ 4564439.566400764510036, 4599273.072877464815974 ], [ 4564386.710569338873029, 4599298.956586599349976 ] ] ] } },
{ "type": "Feature", "properties": { "fid": 1101, "OBJECTID": 1107, "TIP": 1, "AD": "532", "SHAPE_Leng": 25.250257337699999, "DÜZENLENE": null }, "geometry": { "type": "MultiLineString", "coordinates": [ [ [ 4564538.3412383524701, 4599333.670265737921 ], [ 4564534.490770234726369, 4599328.584807612933218 ], [ 4564529.642970743589103, 4599318.111403254792094 ], [ 4564522.491349221207201, 4599305.806435545906425 ] ] ] } },
{ "type": "Feature", "properties": { "fid": 1102, "OBJECTID": 1108, "TIP": 2, "AD": "TARANCI", "SHAPE_Leng": 55.064884573500002, "DÜZENLENE": null }, "geometry": { "type": "MultiLineString", "coordinates": [ [ [ 4565085.917258033528924, 4599047.300509801134467 ], [ 4565085.758315269835293, 4599041.480308044701815 ], [ 4565083.690471542067826, 4599014.134792835451663 ], [ 4565081.866890358738601, 4598998.118179682642221 ], [ 4565080.802770981565118, 4598977.32713867444545 ] ] ] } },
{ "type": "Feature", "properties": { "fid": 1103, "OBJECTID": 1109, "TIP": 1, "AD": "339", "SHAPE_Leng": 10.6052300383, "DÜZENLENE": null }, "geometry": { "type": "MultiLineString", "coordinates": [ [ [ 4564949.262434979900718, 4599037.277090491726995 ], [ 4564937.832364379428327, 4599039.139338384382427 ], [ 4564935.956343496218324, 4599038.990411845967174 ] ] ] } },
{ "type": "Feature", "properties": { "fid": 1104, "OBJECTID": 1110, "TIP": 1, "AD": "213", "SHAPE_Leng": 98.059813249699999, "DÜZENLENE": null }, "geometry": { "type": "MultiLineString", "coordinates": [ [ [ 4564907.607368818484247, 4599706.273322043940425 ], [ 4564930.920024159364402, 4599721.862043874338269 ], [ 4564960.509485554881394, 4599730.88931648992002 ], [ 4564968.90267491992563, 4599733.236924793571234 ], [ 4564990.331555712036788, 4599729.904917682521045 ], [ 4565011.874779792502522, 4599723.121015208773315 ], [ 4565023.649435985833406, 4599718.7043894873932 ] ] ] } },
{ "type": "Feature", "properties": { "fid": 1105, "OBJECTID": 1111, "TIP": 1, "AD": "213", "SHAPE_Leng": 32.044186887099997, "DÜZENLENE": null }, "geometry": { "type": "MultiLineString", "coordinates": [ [ [ 4565023.649435985833406, 4599718.7043894873932 ], [ 4565038.713418746367097, 4599710.381675210781395 ], [ 4565058.54894997831434, 4599697.758657604455948 ] ] ] } },
{ "type": "Feature", "properties": { "fid": 1106, "OBJECTID": 1112, "TIP": 1, "AD": "213", "SHAPE_Leng": 42.147013107799999, "DÜZENLENE": null }, "geometry": { "type": "MultiLineString", "coordinates": [ [ [ 4565058.54894997831434, 4599697.758657604455948 ], [ 4565073.600870381109416, 4599687.931940954178572 ], [ 4565081.664898135699332, 4599682.808803697116673 ], [ 4565100.228300175629556, 4599676.445291650481522 ], [ 4565106.600907607935369, 4599675.969288769178092 ] ] ] } },
{ "type": "Feature", "properties": { "fid": 1107, "OBJECTID": 1113, "TIP": 2, "AD": "AZİZOĞLU", "SHAPE_Leng": 22.444128847799998, "DÜZENLENE": null }, "geometry": { "type": "MultiLineString", "coordinates": [ [ [ 4564951.271511550061405, 4599856.744852708652616 ], [ 4564938.292388397268951, 4599831.276217537000775 ] ] ] } },
{ "type": "Feature", "properties": { "fid": 1108, "OBJECTID": 1114, "TIP": 1, "AD": "818", "SHAPE_Leng": 144.16901405900001, "DÜZENLENE": null }, "geometry": { "type": "MultiLineString", "coordinates": [ [ [ 4565243.424045993946493, 4600528.138716484420002 ], [ 4565246.854437784291804, 4600541.783627424389124 ], [ 4565276.704523691907525, 4600596.462347319349647 ], [ 4565294.291404413990676, 4600632.965226621367037 ], [ 4565301.202160444110632, 4600665.67482050973922 ], [ 4565306.533415913581848, 4600682.292339018546045 ], [ 4565306.265995039604604, 4600698.201464080251753 ] ] ] } },
{ "type": "Feature", "properties": { "fid": 1109, "OBJECTID": 1115, "TIP": 1, "AD": "813", "SHAPE_Leng": 77.312645526300003, "DÜZENLENE": null }, "geometry": { "type": "MultiLineString", "coordinates": [ [ [ 4565326.20356220472604, 4600475.371106668375432 ], [ 4565301.907800397835672, 4600489.125042195431888 ], [ 4565279.495455326512456, 4600502.97283073887229 ], [ 4565261.109973974525928, 4600516.598004779778421 ], [ 4565243.424045993946493, 4600528.138716484420002 ] ] ] } },
{ "type": "Feature", "properties": { "fid": 1110, "OBJECTID": 1116, "TIP": 1, "AD": "813", "SHAPE_Leng": 48.421648724000001, "DÜZENLENE": null }, "geometry": { "type": "MultiLineString", "coordinates": [ [ [ 4565379.819219200871885, 4600445.178771737031639 ], [ 4565326.20356220472604, 4600475.371106668375432 ] ] ] } },
{ "type": "Feature", "properties": { "fid": 1111, "OBJECTID": 1117, "TIP": 2, "AD": "DİYARBAKIR", "SHAPE_Leng": 49.688434588299998, "DÜZENLENE": null }, "geometry": { "type": "MultiLineString", "coordinates": [ [ [ 4564587.118224746547639, 4600420.701553068123758 ], [ 4564545.223664367571473, 4600431.650509912520647 ], [ 4564539.171851126477122, 4600433.184062404558063 ], [ 4564527.140334311872721, 4600439.436656426638365 ] ] ] } },
{ "type": "Feature", "properties": { "fid": 1112, "OBJECTID": 1118, "TIP": 2, "AD": "AZİZOĞLU", "SHAPE_Leng": 79.429884277599996, "DÜZENLENE": null }, "geometry": { "type": "MultiLineString", "coordinates": [ [ [ 4564886.602053883485496, 4599372.194774528965354 ], [ 4564883.932368511334062, 4599352.237887572497129 ], [ 4564885.635620206594467, 4599328.469280855730176 ], [ 4564886.256598045118153, 4599319.803632485680282 ], [ 4564886.199463785625994, 4599306.761573335155845 ], [ 4564884.503759435378015, 4599280.036921135149896 ], [ 4564883.74691120442003, 4599271.300282497890294 ] ] ] } },
{ "type": "Feature", "properties": { "fid": 1113, "OBJECTID": 1119, "TIP": 2, "AD": "GAZİ", "SHAPE_Leng": 10.1568522337, "DÜZENLENE": null }, "geometry": { "type": "MultiLineString", "coordinates": [ [ [ 4565548.76952010858804, 4599389.271552271209657 ], [ 4565561.125798589549959, 4599385.576025294139981 ] ] ] } },
{ "type": "Feature", "properties": { "fid": 1114, "OBJECTID": 1120, "TIP": 2, "AD": "GÜL", "SHAPE_Leng": 46.0007797321, "DÜZENLENE": null }, "geometry": { "type": "MultiLineString", "coordinates": [ [ [ 4565110.346016862429678, 4600140.518039995804429 ], [ 4565129.171634510159492, 4600149.081151242367923 ], [ 4565142.790492262691259, 4600156.948015539906919 ], [ 4565161.518955267034471, 4600168.57279587071389 ] ] ] } },
{ "type": "Feature", "properties": { "fid": 1115, "OBJECTID": 1121, "TIP": 2, "AD": "CENANLAR", "SHAPE_Leng": 41.4276064182, "DÜZENLENE": null }, "geometry": { "type": "MultiLineString", "coordinates": [ [ [ 4565073.702667505480349, 4600116.941051677800715 ], [ 4565071.659878693521023, 4600148.898656002245843 ], [ 4565068.813242134638131, 4600169.487414870411158 ] ] ] } },
{ "type": "Feature", "properties": { "fid": 1116, "OBJECTID": 1122, "TIP": 1, "AD": "903", "SHAPE_Leng": 83.125987172199999, "DÜZENLENE": null }, "geometry": { "type": "MultiLineString", "coordinates": [ [ [ 4565110.346016862429678, 4600140.518039995804429 ], [ 4565124.752269038930535, 4600123.026443907991052 ], [ 4565154.567797908559442, 4600084.863697308115661 ], [ 4565166.577830047346652, 4600080.958909645676613 ], [ 4565188.428088214248419, 4600078.459232081659138 ] ] ] } },
{ "type": "Feature", "properties": { "fid": 1117, "OBJECTID": 1123, "TIP": 2, "AD": "DİYARBAKIR", "SHAPE_Leng": 38.425770931300001, "DÜZENLENE": null }, "geometry": { "type": "MultiLineString", "coordinates": [ [ [ 4565233.582558419555426, 4599765.112752506509423 ], [ 4565216.981210371479392, 4599794.935407965444028 ], [ 4565209.110731645487249, 4599807.46697308961302 ] ] ] } },
{ "type": "Feature", "properties": { "fid": 1118, "OBJECTID": 1124, "TIP": 2, "AD": "DİYARBAKIR", "SHAPE_Leng": 65.747837911700003, "DÜZENLENE": null }, "geometry": { "type": "MultiLineString", "coordinates": [ [ [ 4565085.616296341642737, 4600017.632736776024103 ], [ 4565074.717103909701109, 4600035.970291966572404 ], [ 4565069.839326499961317, 4600044.177058436907828 ], [ 4565054.669271574355662, 4600068.440318305045366 ], [ 4565041.006318543106318, 4600088.435285521671176 ] ] ] } },
{ "type": "Feature", "properties": { "fid": 1119, "OBJECTID": 1125, "TIP": 2, "AD": "DR.İSMAİL BEŞİKCİ", "SHAPE_Leng": 52.673696934500001, "DÜZENLENE": null }, "geometry": { "type": "MultiLineString", "coordinates": [ [ [ 4562420.845129772089422, 4600916.337665732949972 ], [ 4562381.461787550710142, 4600970.60818428080529 ] ] ] } },
{ "type": "Feature", "properties": { "fid": 1120, "OBJECTID": 1126, "TIP": 1, "AD": "207", "SHAPE_Leng": 45.465132132400001, "DÜZENLENE": null }, "geometry": { "type": "MultiLineString", "coordinates": [ [ [ 4564963.602281087078154, 4600019.180117542855442 ], [ 4564957.509234005585313, 4600025.847633682191372 ], [ 4564931.776147017255425, 4600053.935165665112436 ], [ 4564924.179005296900868, 4600061.495777221396565 ] ] ] } },
{ "type": "Feature", "properties": { "fid": 1121, "OBJECTID": 1127, "TIP": 2, "AD": "DİYARBAKIR", "SHAPE_Leng": 38.196990581999998, "DÜZENLENE": null }, "geometry": { "type": "MultiLineString", "coordinates": [ [ [ 4565033.417651870287955, 4600081.128247865475714 ], [ 4565023.15929816570133, 4600094.90488238632679 ], [ 4565013.517134298570454, 4600113.061911288648844 ], [ 4565007.874248835258186, 4600122.387240673415363 ] ] ] } },
{ "type": "Feature", "properties": { "fid": 1122, "OBJECTID": 1128, "TIP": 1, "AD": "216", "SHAPE_Leng": 42.3190686441, "DÜZENLENE": null }, "geometry": { "type": "MultiLineString", "coordinates": [ [ [ 4565033.417651870287955, 4600081.128247865475714 ], [ 4565022.678600976243615, 4600072.907059126533568 ], [ 4565007.616095758974552, 4600059.245989988557994 ], [ 4564996.333356286399066, 4600047.679326639510691 ], [ 4564993.590856219641864, 4600045.042146344669163 ] ] ] } },
{ "type": "Feature", "properties": { "fid": 1123, "OBJECTID": 1129, "TIP": 1, "AD": "230", "SHAPE_Leng": 20.005177117700001, "DÜZENLENE": null }, "geometry": { "type": "MultiLineString", "coordinates": [ [ [ 4565023.649435985833406, 4599718.7043894873932 ], [ 4565024.056133667007089, 4599716.002889412455261 ], [ 4565024.087482774630189, 4599713.959543773904443 ], [ 4565023.506476738490164, 4599711.475619342178106 ], [ 4565021.319939294829965, 4599704.411657093092799 ], [ 4565016.889191863127053, 4599694.597266562283039 ] ] ] } },
{ "type": "Feature", "properties": { "fid": 1124, "OBJECTID": 1130, "TIP": 1, "AD": "240", "SHAPE_Leng": 102.341686688, "DÜZENLENE": null }, "geometry": { "type": "MultiLineString", "coordinates": [ [ [ 4565288.612138526514173, 4599576.210156191140413 ], [ 4565287.854861817322671, 4599571.039796431548893 ], [ 4565288.997413915582001, 4599555.497356184758246 ], [ 4565298.032191544771194, 4599538.298902120441198 ], [ 4565321.456712441518903, 4599517.075308559462428 ], [ 4565322.853674826212227, 4599514.562144906260073 ], [ 4565323.976146741770208, 4599511.785048853605986 ], [ 4565323.339702431112528, 4599509.276643261313438 ], [ 4565318.388306473381817, 4599497.78024404682219 ], [ 4565305.084272887557745, 4599472.837281386367977 ], [ 4565301.213304359465837, 4599465.311073001474142 ], [ 4565300.866468888707459, 4599464.636648760177195 ] ] ] } },
{ "type": "Feature", "properties": { "fid": 1125, "OBJECTID": 1131, "TIP": 1, "AD": "352", "SHAPE_Leng": 102.561386032, "DÜZENLENE": null }, "geometry": { "type": "MultiLineString", "coordinates": [ [ [ 4565112.187299423851073, 4598946.340590577572584 ], [ 4565118.052994658239186, 4598939.337593114934862 ], [ 4565118.8094219006598, 4598925.0729024047032 ], [ 4565114.832380807958543, 4598909.595133658498526 ], [ 4565112.305187203921378, 4598900.117867684923112 ], [ 4565110.272448066622019, 4598893.091922527179122 ], [ 4565108.972839888185263, 4598879.560079735703766 ], [ 4565106.579291680827737, 4598867.52021199837327 ], [ 4565102.832454346120358, 4598854.643000457435846 ], [ 4565102.200431731529534, 4598845.908482688479125 ], [ 4565102.03264039568603, 4598833.893159014172852 ], [ 4565099.781116819940507, 4598819.961259725503623 ] ] ] } },
{ "type": "Feature", "properties": { "fid": 1126, "OBJECTID": 1132, "TIP": 1, "AD": "352", "SHAPE_Leng": 17.336404459099999, "DÜZENLENE": null }, "geometry": { "type": "MultiLineString", "coordinates": [ [ [ 4565099.781116819940507, 4598819.961259725503623 ], [ 4565098.065800467506051, 4598813.076602191664279 ], [ 4565094.794102646410465, 4598798.44100418779999 ] ] ] } },
{ "type": "Feature", "properties": { "fid": 1127, "OBJECTID": 1133, "TIP": 2, "AD": "TARANCI", "SHAPE_Leng": 155.93153744200001, "DÜZENLENE": null }, "geometry": { "type": "MultiLineString", "coordinates": [ [ [ 4565053.034958211705089, 4598761.760144172236323 ], [ 4565051.496440442278981, 4598748.760818964801729 ], [ 4565047.375736196525395, 4598725.913317793048918 ], [ 4565041.701744602993131, 4598705.798156657256186 ], [ 4565028.281473110429943, 4598664.011901876889169 ], [ 4565022.342652930878103, 4598623.069874052889645 ], [ 4565020.520785986445844, 4598595.891557766124606 ], [ 4565020.236406559124589, 4598576.468971534632146 ], [ 4565020.720388229005039, 4598566.897186133079231 ] ] ] } },
{ "type": "Feature", "properties": { "fid": 1128, "OBJECTID": 1134, "TIP": 1, "AD": "675", "SHAPE_Leng": 53.728582928599998, "DÜZENLENE": null }, "geometry": { "type": "MultiLineString", "coordinates": [ [ [ 4562915.426133131608367, 4600370.813676525838673 ], [ 4562977.382744835689664, 4600464.710147912614048 ], [ 4563036.643883391283453, 4600433.315393886528909 ] ] ] } },
{ "type": "Feature", "properties": { "fid": 1129, "OBJECTID": 1136, "TIP": 2, "AD": "HASTANE", "SHAPE_Leng": 22.244706898699999, "DÜZENLENE": null }, "geometry": { "type": "MultiLineString", "coordinates": [ [ [ 4564335.423225676640868, 4599528.676625562831759 ], [ 4564346.001688337884843, 4599554.966424305923283 ] ] ] } },
{ "type": "Feature", "properties": { "fid": 1130, "OBJECTID": 1137, "TIP": 1, "AD": "540", "SHAPE_Leng": 33.749105127999997, "DÜZENLENE": null }, "geometry": { "type": "MultiLineString", "coordinates": [ [ [ 4563986.004333652555943, 4599512.013826468959451 ], [ 4563988.35083909984678, 4599494.377790461294353 ], [ 4563994.16510300245136, 4599473.112245433963835 ], [ 4563995.333503591828048, 4599470.163334053009748 ] ] ] } },
{ "type": "Feature", "properties": { "fid": 1131, "OBJECTID": 1138, "TIP": 1, "AD": "540", "SHAPE_Leng": 127.684738369, "DÜZENLENE": null }, "geometry": { "type": "MultiLineString", "coordinates": [ [ [ 4563995.333503591828048, 4599470.163334053009748 ], [ 4564003.484662347473204, 4599443.00015040114522 ], [ 4564006.395057613030076, 4599427.307423388585448 ], [ 4564011.455617592670023, 4599402.235241715796292 ], [ 4564014.106990708038211, 4599379.68893632479012 ], [ 4564017.653683183714747, 4599357.123423808254302 ], [ 4564018.106621609069407, 4599341.708797603845596 ], [ 4564017.780869122594595, 4599326.536079946905375 ], [ 4564012.246203650720417, 4599310.793545173481107 ] ] ] } },
{ "type": "Feature", "properties": { "fid": 1132, "OBJECTID": 1139, "TIP": 1, "AD": "548", "SHAPE_Leng": 25.156405706099999, "DÜZENLENE": null }, "geometry": { "type": "MultiLineString", "coordinates": [ [ [ 4563638.718451206572354, 4599690.893810992129147 ], [ 4563620.702264013700187, 4599667.010572630912066 ], [ 4563619.436475262977183, 4599665.332631813362241 ] ] ] } },
{ "type": "Feature", "properties": { "fid": 1133, "OBJECTID": 1140, "TIP": 1, "AD": "548", "SHAPE_Leng": 60.539987050900002, "DÜZENLENE": null }, "geometry": { "type": "MultiLineString", "coordinates": [ [ [ 4563619.436475262977183, 4599665.332631813362241 ], [ 4563610.747666919603944, 4599652.836451364681125 ], [ 4563601.707611381076276, 4599644.845633164979517 ], [ 4563574.813796393573284, 4599627.255301965400577 ], [ 4563558.125153818167746, 4599621.858692117966712 ] ] ] } },
{ "type": "Feature", "properties": { "fid": 1134, "OBJECTID": 1141, "TIP": 1, "AD": "548", "SHAPE_Leng": 40.079058427, "DÜZENLENE": null }, "geometry": { "type": "MultiLineString", "coordinates": [ [ [ 4563558.125153818167746, 4599621.858692117966712 ], [ 4563534.698691238649189, 4599611.390009082853794 ], [ 4563511.976998592726886, 4599600.366359948180616 ] ] ] } },
{ "type": "Feature", "properties": { "fid": 1135, "OBJECTID": 1142, "TIP": 2, "AD": "KULFAKAPI", "SHAPE_Leng": 9.9092075451999992, "DÜZENLENE": null }, "geometry": { "type": "MultiLineString", "coordinates": [ [ [ 4565219.86681027431041, 4599605.703444923274219 ], [ 4565225.798116733320057, 4599616.842086554504931 ] ] ] } },
{ "type": "Feature", "properties": { "fid": 1136, "OBJECTID": 1143, "TIP": 1, "AD": "239", "SHAPE_Leng": 58.984607048800001, "DÜZENLENE": null }, "geometry": { "type": "MultiLineString", "coordinates": [ [ [ 4565219.86681027431041, 4599605.703444923274219 ], [ 4565227.222299820743501, 4599601.625202344730496 ], [ 4565237.925552041269839, 4599596.358603264205158 ], [ 4565247.512945173308253, 4599592.377621486783028 ], [ 4565256.480569185689092, 4599588.183561876416206 ], [ 4565266.084811765700579, 4599584.971901753917336 ], [ 4565276.810770560055971, 4599580.764535581693053 ], [ 4565283.348143063485622, 4599578.061285492032766 ], [ 4565288.612138526514173, 4599576.210156191140413 ] ] ] } },
{ "type": "Feature", "properties": { "fid": 1137, "OBJECTID": 1144, "TIP": 2, "AD": "KULFAKAPI", "SHAPE_Leng": 33.856117149600003, "DÜZENLENE": null }, "geometry": { "type": "MultiLineString", "coordinates": [ [ [ 4565225.798116733320057, 4599616.842086554504931 ], [ 4565230.693266349844635, 4599626.03497692476958 ], [ 4565250.212154442444444, 4599646.30021402798593 ], [ 4565253.050730740651488, 4599649.831447114236653 ] ] ] } },
{ "type": "Feature", "properties": { "fid": 1138, "OBJECTID": 1145, "TIP": 1, "AD": "241", "SHAPE_Leng": 58.567966189099998, "DÜZENLENE": null }, "geometry": { "type": "MultiLineString", "coordinates": [ [ [ 4565225.798116733320057, 4599616.842086554504931 ], [ 4565228.247029063291848, 4599614.780814968980849 ], [ 4565239.623503575101495, 4599609.832832052372396 ], [ 4565249.552632533945143, 4599605.377889510244131 ], [ 4565261.748196160420775, 4599599.990547953173518 ], [ 4565267.821195513010025, 4599596.149295946583152 ], [ 4565276.076496565714478, 4599591.554191472008824 ], [ 4565282.268153047189116, 4599587.61664002109319 ], [ 4565289.836018864065409, 4599580.151355524547398 ] ] ] } },
{ "type": "Feature", "properties": { "fid": 1139, "OBJECTID": 1146, "TIP": 1, "AD": "240", "SHAPE_Leng": 3.2387645819599999, "DÜZENLENE": null }, "geometry": { "type": "MultiLineString", "coordinates": [ [ [ 4565289.836018864065409, 4599580.151355524547398 ], [ 4565288.612138526514173, 4599576.210156191140413 ] ] ] } },
{ "type": "Feature", "properties": { "fid": 1140, "OBJECTID": 1147, "TIP": 1, "AD": "118", "SHAPE_Leng": 31.470093137799999, "DÜZENLENE": null }, "geometry": { "type": "MultiLineString", "coordinates": [ [ [ 4564619.701982048340142, 4599621.850172172300518 ], [ 4564613.343878593295813, 4599625.683090528473258 ], [ 4564601.07466278038919, 4599626.893928996287286 ], [ 4564581.198126286268234, 4599630.530159112997353 ] ] ] } },
{ "type": "Feature", "properties": { "fid": 1141, "OBJECTID": 1148, "TIP": 2, "AD": "GAZİ", "SHAPE_Leng": 174.63879625199999, "DÜZENLENE": null }, "geometry": { "type": "MultiLineString", "coordinates": [ [ [ 4565992.598565379157662, 4599143.272955510765314 ], [ 4566076.259589205496013, 4599099.061682532541454 ], [ 4566140.569445383735001, 4599064.598948408849537 ], [ 4566186.726099004037678, 4599039.865330657921731 ], [ 4566188.424307645298541, 4599038.962164795026183 ] ] ] } },
{ "type": "Feature", "properties": { "fid": 1142, "OBJECTID": 1149, "TIP": 2, "AD": "YILDIRIM", "SHAPE_Leng": 578.39622546600003, "DÜZENLENE": null }, "geometry": { "type": "MultiLineString", "coordinates": [ [ [ 4566123.550498212687671, 4598821.723129016347229 ], [ 4566127.144807268865407, 4598820.386532625183463 ], [ 4566147.404637143015862, 4598816.749443344771862 ], [ 4566177.315618594177067, 4598808.135107539594173 ], [ 4566199.273431226611137, 4598792.138860368169844 ], [ 4566213.106010485440493, 4598779.423392416909337 ], [ 4566220.894933860749006, 4598760.633581354282796 ], [ 4566220.012393315322697, 4598745.452448449097574 ], [ 4566213.562637731432915, 4598719.91183731239289 ], [ 4566210.13725352101028, 4598698.264009732753038 ], [ 4566202.048637180589139, 4598647.439833297394216 ], [ 4566200.018997357226908, 4598628.190243883058429 ], [ 4566197.387238997034729, 4598587.366252765990794 ], [ 4566193.170377086848021, 4598547.791486915200949 ], [ 4566193.525972357019782, 4598527.005768593400717 ], [ 4566196.432860639877617, 4598493.75170673429966 ], [ 4566195.349367445334792, 4598480.957897381857038 ], [ 4566186.245378019288182, 4598445.268068968318403 ], [ 4566181.117421826347709, 4598394.650145481340587 ], [ 4566183.528319342061877, 4598369.502486424520612 ], [ 4566183.125019843690097, 4598357.098717467859387 ], [ 4566173.627681563608348, 4598340.441406079567969 ], [ 4566166.17681766487658, 4598325.223532397300005 ], [ 4566157.785069562494755, 4598272.788741224445403 ], [ 4566155.965412664227188, 4598238.424534688703716 ], [ 4566150.10857860930264, 4598216.156188679859042 ], [ 4566131.088319959118962, 4598206.453043170273304 ], [ 4566109.92532706912607, 4598203.272695140913129 ], [ 4566111.956897785887122, 4598185.419168340042233 ] ] ] } },
{ "type": "Feature", "properties": { "fid": 1143, "OBJECTID": 1150, "TIP": 2, "AD": "DİCLE", "SHAPE_Leng": 20.5322491216, "DÜZENLENE": null }, "geometry": { "type": "MultiLineString", "coordinates": [ [ [ 4565812.614517624489963, 4598928.345985600724816 ], [ 4565811.70936225168407, 4598926.331134858541191 ], [ 4565806.320573196746409, 4598914.335204216651618 ], [ 4565804.344121821224689, 4598903.719218466430902 ] ] ] } },
{ "type": "Feature", "properties": { "fid": 1144, "OBJECTID": 1151, "TIP": 2, "AD": "YILDIRIM", "SHAPE_Leng": 260.34670145500002, "DÜZENLENE": null }, "geometry": { "type": "MultiLineString", "coordinates": [ [ [ 4565812.614517624489963, 4598928.345985600724816 ], [ 4565819.776799163781106, 4598925.962190695106983 ], [ 4565831.155994411557913, 4598924.027299114502966 ], [ 4565929.036417464725673, 4598898.953208948485553 ], [ 4565979.158893909305334, 4598886.727292122319341 ], [ 4566007.986114488914609, 4598873.036867846734822 ], [ 4566026.694800558499992, 4598862.104044878855348 ], [ 4566047.311197384260595, 4598851.156553746201098 ], [ 4566070.695842821151018, 4598838.988029460422695 ], [ 4566123.550498212687671, 4598821.723129016347229 ] ] ] } },
{ "type": "Feature", "properties": { "fid": 1145, "OBJECTID": 1152, "TIP": 1, "AD": "522", "SHAPE_Leng": 7.8418429835800003, "DÜZENLENE": null }, "geometry": { "type": "MultiLineString", "coordinates": [ [ [ 4564439.21450296510011, 4599503.680545218288898 ], [ 4564438.700510964728892, 4599493.698127619922161 ] ] ] } },
{ "type": "Feature", "properties": { "fid": 1146, "OBJECTID": 1154, "TIP": 1, "AD": "1108", "SHAPE_Leng": 136.75747079300001, "DÜZENLENE": null }, "geometry": { "type": "MultiLineString", "coordinates": [ [ [ 4567084.444288924336433, 4598472.939698818139732 ], [ 4567081.780752284452319, 4598468.119478521868587 ], [ 4567071.503984391689301, 4598440.416561621241271 ], [ 4567061.756338284350932, 4598418.503463244996965 ], [ 4567051.257993716746569, 4598392.964181893505156 ], [ 4567040.065435392782092, 4598372.567141714505851 ], [ 4567021.309325955808163, 4598331.828405972570181 ], [ 4567012.070394273847342, 4598314.761505072005093 ] ] ] } },
{ "type": "Feature", "properties": { "fid": 1147, "OBJECTID": 1156, "TIP": 2, "AD": "BEYAZIT", "SHAPE_Leng": 23.599982346699999, "DÜZENLENE": null }, "geometry": { "type": "MultiLineString", "coordinates": [ [ [ 4565331.005898321978748, 4600019.315036374144256 ], [ 4565337.285225430503488, 4600048.730409145355225 ] ] ] } },
{ "type": "Feature", "properties": { "fid": 1148, "OBJECTID": 1157, "TIP": 2, "AD": "BEYAZIT", "SHAPE_Leng": 43.199936206700002, "DÜZENLENE": null }, "geometry": { "type": "MultiLineString", "coordinates": [ [ [ 4565337.285225430503488, 4600048.730409145355225 ], [ 4565351.736399211920798, 4600101.852494901977479 ] ] ] } },
{ "type": "Feature", "properties": { "fid": 1149, "OBJECTID": 1158, "TIP": 2, "AD": "BEYAZIT", "SHAPE_Leng": 14.6609772038, "DÜZENLENE": null }, "geometry": { "type": "MultiLineString", "coordinates": [ [ [ 4565351.736399211920798, 4600101.852494901977479 ], [ 4565356.089625482447445, 4600120.022994424216449 ] ] ] } },
{ "type": "Feature", "properties": { "fid": 1150, "OBJECTID": 1159, "TIP": 2, "AD": "BEYAZIT", "SHAPE_Leng": 38.338270530199999, "DÜZENLENE": null }, "geometry": { "type": "MultiLineString", "coordinates": [ [ [ 4565356.089625482447445, 4600120.022994424216449 ], [ 4565362.007272115908563, 4600135.634097462520003 ], [ 4565374.652491555549204, 4600161.132634637877345 ], [ 4565376.468528536148369, 4600164.331689855083823 ] ] ] } },
{ "type": "Feature", "properties": { "fid": 1151, "OBJECTID": 1160, "TIP": 2, "AD": "BEYAZIT", "SHAPE_Leng": 51.839806208200002, "DÜZENLENE": null }, "geometry": { "type": "MultiLineString", "coordinates": [ [ [ 4565376.468528536148369, 4600164.331689855083823 ], [ 4565387.122703399509192, 4600184.745918604545295 ], [ 4565399.738903840072453, 4600208.895661119371653 ], [ 4565407.69238102901727, 4600222.486693162471056 ] ] ] } },
{ "type": "Feature", "properties": { "fid": 1152, "OBJECTID": 1161, "TIP": 2, "AD": "BEYAZIT", "SHAPE_Leng": 70.498230849799995, "DÜZENLENE": null }, "geometry": { "type": "MultiLineString", "coordinates": [ [ [ 4565407.69238102901727, 4600222.486693162471056 ], [ 4565413.543646111153066, 4600232.07511487416923 ], [ 4565432.583615015260875, 4600267.42035106010735 ], [ 4565452.377169193699956, 4600300.320126402191818 ] ] ] } },
{ "type": "Feature", "properties": { "fid": 1153, "OBJECTID": 1162, "TIP": 2, "AD": "BEYAZIT", "SHAPE_Leng": 50.813251434599998, "DÜZENLENE": null }, "geometry": { "type": "MultiLineString", "coordinates": [ [ [ 4565452.377169193699956, 4600300.320126402191818 ], [ 4565466.421380175277591, 4600328.352489256300032 ], [ 4565475.852439791895449, 4600348.118831765837967 ], [ 4565479.580852409824729, 4600358.96809901855886 ] ] ] } },
{ "type": "Feature", "properties": { "fid": 1154, "OBJECTID": 1163, "TIP": 2, "AD": "BEYAZIT", "SHAPE_Leng": 167.88923074300001, "DÜZENLENE": null }, "geometry": { "type": "MultiLineString", "coordinates": [ [ [ 4565479.580852409824729, 4600358.96809901855886 ], [ 4565484.100751551799476, 4600369.125358076766133 ], [ 4565492.918707048520446, 4600385.396506153047085 ], [ 4565502.629937316291034, 4600411.904140383005142 ], [ 4565507.932055266574025, 4600433.379830447025597 ], [ 4565513.327508073300123, 4600459.17197238560766 ], [ 4565525.27518664766103, 4600502.094416729174554 ], [ 4565539.237177273258567, 4600563.595970534719527 ] ] ] } },
{ "type": "Feature", "properties": { "fid": 1155, "OBJECTID": 1164, "TIP": 2, "AD": "BEYAZIT", "SHAPE_Leng": 35.020095562199998, "DÜZENLENE": null }, "geometry": { "type": "MultiLineString", "coordinates": [ [ [ 4565539.237177273258567, 4600563.595970534719527 ], [ 4565553.055835208855569, 4600606.028163500130177 ] ] ] } },
{ "type": "Feature", "properties": { "fid": 1156, "OBJECTID": 1165, "TIP": 1, "AD": "502", "SHAPE_Leng": 34.743097453399997, "DÜZENLENE": null }, "geometry": { "type": "MultiLineString", "coordinates": [ [ [ 4564833.103946084156632, 4599307.530096813105047 ], [ 4564835.14551994483918, 4599327.126109800301492 ], [ 4564836.760135559365153, 4599347.176647774875164 ], [ 4564836.497913043014705, 4599351.6350984768942 ] ] ] } },
{ "type": "Feature", "properties": { "fid": 1157, "OBJECTID": 1166, "TIP": 1, "AD": "1120", "SHAPE_Leng": 556.05863795000005, "DÜZENLENE": null }, "geometry": { "type": "MultiLineString", "coordinates": [ [ [ 4567651.986554960720241, 4598339.903982184827328 ], [ 4567639.774906798265874, 4598323.233859531581402 ], [ 4567593.559326991438866, 4598257.690880864858627 ], [ 4567551.077236444689333, 4598199.036745542660356 ], [ 4567525.493194803595543, 4598165.645235434174538 ], [ 4567482.397621855139732, 4598130.16523945145309 ], [ 4567454.115680768154562, 4598106.611733639612794 ], [ 4567431.463377277366817, 4598082.36796428821981 ], [ 4567402.989791229367256, 4598049.111785974353552 ], [ 4567377.765554678626359, 4598019.650392970070243 ], [ 4567359.486762726679444, 4598002.906588086858392 ], [ 4567336.366346350871027, 4597982.334156507626176 ], [ 4567316.166152493096888, 4597967.318939202465117 ], [ 4567295.38385877572, 4597949.757892350666225 ], [ 4567279.335472272709012, 4597934.118478169664741 ], [ 4567267.236484065651894, 4597918.363139554858208 ], [ 4567254.51678532641381, 4597899.810835572890937 ], [ 4567243.7738505192101, 4597882.058398767374456 ], [ 4567231.564742106013, 4597861.246366159059107 ], [ 4567221.630651482380927, 4597842.070789013057947 ], [ 4567213.557086301967502, 4597818.357430897653103 ], [ 4567210.267121062614024, 4597799.284497135318816 ] ] ] } },
{ "type": "Feature", "properties": { "fid": 1158, "OBJECTID": 1167, "TIP": 2, "AD": "GAZİ", "SHAPE_Leng": 211.448137124, "DÜZENLENE": null }, "geometry": { "type": "MultiLineString", "coordinates": [ [ [ 4568261.382769658230245, 4598398.687351764179766 ], [ 4568290.633701868355274, 4598392.126114770770073 ], [ 4568313.23342202976346, 4598387.242616231553257 ], [ 4568356.285739669576287, 4598377.590298865921795 ], [ 4568370.336521218530834, 4598374.986555312760174 ], [ 4568394.407529665157199, 4598369.800664386712015 ], [ 4568416.000007257796824, 4598364.939183027483523 ], [ 4568448.482855556532741, 4598357.341267857700586 ], [ 4568475.909587035886943, 4598352.013545670546591 ], [ 4568518.966015182435513, 4598342.562933356501162 ], [ 4568523.644822437316179, 4598341.593750201165676 ] ] ] } },
{ "type": "Feature", "properties": { "fid": 1159, "OBJECTID": 1168, "TIP": 1, "AD": "815", "SHAPE_Leng": 253.373547591, "DÜZENLENE": null }, "geometry": { "type": "MultiLineString", "coordinates": [ [ [ 4565277.315911588259041, 4600706.886427168734372 ], [ 4565227.041380575858057, 4600721.968323751352727 ], [ 4565188.512188280001283, 4600726.968040979467332 ], [ 4565155.66767590586096, 4600730.719369526021183 ], [ 4565094.99112481996417, 4600742.161020665429533 ], [ 4565047.586359560489655, 4600756.237594939768314 ], [ 4564999.639243675395846, 4600765.939863651990891 ], [ 4564969.344787197187543, 4600768.510493987239897 ], [ 4564962.547126103192568, 4600768.804063296876848 ] ] ] } },
{ "type": "Feature", "properties": { "fid": 1160, "OBJECTID": 1169, "TIP": 1, "AD": "317", "SHAPE_Leng": 29.968279323299999, "DÜZENLENE": null }, "geometry": { "type": "MultiLineString", "coordinates": [ [ [ 4565358.002122646197677, 4599165.630582720041275 ], [ 4565352.046642149798572, 4599152.973061187192798 ], [ 4565342.430291159078479, 4599130.784162420779467 ] ] ] } },
{ "type": "Feature", "properties": { "fid": 1161, "OBJECTID": 1170, "TIP": 2, "AD": "ELMAS", "SHAPE_Leng": 21.473416300899999, "DÜZENLENE": null }, "geometry": { "type": "MultiLineString", "coordinates": [ [ [ 4565380.899649400264025, 4599210.018848594278097 ], [ 4565387.089234386570752, 4599204.910404620692134 ], [ 4565400.054887847974896, 4599190.629147096537054 ] ] ] } },
{ "type": "Feature", "properties": { "fid": 1162, "OBJECTID": 1171, "TIP": 2, "AD": "DİYARBAKIR", "SHAPE_Leng": 774.42297422499996, "DÜZENLENE": null }, "geometry": { "type": "MultiLineString", "coordinates": [ [ [ 4559909.654981209896505, 4600592.604982012882829 ], [ 4559794.348172642290592, 4600541.525204591453075 ], [ 4559698.080425267107785, 4600501.061048253439367 ], [ 4559576.800463165156543, 4600464.05072098877281 ], [ 4559447.037574739195406, 4600428.343487141653895 ], [ 4559347.683405241928995, 4600400.76172751840204 ], [ 4559128.72355683427304, 4600341.07645520195365 ], [ 4558987.465742074884474, 4600301.783771158196032 ], [ 4558973.031687874346972, 4600298.052850548177958 ] ] ] } },
{ "type": "Feature", "properties": { "fid": 1163, "OBJECTID": 1172, "TIP": 1, "AD": "1145", "SHAPE_Leng": 21.245138900099999, "DÜZENLENE": null }, "geometry": { "type": "MultiLineString", "coordinates": [ [ [ 4567589.139418349601328, 4598726.570698740892112 ], [ 4567591.748937644995749, 4598737.514768984168768 ], [ 4567593.047793615609407, 4598753.285776726901531 ] ] ] } },
{ "type": "Feature", "properties": { "fid": 1164, "OBJECTID": 1173, "TIP": 1, "AD": "1134", "SHAPE_Leng": 34.912347718299998, "DÜZENLENE": null }, "geometry": { "type": "MultiLineString", "coordinates": [ [ [ 4567288.686337408609688, 4598871.101976667530835 ], [ 4567293.78240118175745, 4598886.169715608470142 ], [ 4567303.495390885509551, 4598913.039946316741407 ] ] ] } },
{ "type": "Feature", "properties": { "fid": 1165, "OBJECTID": 1174, "TIP": 1, "AD": "817", "SHAPE_Leng": 217.33530960300001, "DÜZENLENE": null }, "geometry": { "type": "MultiLineString", "coordinates": [ [ [ 4565126.762183548882604, 4600506.095100234262645 ], [ 4565051.072233147919178, 4600540.646629757247865 ], [ 4565025.321007986553013, 4600551.327832113951445 ], [ 4564975.531060426495969, 4600579.400266639888287 ], [ 4564962.998030437156558, 4600590.243751540780067 ], [ 4564943.814881418831646, 4600625.072783065028489 ], [ 4564931.383556513115764, 4600640.637180781923234 ], [ 4564905.718978838995099, 4600659.412722994573414 ] ] ] } },
{ "type": "Feature", "properties": { "fid": 1166, "OBJECTID": 1175, "TIP": 1, "AD": "705", "SHAPE_Leng": 68.1455602865, "DÜZENLENE": null }, "geometry": { "type": "MultiLineString", "coordinates": [ [ [ 4563910.819740108214319, 4600873.884284112602472 ], [ 4563939.497172245755792, 4600860.879837268032134 ], [ 4563980.388811946846545, 4600823.873324490152299 ] ] ] } },
{ "type": "Feature", "properties": { "fid": 1167, "OBJECTID": 1176, "TIP": 1, "AD": "709", "SHAPE_Leng": 54.012707306000003, "DÜZENLENE": null }, "geometry": { "type": "MultiLineString", "coordinates": [ [ [ 4563848.268202381208539, 4600749.03960251994431 ], [ 4563856.597897787578404, 4600744.601871026679873 ], [ 4563905.840315478853881, 4600711.710469339974225 ] ] ] } },
{ "type": "Feature", "properties": { "fid": 1168, "OBJECTID": 1177, "TIP": 2, "AD": "660", "SHAPE_Leng": 232.49590975300001, "DÜZENLENE": null }, "geometry": { "type": "MultiLineString", "coordinates": [ [ [ 4563716.875409445725381, 4600238.086192126385868 ], [ 4563716.449196024797857, 4600239.758210704661906 ], [ 4563688.696276275441051, 4600282.460889841429889 ], [ 4563666.35091186594218, 4600309.560059492476285 ], [ 4563637.331322897225618, 4600335.390105484984815 ], [ 4563601.244764690287411, 4600365.498112234286964 ], [ 4563571.678745154291391, 4600398.883917692117393 ], [ 4563568.696125235408545, 4600435.293877279385924 ], [ 4563581.006485614925623, 4600474.612208317033947 ] ] ] } },
{ "type": "Feature", "properties": { "fid": 1169, "OBJECTID": 1178, "TIP": 1, "AD": "605", "SHAPE_Leng": 158.58734357700001, "DÜZENLENE": null }, "geometry": { "type": "MultiLineString", "coordinates": [ [ [ 4563716.875409445725381, 4600238.086192126385868 ], [ 4563724.249157218262553, 4600240.216369843110442 ], [ 4563730.440153178758919, 4600243.159212006255984 ], [ 4563733.116310626268387, 4600247.635449907742441 ], [ 4563738.265795791521668, 4600254.649252050556242 ], [ 4563743.453468915075064, 4600263.443362399935722 ], [ 4563746.829921598546207, 4600270.495385616086423 ], [ 4563750.620636622421443, 4600274.299795769155025 ], [ 4563754.561999230645597, 4600277.615149131976068 ], [ 4563759.621252117678523, 4600280.420526511967182 ], [ 4563765.451722032390535, 4600281.589892694726586 ], [ 4563776.440146988257766, 4600282.647697136737406 ], [ 4563785.151137447915971, 4600282.783152056857944 ], [ 4563794.863964749500155, 4600284.516259404830635 ], [ 4563802.484848046675324, 4600286.456542413681746 ], [ 4563810.585820043459535, 4600288.224501731805503 ], [ 4563814.639906292781234, 4600289.270334291271865 ], [ 4563821.654249077662826, 4600293.004989157430828 ], [ 4563827.750095657072961, 4600299.026576026342809 ], [ 4563829.932332660071552, 4600303.027697339653969 ], [ 4563835.880894464440644, 4600309.70020492747426 ], [ 4563838.832905543968081, 4600319.514408113434911 ], [ 4563838.457001858390868, 4600324.542481869459152 ], [ 4563837.204269384033978, 4600333.799805170856416 ], [ 4563831.413991746492684, 4600342.021766625344753 ], [ 4563827.698301021009684, 4600349.227246085181832 ], [ 4563825.356514416635036, 4600359.17335560079664 ] ] ] } },
{ "type": "Feature", "properties": { "fid": 1170, "OBJECTID": 1179, "TIP": 1, "AD": "HASTANE", "SHAPE_Leng": 156.377579207, "DÜZENLENE": null }, "geometry": { "type": "MultiLineString", "coordinates": [ [ [ 4563825.356514416635036, 4600359.17335560079664 ], [ 4563857.528844169341028, 4600345.577020045369864 ], [ 4563912.248867076821625, 4600327.974606935866177 ], [ 4563959.677547029219568, 4600315.027821246534586 ], [ 4563997.494217832572758, 4600302.963833247311413 ], [ 4564014.19277068413794, 4600298.329039479605854 ] ] ] } },
{ "type": "Feature", "properties": { "fid": 1171, "OBJECTID": 1180, "TIP": 1, "AD": "117", "SHAPE_Leng": 109.27180449700001, "DÜZENLENE": null }, "geometry": { "type": "MultiLineString", "coordinates": [ [ [ 4564284.95509884878993, 4600345.314969909377396 ], [ 4564293.908740355633199, 4600363.585165230557323 ], [ 4564290.992958677001297, 4600384.227548193186522 ], [ 4564295.505680283531547, 4600396.165532174520195 ], [ 4564303.881836909800768, 4600405.539359678514302 ], [ 4564318.036866900511086, 4600454.48790879920125 ], [ 4564326.058728276751935, 4600474.693391075357795 ] ] ] } },
{ "type": "Feature", "properties": { "fid": 1172, "OBJECTID": 1181, "TIP": 1, "AD": "121", "SHAPE_Leng": 57.824517202800003, "DÜZENLENE": null }, "geometry": { "type": "MultiLineString", "coordinates": [ [ [ 4564541.061782762408257, 4600328.703676827251911 ], [ 4564521.185374335385859, 4600328.255754892714322 ], [ 4564505.134657775051892, 4600326.76873311586678 ], [ 4564479.582972046919167, 4600328.402767155319452 ], [ 4564468.081929455511272, 4600331.067535312846303 ] ] ] } },
{ "type": "Feature", "properties": { "fid": 1173, "OBJECTID": 1182, "TIP": 1, "AD": "1160", "SHAPE_Leng": 83.611048780600001, "DÜZENLENE": null }, "geometry": { "type": "MultiLineString", "coordinates": [ [ [ 4569950.033534413203597, 4597026.03347250726074 ], [ 4569921.084952688775957, 4596923.526954982429743 ] ] ] } },
{ "type": "Feature", "properties": { "fid": 1174, "OBJECTID": 1183, "TIP": 1, "AD": "YENİYOL", "SHAPE_Leng": 564.43554282800005, "DÜZENLENE": null }, "geometry": { "type": "MultiLineString", "coordinates": [ [ [ 4569950.033534413203597, 4597026.03347250726074 ], [ 4569993.327516016550362, 4597011.836849872022867 ], [ 4570008.023483911529183, 4597008.137779284268618 ], [ 4570028.164681236259639, 4597007.690139686688781 ], [ 4570038.570986430160701, 4597007.458843328990042 ], [ 4570051.27510199137032, 4597004.815676853992045 ], [ 4570069.641269193030894, 4597000.023119753226638 ], [ 4570087.977691574953496, 4596993.882230606861413 ], [ 4570094.273991593159735, 4596990.032380297780037 ], [ 4570100.466236445121467, 4596981.463412033393979 ], [ 4570107.009043575264513, 4596973.561196750029922 ], [ 4570110.925779707729816, 4596968.415417849086225 ], [ 4570120.213553561829031, 4596963.150089727714658 ], [ 4570149.777270185761154, 4596948.32819963619113 ], [ 4570181.399739325977862, 4596935.483954989351332 ], [ 4570262.263529633171856, 4596916.822674162685871 ], [ 4570331.042438177391887, 4596898.429752125404775 ], [ 4570366.416517823003232, 4596888.199408374726772 ], [ 4570383.044270698912442, 4596880.747148032300174 ], [ 4570470.204011615365744, 4596843.058337079361081 ], [ 4570589.954317088238895, 4596790.815722795203328 ], [ 4570599.950191396288574, 4596787.220607803203166 ], [ 4570615.839548292569816, 4596784.659043823368847 ] ] ] } },
{ "type": "Feature", "properties": { "fid": 1175, "OBJECTID": 1184, "TIP": 2, "AD": "4.", "SHAPE_Leng": 54.878729489299999, "DÜZENLENE": null }, "geometry": { "type": "MultiLineString", "coordinates": [ [ [ 4563926.733648093417287, 4599590.859793738462031 ], [ 4563877.522626290097833, 4599601.999790128320456 ], [ 4563858.803671644069254, 4599606.362955992110074 ] ] ] } },
{ "type": "Feature", "properties": { "fid": 1176, "OBJECTID": 1185, "TIP": 1, "AD": "539", "SHAPE_Leng": 178.09343397699999, "DÜZENLENE": null }, "geometry": { "type": "MultiLineString", "coordinates": [ [ [ 4563533.341708880849183, 4598956.763711838982999 ], [ 4563530.975442746654153, 4598963.474273804575205 ], [ 4563520.707098286598921, 4598993.773605802096426 ], [ 4563495.055619320832193, 4599076.971320259384811 ], [ 4563469.834042362868786, 4599141.045274910517037 ], [ 4563459.014532718807459, 4599171.022171716205776 ] ] ] } },
{ "type": "Feature", "properties": { "fid": 1177, "OBJECTID": 1186, "TIP": 1, "AD": "352", "SHAPE_Leng": 35.543862763699998, "DÜZENLENE": null }, "geometry": { "type": "MultiLineString", "coordinates": [ [ [ 4565094.794102646410465, 4598798.44100418779999 ], [ 4565093.824134672991931, 4598787.64692363049835 ], [ 4565086.395728060044348, 4598761.18793323636055 ], [ 4565084.307737922295928, 4598754.535413318313658 ] ] ] } },
{ "type": "Feature", "properties": { "fid": 1178, "OBJECTID": 1187, "TIP": 2, "AD": "TARANCI", "SHAPE_Leng": 34.209468187799999, "DÜZENLENE": null }, "geometry": { "type": "MultiLineString", "coordinates": [ [ [ 4565057.724776398390532, 4598805.106745789758861 ], [ 4565054.618211817927659, 4598775.138170631602407 ], [ 4565053.034958211705089, 4598761.760144172236323 ] ] ] } },
{ "type": "Feature", "properties": { "fid": 1179, "OBJECTID": 1188, "TIP": 1, "AD": "627", "SHAPE_Leng": 24.521139992399998, "DÜZENLENE": null }, "geometry": { "type": "MultiLineString", "coordinates": [ [ [ 4563841.546483967453241, 4599671.311434691771865 ], [ 4563826.283596720546484, 4599679.17704283632338 ], [ 4563813.653215794824064, 4599685.175334690138698 ] ] ] } },
{ "type": "Feature", "properties": { "fid": 1180, "OBJECTID": 1189, "TIP": 2, "AD": "EĞİTİM", "SHAPE_Leng": 16.2914702078, "DÜZENLENE": null }, "geometry": { "type": "MultiLineString", "coordinates": [ [ [ 4564900.939209772273898, 4600745.13646990340203 ], [ 4564907.568779940716922, 4600754.34507835097611 ], [ 4564911.345679790712893, 4600762.952265524305403 ] ] ] } },
{ "type": "Feature", "properties": { "fid": 1181, "OBJECTID": 1190, "TIP": 1, "AD": "310", "SHAPE_Leng": 52.04530738, "DÜZENLENE": null }, "geometry": { "type": "MultiLineString", "coordinates": [ [ [ 4565074.293394353240728, 4599267.470606870017946 ], [ 4565060.489298431202769, 4599285.857893200591207 ], [ 4565058.98386138305068, 4599290.660184832289815 ], [ 4565058.170952435582876, 4599293.634833592921495 ], [ 4565058.226633787155151, 4599296.216268737800419 ], [ 4565058.276553807780147, 4599298.530602279119194 ], [ 4565059.439798931591213, 4599301.461634043604136 ], [ 4565065.367161823436618, 4599315.276620944961905 ], [ 4565065.722692143172026, 4599316.973103744909167 ], [ 4565066.142065209336579, 4599318.97469446901232 ], [ 4565066.417920665815473, 4599320.291320339776576 ], [ 4565067.826202760450542, 4599327.01240758318454 ], [ 4565067.831521824002266, 4599327.117729759775102 ] ] ] } },
{ "type": "Feature", "properties": { "fid": 1182, "OBJECTID": 1191, "TIP": 2, "AD": "DİYARBAKIR", "SHAPE_Leng": 262.72909763500002, "DÜZENLENE": null }, "geometry": { "type": "MultiLineString", "coordinates": [ [ [ 4564132.752199710346758, 4600526.475332445465028 ], [ 4564116.899667296558619, 4600530.596341536380351 ], [ 4564075.823892811313272, 4600541.112260863184929 ], [ 4564006.32616990339011, 4600558.991010826081038 ], [ 4563968.104081126861274, 4600568.904993493109941 ], [ 4563921.635581631213427, 4600578.637498639523983 ], [ 4563809.170328389853239, 4600607.520607916638255 ] ] ] } },
{ "type": "Feature", "properties": { "fid": 1183, "OBJECTID": 1192, "TIP": 1, "AD": "1125", "SHAPE_Leng": 66.082909492200002, "DÜZENLENE": null }, "geometry": { "type": "MultiLineString", "coordinates": [ [ [ 4568247.629737056791782, 4598663.136471671052277 ], [ 4568242.896262228488922, 4598652.351820565760136 ], [ 4568239.012588266283274, 4598643.723719066940248 ], [ 4568228.150905765593052, 4598581.704010528512299 ] ] ] } },
{ "type": "Feature", "properties": { "fid": 1184, "OBJECTID": 1193, "TIP": 1, "AD": "705", "SHAPE_Leng": 33.030742288100001, "DÜZENLENE": null }, "geometry": { "type": "MultiLineString", "coordinates": [ [ [ 4563871.0263965530321, 4600887.166710794903338 ], [ 4563910.819740108214319, 4600873.884284112602472 ] ] ] } },
{ "type": "Feature", "properties": { "fid": 1185, "OBJECTID": 1206, "TIP": 2, "AD": "SUAKAR", "SHAPE_Leng": 53.3421656063, "DÜZENLENE": null }, "geometry": { "type": "MultiLineString", "coordinates": [ [ [ 4564888.458762531168759, 4598758.270602681674063 ], [ 4564885.444655522704124, 4598745.68195853382349 ], [ 4564883.32278326805681, 4598742.181627556681633 ], [ 4564880.062177124433219, 4598739.586215105839074 ], [ 4564872.149375881999731, 4598733.287422800436616 ], [ 4564844.40612115431577, 4598709.511028580367565 ] ] ] } },
{ "type": "Feature", "properties": { "fid": 1186, "OBJECTID": 1207, "TIP": 1, "AD": "337", "SHAPE_Leng": 105.23152453599999, "DÜZENLENE": null }, "geometry": { "type": "MultiLineString", "coordinates": [ [ [ 4565081.520181461237371, 4598949.273814596235752 ], [ 4565031.464296801947057, 4598954.050878519192338 ], [ 4564985.269976374693215, 4598961.576825650408864 ], [ 4564967.262240344658494, 4598965.438864788971841 ], [ 4564950.169189267791808, 4598971.347859084606171 ] ] ] } },
{ "type": "Feature", "properties": { "fid": 1187, "OBJECTID": 1208, "TIP": 1, "AD": "323", "SHAPE_Leng": 38.272858673800002, "DÜZENLENE": null }, "geometry": { "type": "MultiLineString", "coordinates": [ [ [ 4564764.39104045368731, 4599029.657553410157561 ], [ 4564758.542636560276151, 4599017.029898420907557 ], [ 4564754.112297123298049, 4599007.309092442505062 ], [ 4564750.658107322640717, 4599004.145855789072812 ], [ 4564745.011830843985081, 4599000.187898762524128 ], [ 4564734.359906961210072, 4598997.021873138844967 ], [ 4564733.021292734891176, 4598996.623979104682803 ] ] ] } },
{ "type": "Feature", "properties": { "fid": 1188, "OBJECTID": 1209, "TIP": 2, "AD": "SUAKAR", "SHAPE_Leng": 49.121162783700001, "DÜZENLENE": null }, "geometry": { "type": "MultiLineString", "coordinates": [ [ [ 4564887.945696119219065, 4598946.464034078642726 ], [ 4564888.768157973885536, 4598944.332124562934041 ], [ 4564890.67991282325238, 4598931.460143193602562 ], [ 4564892.193449220620096, 4598922.467029598541558 ], [ 4564893.992627202533185, 4598915.546685332432389 ], [ 4564894.242934865877032, 4598908.457553835585713 ], [ 4564895.149091023951769, 4598897.508844065479934 ], [ 4564894.390681952238083, 4598884.575237741693854 ] ] ] } },
{ "type": "Feature", "properties": { "fid": 1189, "OBJECTID": 1210, "TIP": 1, "AD": "367", "SHAPE_Leng": 53.008982443800001, "DÜZENLENE": null }, "geometry": { "type": "MultiLineString", "coordinates": [ [ [ 4564887.945696119219065, 4598946.464034078642726 ], [ 4564873.191201574169099, 4598952.430050889961421 ], [ 4564859.314501821994781, 4598959.450951300561428 ], [ 4564830.794593284837902, 4598981.247508303262293 ] ] ] } },
{ "type": "Feature", "properties": { "fid": 1190, "OBJECTID": 1211, "TIP": 2, "AD": "DEVRİM", "SHAPE_Leng": 29.775929340099999, "DÜZENLENE": null }, "geometry": { "type": "MultiLineString", "coordinates": [ [ [ 4565133.667452543973923, 4599156.314429302699864 ], [ 4565149.379870827309787, 4599151.883247175253928 ], [ 4565169.748886855319142, 4599145.051392797380686 ] ] ] } },
{ "type": "Feature", "properties": { "fid": 1191, "OBJECTID": 1212, "TIP": 2, "AD": "FIRAT", "SHAPE_Leng": 74.154449897299997, "DÜZENLENE": null }, "geometry": { "type": "MultiLineString", "coordinates": [ [ [ 4564541.061782762408257, 4600328.703676827251911 ], [ 4564539.674396418966353, 4600353.521506782621145 ], [ 4564536.041939405724406, 4600387.674101170152426 ], [ 4564530.409131409600377, 4600422.544863427057862 ] ] ] } },
{ "type": "Feature", "properties": { "fid": 1192, "OBJECTID": 1213, "TIP": 1, "AD": "1027", "SHAPE_Leng": 85.333581570199996, "DÜZENLENE": null }, "geometry": { "type": "MultiLineString", "coordinates": [ [ [ 4565762.975623956881464, 4598719.108589892275631 ], [ 4565744.286734568886459, 4598701.745032095350325 ], [ 4565710.25847468432039, 4598684.611898650415242 ], [ 4565675.171331945806742, 4598665.733154689893126 ], [ 4565671.787116472609341, 4598662.067659408785403 ] ] ] } },
{ "type": "Feature", "properties": { "fid": 1193, "OBJECTID": 1214, "TIP": 2, "AD": "YENİYOL", "SHAPE_Leng": 590.00380879600004, "DÜZENLENE": null }, "geometry": { "type": "MultiLineString", "coordinates": [ [ [ 4570096.298257586546242, 4597724.480166155844927 ], [ 4570089.36339564807713, 4597706.068811497651041 ], [ 4570086.415862911380827, 4597684.099001325666904 ], [ 4570089.55320649407804, 4597663.905278872698545 ], [ 4570088.993237378075719, 4597638.509792524389923 ], [ 4570083.613432466052473, 4597625.213398152962327 ], [ 4570015.282341648824513, 4597580.863467794843018 ], [ 4569923.284236492589116, 4597519.231331334449351 ], [ 4569874.573749819770455, 4597471.02733301743865 ], [ 4569841.220926000736654, 4597428.777883088216186 ], [ 4569804.153733843006194, 4597372.400763642974198 ], [ 4569777.883838668465614, 4597326.396781225688756 ], [ 4569749.74556162301451, 4597268.742610873654485 ], [ 4569734.764544019475579, 4597230.020433961413801 ], [ 4569716.47473986633122, 4597172.193071631714702 ], [ 4569704.848475520499051, 4597126.1484703887254 ] ] ] } },
{ "type": "Feature", "properties": { "fid": 1194, "OBJECTID": 1215, "TIP": 1, "AD": "1059", "SHAPE_Leng": 207.00466485199999, "DÜZENLENE": null }, "geometry": { "type": "MultiLineString", "coordinates": [ [ [ 4566586.230776000767946, 4598707.772698312066495 ], [ 4566578.137929867953062, 4598721.52595916762948 ], [ 4566567.602790808305144, 4598750.066508768126369 ], [ 4566545.632489521056414, 4598767.392288730479777 ], [ 4566529.588317971676588, 4598775.866646878421307 ], [ 4566497.367298728786409, 4598788.777366309426725 ], [ 4566478.48966088052839, 4598798.775457106530666 ], [ 4566451.25067331828177, 4598810.115371860563755 ], [ 4566430.529121366329491, 4598817.702664655633271 ], [ 4566396.826512257568538, 4598828.396781422197819 ], [ 4566377.590690176934004, 4598839.437003111466765 ], [ 4566374.114641354419291, 4598843.566537257283926 ] ] ] } },
{ "type": "Feature", "properties": { "fid": 1195, "OBJECTID": 1216, "TIP": 1, "AD": "1036", "SHAPE_Leng": 125.37177642899999, "DÜZENLENE": null }, "geometry": { "type": "MultiLineString", "coordinates": [ [ [ 4566374.114641354419291, 4598843.566537257283926 ], [ 4566375.367155682295561, 4598832.398323897272348 ], [ 4566369.597247447818518, 4598814.174686586484313 ], [ 4566358.423277757130563, 4598778.079391105100513 ], [ 4566352.859793598763645, 4598761.110769599676132 ], [ 4566347.79875267855823, 4598750.78728417493403 ], [ 4566344.357800085097551, 4598742.399701588787138 ], [ 4566358.516331922262907, 4598691.142854853533208 ] ] ] } },
{ "type": "Feature", "properties": { "fid": 1196, "OBJECTID": 1217, "TIP": 2, "AD": "ESKİBİTLİS", "SHAPE_Leng": 96.701835150199997, "DÜZENLENE": null }, "geometry": { "type": "MultiLineString", "coordinates": [ [ [ 4565188.330982110463083, 4599461.135285665281117 ], [ 4565177.832630284130573, 4599441.663475138135254 ], [ 4565154.904056712053716, 4599394.12633023224771 ], [ 4565139.492663715966046, 4599364.911379882134497 ], [ 4565133.19727430306375, 4599351.045604174025357 ] ] ] } },
{ "type": "Feature", "properties": { "fid": 1197, "OBJECTID": 1218, "TIP": 1, "AD": "204", "SHAPE_Leng": 51.709553016299999, "DÜZENLENE": null }, "geometry": { "type": "MultiLineString", "coordinates": [ [ [ 4564745.104585407301784, 4600005.472000494599342 ], [ 4564745.747053343802691, 4599993.576708499342203 ], [ 4564742.925479237921536, 4599974.881363272666931 ], [ 4564737.895937696099281, 4599953.631564660929143 ], [ 4564735.819803710095584, 4599945.956920589320362 ], [ 4564732.887686083093286, 4599941.550771306268871 ] ] ] } },
{ "type": "Feature", "properties": { "fid": 1198, "OBJECTID": 1219, "TIP": 1, "AD": "206", "SHAPE_Leng": 163.62375401899999, "DÜZENLENE": null }, "geometry": { "type": "MultiLineString", "coordinates": [ [ [ 4564745.104585407301784, 4600005.472000494599342 ], [ 4564742.735991043038666, 4600020.276931338012218 ], [ 4564739.652092604897916, 4600060.10667428188026 ], [ 4564738.800453906878829, 4600087.113472616299987 ], [ 4564740.395038860850036, 4600102.912006717175245 ], [ 4564749.076269881799817, 4600112.771509315818548 ], [ 4564754.731425613164902, 4600127.969687144272029 ], [ 4564747.429265757091343, 4600153.469555860385299 ], [ 4564740.780984439887106, 4600170.734660766087472 ], [ 4564734.842765123583376, 4600198.004222089424729 ], [ 4564734.073723834007978, 4600206.358998512849212 ], [ 4564739.124856744892895, 4600229.610631196759641 ], [ 4564761.437492362223566, 4600242.55927587300539 ], [ 4564793.771108727902174, 4600245.807782465592027 ], [ 4564824.599727718159556, 4600252.249684990383685 ] ] ] } },
{ "type": "Feature", "properties": { "fid": 1199, "OBJECTID": 1220, "TIP": 1, "AD": "1006", "SHAPE_Leng": 49.343645374700003, "DÜZENLENE": null }, "geometry": { "type": "MultiLineString", "coordinates": [ [ [ 4565737.272320355288684, 4599228.503638490103185 ], [ 4565721.252312839962542, 4599223.205431316979229 ], [ 4565693.746916514821351, 4599224.955651816911995 ], [ 4565678.423407243564725, 4599215.082401595078409 ] ] ] } },
{ "type": "Feature", "properties": { "fid": 1200, "OBJECTID": 1221, "TIP": 1, "AD": "1006", "SHAPE_Leng": 75.283463990300007, "DÜZENLENE": null }, "geometry": { "type": "MultiLineString", "coordinates": [ [ [ 4565678.423407243564725, 4599215.082401595078409 ], [ 4565668.668754996731877, 4599206.79787500295788 ], [ 4565661.094032222405076, 4599199.890663620084524 ], [ 4565653.400790678337216, 4599196.696200507692993 ], [ 4565641.225641924887896, 4599191.418578964658082 ], [ 4565623.694214129820466, 4599181.692103421315551 ], [ 4565607.523123871535063, 4599171.250292726792395 ], [ 4565607.248466796241701, 4599171.14294037502259 ], [ 4565596.609455017372966, 4599166.984953706152737 ] ] ] } },
{ "type": "Feature", "properties": { "fid": 1201, "OBJECTID": 1222, "TIP": 2, "AD": "HASTANE", "SHAPE_Leng": 105.818084019, "DÜZENLENE": null }, "geometry": { "type": "MultiLineString", "coordinates": [ [ [ 4563274.709438215009868, 4600613.475829574279487 ], [ 4563193.253952120430768, 4600642.043265405111015 ], [ 4563146.746603462845087, 4600654.202266872860491 ] ] ] } },
{ "type": "Feature", "properties": { "fid": 1202, "OBJECTID": 1223, "TIP": 2, "AD": "HASTANE", "SHAPE_Leng": 73.283195328100007, "DÜZENLENE": null }, "geometry": { "type": "MultiLineString", "coordinates": [ [ [ 4563498.058725835755467, 4600533.802090586163104 ], [ 4563449.314576618373394, 4600558.60579227283597 ], [ 4563413.841451589018106, 4600573.340954313986003 ] ] ] } },
{ "type": "Feature", "properties": { "fid": 1203, "OBJECTID": 1224, "TIP": 2, "AD": "HASTANE", "SHAPE_Leng": 77.768488077800001, "DÜZENLENE": null }, "geometry": { "type": "MultiLineString", "coordinates": [ [ [ 4563369.631789875216782, 4600586.236467226408422 ], [ 4563348.624791077338159, 4600592.627752437256277 ], [ 4563288.240410461090505, 4600609.405294108204544 ], [ 4563274.709438215009868, 4600613.475829574279487 ] ] ] } },
{ "type": "Feature", "properties": { "fid": 1204, "OBJECTID": 1225, "TIP": 2, "AD": "DİYARBAKIR", "SHAPE_Leng": 265.08446916399998, "DÜZENLENE": null }, "geometry": { "type": "MultiLineString", "coordinates": [ [ [ 4560459.030054991133511, 4600824.633283477276564 ], [ 4560458.871273625642061, 4600824.606828559190035 ], [ 4560365.66140541061759, 4600777.61682215705514 ], [ 4560246.250421685166657, 4600723.299974255263805 ], [ 4560154.023215847089887, 4600681.984401791356504 ] ] ] } },
{ "type": "Feature", "properties": { "fid": 1205, "OBJECTID": 1226, "TIP": 1, "AD": "556", "SHAPE_Leng": 72.264465870400002, "DÜZENLENE": null }, "geometry": { "type": "MultiLineString", "coordinates": [ [ [ 4563446.535942330025136, 4599815.275185426697135 ], [ 4563446.799683297984302, 4599807.942285960540175 ], [ 4563445.204539575614035, 4599801.100248214788735 ], [ 4563440.763189810328186, 4599775.85955071169883 ], [ 4563436.455315404571593, 4599768.720641415566206 ], [ 4563429.223416781052947, 4599759.066697505302727 ], [ 4563425.209704766049981, 4599746.784984550438821 ], [ 4563422.073792357929051, 4599728.285299316048622 ] ] ] } },
{ "type": "Feature", "properties": { "fid": 1206, "OBJECTID": 1227, "TIP": 2, "AD": "DİYARBAKIR", "SHAPE_Leng": 61.8103150345, "DÜZENLENE": null }, "geometry": { "type": "MultiLineString", "coordinates": [ [ [ 4564459.208768643438816, 4600456.785221055150032 ], [ 4564443.409321996383369, 4600461.042878328822553 ], [ 4564383.270633238367736, 4600476.629206759855151 ] ] ] } },
{ "type": "Feature", "properties": { "fid": 1207, "OBJECTID": 1228, "TIP": 1, "AD": "761", "SHAPE_Leng": 47.149645232799998, "DÜZENLENE": null }, "geometry": { "type": "MultiLineString", "coordinates": [ [ [ 4562749.608796558342874, 4601407.261706785298884 ], [ 4562770.133439810015261, 4601453.404243174940348 ], [ 4562776.066195894964039, 4601460.900695270858705 ] ] ] } },
{ "type": "Feature", "properties": { "fid": 1208, "OBJECTID": 1229, "TIP": 1, "AD": "705", "SHAPE_Leng": 94.816434060899994, "DÜZENLENE": null }, "geometry": { "type": "MultiLineString", "coordinates": [ [ [ 4563980.388811946846545, 4600823.873324490152299 ], [ 4563982.358677367679775, 4600822.180404597893357 ], [ 4563988.69349190313369, 4600816.780159085988998 ], [ 4564004.921375001780689, 4600805.83516557328403 ], [ 4564024.035152225755155, 4600793.144883681088686 ], [ 4564035.455910290591419, 4600783.909725544042885 ], [ 4564056.843008878640831, 4600773.325264033861458 ], [ 4564084.580786557868123, 4600766.745444889180362 ] ] ] } },
{ "type": "Feature", "properties": { "fid": 1209, "OBJECTID": 1230, "TIP": 1, "AD": "710", "SHAPE_Leng": 108.37966602199999, "DÜZENLENE": null }, "geometry": { "type": "MultiLineString", "coordinates": [ [ [ 4563905.840315478853881, 4600711.710469339974225 ], [ 4563912.649247546680272, 4600721.401640441268682 ], [ 4563918.49876662530005, 4600735.129947118461132 ], [ 4563922.905254939571023, 4600740.072691439650953 ], [ 4563927.269408476538956, 4600743.037112789228559 ], [ 4563936.648447358980775, 4600745.892982807941735 ], [ 4563941.623231155797839, 4600752.262905579060316 ], [ 4563967.763511860743165, 4600801.358986536972225 ], [ 4563980.388811946846545, 4600823.873324490152299 ] ] ] } },
{ "type": "Feature", "properties": { "fid": 1210, "OBJECTID": 1231, "TIP": 1, "AD": "548", "SHAPE_Leng": 106.727175444, "DÜZENLENE": null }, "geometry": { "type": "MultiLineString", "coordinates": [ [ [ 4563581.840186542831361, 4599580.738566816784441 ], [ 4563593.746647848747671, 4599567.016136897727847 ], [ 4563603.788840560242534, 4599550.919579369947314 ], [ 4563609.261217320337892, 4599538.747090271674097 ], [ 4563609.342539936304092, 4599535.029426722787321 ], [ 4563608.703834377229214, 4599529.700588307343423 ], [ 4563605.521823882125318, 4599526.397307122126222 ], [ 4563597.897807497531176, 4599518.482568305917084 ], [ 4563571.119845944456756, 4599489.555475080385804 ], [ 4563554.705782261677086, 4599476.056965907104313 ] ] ] } },
{ "type": "Feature", "properties": { "fid": 1211, "OBJECTID": 1232, "TIP": 2, "AD": "MERWANİ", "SHAPE_Leng": 305.99866130599997, "DÜZENLENE": null }, "geometry": { "type": "MultiLineString", "coordinates": [ [ [ 4562616.484065278433263, 4600673.113594926893711 ], [ 4562617.576680258847773, 4600661.583986173383892 ], [ 4562617.802529824897647, 4600659.201299634762108 ], [ 4562610.923941135406494, 4600645.449586013332009 ], [ 4562612.145417280495167, 4600633.412803114391863 ], [ 4562617.195218886248767, 4600611.847295958548784 ], [ 4562627.248580256476998, 4600566.558150039054453 ], [ 4562636.930671899579465, 4600522.761518066748977 ], [ 4562649.056408256292343, 4600487.253217129036784 ], [ 4562659.28381485491991, 4600445.091553192585707 ], [ 4562662.775553136132658, 4600411.413904145359993 ], [ 4562668.810419856570661, 4600360.454344924539328 ], [ 4562670.283993374556303, 4600328.755446461029351 ], [ 4562672.53411344718188, 4600291.462282599881291 ] ] ] } },
{ "type": "Feature", "properties": { "fid": 1212, "OBJECTID": 1233, "TIP": 1, "AD": "559", "SHAPE_Leng": 214.035011032, "DÜZENLENE": null }, "geometry": { "type": "MultiLineString", "coordinates": [ [ [ 4562926.125672227703035, 4600348.973359955474734 ], [ 4562908.354431125335395, 4600342.244149136357009 ], [ 4562894.660569814965129, 4600337.0589090725407 ], [ 4562880.955389943905175, 4600324.579221803694963 ], [ 4562863.554560206830502, 4600315.238023951649666 ], [ 4562829.217386861331761, 4600293.126980867236853 ], [ 4562806.676523284986615, 4600286.41530085913837 ], [ 4562777.029612752608955, 4600282.555509476922452 ], [ 4562726.16735449898988, 4600292.107133933342993 ], [ 4562684.636051871813834, 4600293.900631250813603 ], [ 4562672.53411344718188, 4600291.462282599881291 ] ] ] } },
{ "type": "Feature", "properties": { "fid": 1213, "OBJECTID": 1234, "TIP": 1, "AD": "725", "SHAPE_Leng": 54.7780421629, "DÜZENLENE": null }, "geometry": { "type": "MultiLineString", "coordinates": [ [ [ 4564545.114549933001399, 4600927.692638659849763 ], [ 4564525.942240679636598, 4600924.830639041028917 ], [ 4564513.334339274093509, 4600913.49846232496202 ], [ 4564502.600803220644593, 4600901.714118879288435 ], [ 4564490.842725517228246, 4600896.571242530830204 ], [ 4564486.353448871523142, 4600896.128895008005202 ] ] ] } },
{ "type": "Feature", "properties": { "fid": 1214, "OBJECTID": 1235, "TIP": 1, "AD": "1147", "SHAPE_Leng": 323.21281378100002, "DÜZENLENE": null }, "geometry": { "type": "MultiLineString", "coordinates": [ [ [ 4567775.982371002435684, 4598787.804440099745989 ], [ 4567831.059999112039804, 4598787.266532414592803 ], [ 4567887.795576496981084, 4598780.620105296373367 ], [ 4567979.194393924437463, 4598741.052903689444065 ], [ 4568026.545062048360705, 4598715.044857981614769 ], [ 4568080.605885427445173, 4598698.565976538695395 ], [ 4568113.056330243125558, 4598697.625756068155169 ], [ 4568151.675404943525791, 4598712.515293464064598 ], [ 4568165.872995685786009, 4598711.846932179294527 ] ] ] } },
{ "type": "Feature", "properties": { "fid": 1215, "OBJECTID": 1236, "TIP": 1, "AD": "912", "SHAPE_Leng": 54.680311842599998, "DÜZENLENE": null }, "geometry": { "type": "MultiLineString", "coordinates": [ [ [ 4565209.110731645487249, 4599807.46697308961302 ], [ 4565218.920511588454247, 4599826.629927855916321 ], [ 4565243.327958264388144, 4599861.91202034521848 ], [ 4565246.250206446275115, 4599866.199116577394307 ] ] ] } },
{ "type": "Feature", "properties": { "fid": 1216, "OBJECTID": 1237, "TIP": 1, "AD": "909", "SHAPE_Leng": 85.099164928999997, "DÜZENLENE": null }, "geometry": { "type": "MultiLineString", "coordinates": [ [ [ 4565317.931802399456501, 4599992.611666701734066 ], [ 4565329.144414160400629, 4599987.043864686973393 ], [ 4565338.880357222631574, 4599980.83717037551105 ], [ 4565350.361504767090082, 4599974.33528664894402 ], [ 4565343.821529394946992, 4599960.228087870404124 ], [ 4565391.81694623362273, 4599932.626400925219059 ] ] ] } },
{ "type": "Feature", "properties": { "fid": 1217, "OBJECTID": 1238, "TIP": 1, "AD": "1002", "SHAPE_Leng": 39.13411361, "DÜZENLENE": null }, "geometry": { "type": "MultiLineString", "coordinates": [ [ [ 4565394.783597276546061, 4599269.431604507379234 ], [ 4565400.854862116277218, 4599278.274782227352262 ], [ 4565423.915760733187199, 4599309.830378763377666 ] ] ] } },
{ "type": "Feature", "properties": { "fid": 1218, "OBJECTID": 1239, "TIP": 1, "AD": "207", "SHAPE_Leng": 195.15458011499999, "DÜZENLENE": null }, "geometry": { "type": "MultiLineString", "coordinates": [ [ [ 4564890.466708603315055, 4600095.045751565136015 ], [ 4564885.176868360489607, 4600105.915812727063894 ], [ 4564882.027744221501052, 4600121.907476794905961 ], [ 4564883.836078936234117, 4600143.458851974457502 ], [ 4564877.87018808349967, 4600178.403788935393095 ], [ 4564842.043276712298393, 4600224.523395086638629 ], [ 4564824.290848534554243, 4600241.809653133153915 ], [ 4564824.111597634851933, 4600255.09211908839643 ], [ 4564852.089429991319776, 4600315.569746398366988 ] ] ] } },
{ "type": "Feature", "properties": { "fid": 1219, "OBJECTID": 1240, "TIP": 1, "AD": "207", "SHAPE_Leng": 20.2148489444, "DÜZENLENE": null }, "geometry": { "type": "MultiLineString", "coordinates": [ [ [ 4564924.179005296900868, 4600061.495777221396565 ], [ 4564904.04869476146996, 4600077.477208552882075 ] ] ] } },
{ "type": "Feature", "properties": { "fid": 1220, "OBJECTID": 1241, "TIP": 1, "AD": "952", "SHAPE_Leng": 83.554121459800001, "DÜZENLENE": null }, "geometry": { "type": "MultiLineString", "coordinates": [ [ [ 4566006.313755798153579, 4600227.111099882982671 ], [ 4566015.426014867611229, 4600224.436519031412899 ], [ 4566040.167952537536621, 4600216.878846014849842 ], [ 4566055.846261504106224, 4600212.757922516204417 ], [ 4566078.135358610190451, 4600207.772750698029995 ], [ 4566092.774248216301203, 4600205.293801514431834 ], [ 4566109.258702689781785, 4600201.905932947993279 ] ] ] } },
{ "type": "Feature", "properties": { "fid": 1221, "OBJECTID": 1242, "TIP": 1, "AD": "1010", "SHAPE_Leng": 126.457970125, "DÜZENLENE": null }, "geometry": { "type": "MultiLineString", "coordinates": [ [ [ 4565992.598565379157662, 4599143.272955510765314 ], [ 4565984.398344763554633, 4599120.946929956786335 ], [ 4565973.366843433119357, 4599081.711381827481091 ], [ 4565970.994664101861417, 4599076.651170736178756 ], [ 4565939.542383053340018, 4599073.930018831975758 ], [ 4565881.225131491199136, 4599083.431251487694681 ] ] ] } },
{ "type": "Feature", "properties": { "fid": 1222, "OBJECTID": 1243, "TIP": 1, "AD": "328", "SHAPE_Leng": 94.390699066699995, "DÜZENLENE": "SİLİNECEK" }, "geometry": { "type": "MultiLineString", "coordinates": [ [ [ 4565133.667452543973923, 4599156.314429302699864 ], [ 4565131.126668728888035, 4599141.285849703475833 ], [ 4565126.364589634351432, 4599124.005153841339052 ], [ 4565113.183989920653403, 4599091.045380018651485 ], [ 4565102.693277596496046, 4599073.139220128767192 ], [ 4565085.917258033528924, 4599047.300509801134467 ] ] ] } },
{ "type": "Feature", "properties": { "fid": 1223, "OBJECTID": 1244, "TIP": 1, "AD": "991", "SHAPE_Leng": 114.876595145, "DÜZENLENE": null }, "geometry": { "type": "MultiLineString", "coordinates": [ [ [ 4566158.018334086984396, 4600309.292546568438411 ], [ 4566170.253521375358105, 4600303.784565876238048 ], [ 4566181.057426095940173, 4600298.48803183902055 ], [ 4566197.086711268872023, 4600288.860107702203095 ], [ 4566206.722436489537358, 4600281.340019886381924 ], [ 4566219.740600062534213, 4600274.870440338738263 ], [ 4566232.478896584361792, 4600268.40696859266609 ], [ 4566246.348637100309134, 4600262.480913947336376 ], [ 4566260.771968901157379, 4600256.26171460468322 ], [ 4566273.03053152281791, 4600249.887495108880103 ], [ 4566288.136437399312854, 4600244.159277649596334 ] ] ] } },
{ "type": "Feature", "properties": { "fid": 1224, "OBJECTID": 1245, "TIP": 1, "AD": "952", "SHAPE_Leng": 122.816534398, "DÜZENLENE": null }, "geometry": { "type": "MultiLineString", "coordinates": [ [ [ 4566109.258702689781785, 4600201.905932947993279 ], [ 4566123.200169081799686, 4600195.452685117721558 ], [ 4566131.208620371297002, 4600192.938566291704774 ], [ 4566145.816158318892121, 4600189.020829531364143 ], [ 4566167.186373054049909, 4600182.975980771705508 ], [ 4566217.779460333287716, 4600169.455223448574543 ], [ 4566231.113760869018734, 4600164.665544237010181 ], [ 4566258.553492181934416, 4600157.588251972571015 ] ] ] } },
{ "type": "Feature", "properties": { "fid": 1225, "OBJECTID": 1246, "TIP": 1, "AD": "MEHTEP", "SHAPE_Leng": 154.11091483600001, "DÜZENLENE": null }, "geometry": { "type": "MultiLineString", "coordinates": [ [ [ 4565375.383071132935584, 4598686.497004180215299 ], [ 4565374.534880238585174, 4598667.440704448148608 ], [ 4565371.706498052924871, 4598636.020245956256986 ], [ 4565370.693395384587348, 4598622.295129949226975 ], [ 4565367.896841021254659, 4598605.355822850950062 ], [ 4565362.60425872169435, 4598575.968037649057806 ], [ 4565360.779928985051811, 4598549.563038183376193 ], [ 4565357.281064685434103, 4598536.866659400984645 ], [ 4565351.940554071217775, 4598530.146973725408316 ], [ 4565345.108976003713906, 4598529.036443738266826 ], [ 4565336.194558123126626, 4598531.02949108555913 ], [ 4565317.384594117291272, 4598539.354450752027333 ] ] ] } },
{ "type": "Feature", "properties": { "fid": 1226, "OBJECTID": 1247, "TIP": 2, "AD": "GAZİ", "SHAPE_Leng": 28.768520995100001, "DÜZENLENE": null }, "geometry": { "type": "MultiLineString", "coordinates": [ [ [ 4564853.005518379621208, 4599489.730476444587111 ], [ 4564889.230352783575654, 4599485.093208623118699 ] ] ] } },
{ "type": "Feature", "properties": { "fid": 1227, "OBJECTID": 1248, "TIP": 1, "AD": "536", "SHAPE_Leng": 284.91181439799999, "DÜZENLENE": null }, "geometry": { "type": "MultiLineString", "coordinates": [ [ [ 4564295.71036022156477, 4599423.265380844473839 ], [ 4564286.83616444375366, 4599408.758639421314001 ], [ 4564282.179187817499042, 4599398.676772002130747 ], [ 4564272.931038775481284, 4599378.655192982405424 ], [ 4564256.25087418127805, 4599344.473984629847109 ], [ 4564238.139475516974926, 4599302.048093325458467 ], [ 4564217.204227350652218, 4599244.931112622842193 ], [ 4564206.479193726554513, 4599196.048764199949801 ], [ 4564209.353587479330599, 4599163.063522862270474 ], [ 4564211.913793805986643, 4599123.788485237397254 ], [ 4564212.0144466701895, 4599078.450096996501088 ] ] ] } },
{ "type": "Feature", "properties": { "fid": 1228, "OBJECTID": 1249, "TIP": 1, "AD": "551", "SHAPE_Leng": 72.0552183251, "DÜZENLENE": null }, "geometry": { "type": "MultiLineString", "coordinates": [ [ [ 4563698.47848888207227, 4599639.00083224568516 ], [ 4563685.17931822873652, 4599631.347099718637764 ], [ 4563670.207088690251112, 4599632.417383043095469 ], [ 4563662.007878771051764, 4599635.64883906301111 ], [ 4563648.922387561760843, 4599647.896008825860918 ], [ 4563635.136085691861808, 4599653.838596558198333 ], [ 4563619.436475262977183, 4599665.332631813362241 ] ] ] } },
{ "type": "Feature", "properties": { "fid": 1229, "OBJECTID": 1251, "TIP": 2, "AD": "SANAYİ", "SHAPE_Leng": 69.331184318499993, "DÜZENLENE": null }, "geometry": { "type": "MultiLineString", "coordinates": [ [ [ 4563179.836453721858561, 4600781.595435167662799 ], [ 4563196.305295473895967, 4600868.420412165112793 ] ] ] } },
{ "type": "Feature", "properties": { "fid": 1230, "OBJECTID": 1252, "TIP": 2, "AD": "SANAYİ", "SHAPE_Leng": 58.875411353899999, "DÜZENLENE": null }, "geometry": { "type": "MultiLineString", "coordinates": [ [ [ 4563196.305295473895967, 4600868.420412165112793 ], [ 4563207.52457391936332, 4600942.627147269435227 ] ] ] } },
{ "type": "Feature", "properties": { "fid": 1231, "OBJECTID": 1253, "TIP": 2, "AD": "SANAYİ", "SHAPE_Leng": 173.14859069299999, "DÜZENLENE": null }, "geometry": { "type": "MultiLineString", "coordinates": [ [ [ 4563207.52457391936332, 4600942.627147269435227 ], [ 4563213.065290044993162, 4600992.215400142595172 ], [ 4563213.952640076167881, 4601044.153538113459945 ], [ 4563212.815116791985929, 4601116.603926295414567 ], [ 4563212.02176804561168, 4601163.033352956175804 ] ] ] } },
{ "type": "Feature", "properties": { "fid": 1232, "OBJECTID": 1254, "TIP": 1, "AD": "548", "SHAPE_Leng": 62.6605760164, "DÜZENLENE": null }, "geometry": { "type": "MultiLineString", "coordinates": [ [ [ 4563511.976998592726886, 4599600.366359948180616 ], [ 4563514.136272612027824, 4599597.997597197070718 ], [ 4563516.8206497868523, 4599596.296800810843706 ], [ 4563521.577846099622548, 4599596.732335384003818 ], [ 4563526.904216513037682, 4599597.219958901405334 ], [ 4563541.304154140874743, 4599600.327228326350451 ], [ 4563550.493896016851068, 4599602.09917529206723 ], [ 4563556.014450266957283, 4599601.308883531019092 ], [ 4563567.17512210085988, 4599595.270419434644282 ], [ 4563579.655035687610507, 4599584.026010300032794 ], [ 4563581.840186542831361, 4599580.738566816784441 ] ] ] } },
{ "type": "Feature", "properties": { "fid": 1233, "OBJECTID": 1255, "TIP": 2, "AD": "SANAYİ", "SHAPE_Leng": 45.169368081899997, "DÜZENLENE": null }, "geometry": { "type": "MultiLineString", "coordinates": [ [ [ 4563210.966996634379029, 4601224.764514102600515 ], [ 4563197.086191879585385, 4601267.831940589472651 ], [ 4563192.853666081093252, 4601279.394567414186895 ] ] ] } },
{ "type": "Feature", "properties": { "fid": 1234, "OBJECTID": 1256, "TIP": 2, "AD": "SANAYİ", "SHAPE_Leng": 189.329512884, "DÜZENLENE": null }, "geometry": { "type": "MultiLineString", "coordinates": [ [ [ 4563192.853666081093252, 4601279.394567414186895 ], [ 4563170.720611046999693, 4601344.201943350024521 ], [ 4563137.964944484643638, 4601436.005841508507729 ], [ 4563107.404891598038375, 4601504.819688500836492 ] ] ] } },
{ "type": "Feature", "properties": { "fid": 1235, "OBJECTID": 1257, "TIP": 2, "AD": "SANAYİ", "SHAPE_Leng": 31.9181840595, "DÜZENLENE": null }, "geometry": { "type": "MultiLineString", "coordinates": [ [ [ 4563107.404891598038375, 4601504.819688500836492 ], [ 4563094.340775921940804, 4601543.340315194800496 ] ] ] } },
{ "type": "Feature", "properties": { "fid": 1236, "OBJECTID": 1258, "TIP": 2, "AD": "SANAYİ", "SHAPE_Leng": 64.743511665100002, "DÜZENLENE": null }, "geometry": { "type": "MultiLineString", "coordinates": [ [ [ 4563094.340775921940804, 4601543.340315194800496 ], [ 4563062.366730388253927, 4601619.383257394656539 ] ] ] } },
{ "type": "Feature", "properties": { "fid": 1237, "OBJECTID": 1259, "TIP": 2, "AD": "SANAYİ", "SHAPE_Leng": 252.91456748100001, "DÜZENLENE": null }, "geometry": { "type": "MultiLineString", "coordinates": [ [ [ 4563062.366730388253927, 4601619.383257394656539 ], [ 4563015.769319046288729, 4601682.020657985471189 ], [ 4562966.785299147479236, 4601748.308792095631361 ], [ 4562906.200940787792206, 4601816.871567439287901 ], [ 4562885.595945042558014, 4601838.010118657723069 ], [ 4562870.663571431301534, 4601852.053350100293756 ], [ 4562863.765710976906121, 4601854.226436887867749 ], [ 4562852.139418566599488, 4601859.170885071158409 ] ] ] } },
{ "type": "Feature", "properties": { "fid": 1238, "OBJECTID": 1260, "TIP": 1, "AD": "731", "SHAPE_Leng": 153.57076787599999, "DÜZENLENE": null }, "geometry": { "type": "MultiLineString", "coordinates": [ [ [ 4563196.305295473895967, 4600868.420412165112793 ], [ 4563178.119389011524618, 4600870.309113732539117 ], [ 4563048.71526401117444, 4600904.466471816413105 ], [ 4563007.31973008159548, 4600915.710339332930744 ] ] ] } },
{ "type": "Feature", "properties": { "fid": 1239, "OBJECTID": 1261, "TIP": 1, "AD": "733", "SHAPE_Leng": 250.318220685, "DÜZENLENE": null }, "geometry": { "type": "MultiLineString", "coordinates": [ [ [ 4563207.52457391936332, 4600942.627147269435227 ], [ 4563192.024629986844957, 4600943.44024427421391 ], [ 4563086.795966180972755, 4600970.609952285885811 ], [ 4563024.220499882474542, 4600987.703653952106833 ], [ 4562994.476516811177135, 4601010.837228422053158 ], [ 4562953.6119972364977, 4601048.155551603995264 ], [ 4562922.875985930673778, 4601066.811925713904202 ] ] ] } },
{ "type": "Feature", "properties": { "fid": 1240, "OBJECTID": 1262, "TIP": 1, "AD": "733", "SHAPE_Leng": 242.66683237399999, "DÜZENLENE": null }, "geometry": { "type": "MultiLineString", "coordinates": [ [ [ 4562922.875985930673778, 4601066.811925713904202 ], [ 4562850.469626286998391, 4601095.587810543365777 ], [ 4562786.359389521181583, 4601114.287790819071233 ], [ 4562701.029044347815216, 4601146.26516674272716 ], [ 4562622.378284998238087, 4601175.205342656932771 ], [ 4562610.29791209846735, 4601199.173435304313898 ], [ 4562594.733840968459845, 4601207.411059926263988 ], [ 4562377.724280207417905, 4601216.819749066606164 ] ] ] } },
{ "type": "Feature", "properties": { "fid": 1241, "OBJECTID": 1263, "TIP": 1, "AD": "776", "SHAPE_Leng": 165.524140776, "DÜZENLENE": null }, "geometry": { "type": "MultiLineString", "coordinates": [ [ [ 4562878.906651720404625, 4600862.036269494332373 ], [ 4562884.145021934062243, 4600889.507686136290431 ], [ 4562886.731576578691602, 4600916.217535065487027 ], [ 4562886.220380403101444, 4600934.222216685302556 ], [ 4562893.26441218610853, 4600980.854316382668912 ], [ 4562911.061811647377908, 4601038.051284899935126 ], [ 4562922.875985930673778, 4601066.811925713904202 ] ] ] } },
{ "type": "Feature", "properties": { "fid": 1242, "OBJECTID": 1264, "TIP": 1, "AD": "763", "SHAPE_Leng": 91.649808012700007, "DÜZENLENE": null }, "geometry": { "type": "MultiLineString", "coordinates": [ [ [ 4563156.718251304700971, 4601265.553756699897349 ], [ 4563079.337589747272432, 4601292.189813616685569 ], [ 4563047.599719241261482, 4601305.920108372345567 ] ] ] } },
{ "type": "Feature", "properties": { "fid": 1243, "OBJECTID": 1265, "TIP": 1, "AD": "763", "SHAPE_Leng": 247.839958594, "DÜZENLENE": null }, "geometry": { "type": "MultiLineString", "coordinates": [ [ [ 4563047.599719241261482, 4601305.920108372345567 ], [ 4562901.881837911903858, 4601352.697369696572423 ], [ 4562749.608796558342874, 4601407.261706785298884 ] ] ] } },
{ "type": "Feature", "properties": { "fid": 1244, "OBJECTID": 1266, "TIP": 2, "AD": "DR.İSMAİL BEŞİKCİ", "SHAPE_Leng": 49.610980270200002, "DÜZENLENE": null }, "geometry": { "type": "MultiLineString", "coordinates": [ [ [ 4562957.202538170851767, 4600293.965898481197655 ], [ 4562926.125672227703035, 4600348.973359955474734 ] ] ] } },
{ "type": "Feature", "properties": { "fid": 1245, "OBJECTID": 1267, "TIP": 2, "AD": "DEMİRDÖVEN", "SHAPE_Leng": 63.9241252542, "DÜZENLENE": null }, "geometry": { "type": "MultiLineString", "coordinates": [ [ [ 4564788.22919743321836, 4599375.885581863112748 ], [ 4564750.118609940633178, 4599382.679818905889988 ], [ 4564708.078941525891423, 4599388.492238259874284 ] ] ] } },
{ "type": "Feature", "properties": { "fid": 1246, "OBJECTID": 1268, "TIP": 2, "AD": "DEMİRCİLER", "SHAPE_Leng": 36.409830364199998, "DÜZENLENE": null }, "geometry": { "type": "MultiLineString", "coordinates": [ [ [ 4564729.520168788731098, 4599500.587358454242349 ], [ 4564732.253028978593647, 4599492.476980220526457 ], [ 4564732.386309463530779, 4599487.824417407624424 ], [ 4564730.580379248596728, 4599471.545385865494609 ], [ 4564729.494678115472198, 4599454.839179740287364 ], [ 4564729.423923389054835, 4599454.825799407437444 ] ] ] } },
{ "type": "Feature", "properties": { "fid": 1247, "OBJECTID": 1269, "TIP": 2, "AD": "HASTANE", "SHAPE_Leng": 54.471434944800002, "DÜZENLENE": null }, "geometry": { "type": "MultiLineString", "coordinates": [ [ [ 4564346.001688337884843, 4599554.966424305923283 ], [ 4564330.726130093447864, 4599583.965805746614933 ], [ 4564311.871073443442583, 4599615.319832596927881 ] ] ] } },
{ "type": "Feature", "properties": { "fid": 1248, "OBJECTID": 1270, "TIP": 2, "AD": "HASTANE", "SHAPE_Leng": 83.276525227600004, "DÜZENLENE": null }, "geometry": { "type": "MultiLineString", "coordinates": [ [ [ 4564311.871073443442583, 4599615.319832596927881 ], [ 4564307.202609401196241, 4599630.364584549330175 ], [ 4564305.586358932778239, 4599644.004457327537239 ], [ 4564302.244761596433818, 4599665.666732985526323 ], [ 4564302.901146408170462, 4599685.780482825823128 ], [ 4564299.190376738086343, 4599720.191592900082469 ] ] ] } },
{ "type": "Feature", "properties": { "fid": 1249, "OBJECTID": 1271, "TIP": 2, "AD": "HASTANE", "SHAPE_Leng": 20.85962336, "DÜZENLENE": null }, "geometry": { "type": "MultiLineString", "coordinates": [ [ [ 4564299.190376738086343, 4599720.191592900082469 ], [ 4564304.294792801141739, 4599746.282595006749034 ] ] ] } },
{ "type": "Feature", "properties": { "fid": 1250, "OBJECTID": 1272, "TIP": 2, "AD": "613", "SHAPE_Leng": 74.201755482400003, "DÜZENLENE": null }, "geometry": { "type": "MultiLineString", "coordinates": [ [ [ 4564167.213436274789274, 4599812.22438985761255 ], [ 4564110.569906742312014, 4599844.397244957275689 ], [ 4564083.191128917969763, 4599854.345990583300591 ] ] ] } },
{ "type": "Feature", "properties": { "fid": 1251, "OBJECTID": 1273, "TIP": 2, "AD": "SANAYİ", "SHAPE_Leng": 81.986423784199999, "DÜZENLENE": null }, "geometry": { "type": "MultiLineString", "coordinates": [ [ [ 4562802.861699312925339, 4601881.476810235530138 ], [ 4562787.792925585992634, 4601884.950624421238899 ], [ 4562756.034926816821098, 4601899.940836975350976 ], [ 4562711.043713709339499, 4601929.092184877954423 ] ] ] } },
{ "type": "Feature", "properties": { "fid": 1252, "OBJECTID": 1274, "TIP": 1, "AD": "760", "SHAPE_Leng": 266.12657749800002, "DÜZENLENE": null }, "geometry": { "type": "MultiLineString", "coordinates": [ [ [ 4562802.861699312925339, 4601881.476810235530138 ], [ 4562795.588070438243449, 4601868.44959338195622 ], [ 4562745.485103870742023, 4601746.081266898661852 ], [ 4562722.254684829153121, 4601690.093307510949671 ], [ 4562759.216150864027441, 4601667.430083316750824 ], [ 4562725.554497927427292, 4601586.273865196853876 ] ] ] } },
{ "type": "Feature", "properties": { "fid": 1253, "OBJECTID": 1275, "TIP": 2, "AD": "DİYARBAKIR", "SHAPE_Leng": 167.87835794, "DÜZENLENE": null }, "geometry": { "type": "MultiLineString", "coordinates": [ [ [ 4564987.765470443293452, 4600152.755166282877326 ], [ 4564963.46201011352241, 4600193.136786384508014 ], [ 4564936.093272016383708, 4600232.640463571995497 ], [ 4564915.330630448646843, 4600258.596169795840979 ], [ 4564889.723739548586309, 4600284.252496612258255 ], [ 4564863.319834661670029, 4600306.192631744779646 ], [ 4564852.089429991319776, 4600315.569746398366988 ] ] ] } },
{ "type": "Feature", "properties": { "fid": 1254, "OBJECTID": 1276, "TIP": 2, "AD": "DİYARBAKIR", "SHAPE_Leng": 121.533885001, "DÜZENLENE": null }, "geometry": { "type": "MultiLineString", "coordinates": [ [ [ 4564852.089429991319776, 4600315.569746398366988 ], [ 4564820.032504661008716, 4600334.572152272798121 ], [ 4564787.005278813652694, 4600350.583479219116271 ], [ 4564768.644255429506302, 4600358.089511439204216 ], [ 4564731.555606888607144, 4600371.071000026538968 ], [ 4564710.992132727056742, 4600376.58148199506104 ] ] ] } },
{ "type": "Feature", "properties": { "fid": 1255, "OBJECTID": 1277, "TIP": 1, "AD": "1161", "SHAPE_Leng": 575.63376067900003, "DÜZENLENE": null }, "geometry": { "type": "MultiLineString", "coordinates": [ [ [ 4569921.084952688775957, 4596923.526954982429743 ], [ 4569920.457703232765198, 4596921.305804301053286 ], [ 4569938.257853390648961, 4596906.071363873779774 ], [ 4569984.852441019378603, 4596886.824665024876595 ], [ 4570021.940595113672316, 4596871.049085293896496 ], [ 4570125.939189726486802, 4596798.859622159972787 ], [ 4570203.725294674746692, 4596744.249853053130209 ], [ 4570290.162638392299414, 4596704.285849233157933 ], [ 4570343.257259762845933, 4596687.456278949044645 ], [ 4570443.573646464385092, 4596655.545919014140964 ], [ 4570493.427281784825027, 4596637.978443526662886 ], [ 4570575.827682266943157, 4596622.113981326110661 ] ] ] } },
{ "type": "Feature", "properties": { "fid": 1256, "OBJECTID": 1278, "TIP": 2, "AD": "DİYARBAKIR", "SHAPE_Leng": 33.843890109100002, "DÜZENLENE": null }, "geometry": { "type": "MultiLineString", "coordinates": [ [ [ 4564080.068282531574368, 4600554.292920704931021 ], [ 4564076.046126876957715, 4600555.348599149845541 ], [ 4564038.066054309718311, 4600563.354386376217008 ] ] ] } },
{ "type": "Feature", "properties": { "fid": 1257, "OBJECTID": 1279, "TIP": 1, "AD": "705", "SHAPE_Leng": 60.247400226700002, "DÜZENLENE": null }, "geometry": { "type": "MultiLineString", "coordinates": [ [ [ 4564162.740956957451999, 4600738.63003737013787 ], [ 4564179.294229204766452, 4600731.495758584700525 ], [ 4564198.089654927141964, 4600723.099340327084064 ], [ 4564233.891546460799873, 4600710.609816590324044 ] ] ] } },
{ "type": "Feature", "properties": { "fid": 1258, "OBJECTID": 1280, "TIP": 1, "AD": "775", "SHAPE_Leng": 160.08863749899999, "DÜZENLENE": null }, "geometry": { "type": "MultiLineString", "coordinates": [ [ [ 4564076.324264657683671, 4600555.321408430114388 ], [ 4564088.271343110129237, 4600569.899282803758979 ], [ 4564099.027136838063598, 4600588.591956790536642 ], [ 4564109.147994281724095, 4600610.21902809292078 ], [ 4564124.162410971708596, 4600635.87885851226747 ], [ 4564138.805849920958281, 4600673.062660692259669 ], [ 4564143.002990552224219, 4600684.303890844807029 ], [ 4564151.807015997357666, 4600704.20126401539892 ], [ 4564157.970262293703854, 4600720.306566085666418 ], [ 4564162.740956957451999, 4600738.63003737013787 ] ] ] } },
{ "type": "Feature", "properties": { "fid": 1259, "OBJECTID": 1281, "TIP": 2, "AD": "SANAYİ", "SHAPE_Leng": 122.378923601, "DÜZENLENE": null }, "geometry": { "type": "MultiLineString", "coordinates": [ [ [ 4562179.790804703719914, 4602304.22338261269033 ], [ 4562048.584218978881836, 4602387.820143390446901 ] ] ] } },
{ "type": "Feature", "properties": { "fid": 1260, "OBJECTID": 1282, "TIP": 1, "AD": "770", "SHAPE_Leng": 247.85230269600001, "DÜZENLENE": null }, "geometry": { "type": "MultiLineString", "coordinates": [ [ [ 4562173.379771183244884, 4602307.68889072816819 ], [ 4562008.301006959751248, 4602038.643091205507517 ] ] ] } },
{ "type": "Feature", "properties": { "fid": 1261, "OBJECTID": 1283, "TIP": 2, "AD": "DİYARBAKIR", "SHAPE_Leng": 6.4726312309200003, "DÜZENLENE": null }, "geometry": { "type": "MultiLineString", "coordinates": [ [ [ 4562401.594573679380119, 4600981.226875171065331 ], [ 4562393.54005038831383, 4600982.861854195594788 ] ] ] } },
{ "type": "Feature", "properties": { "fid": 1262, "OBJECTID": 1284, "TIP": 1, "AD": "774", "SHAPE_Leng": 127.963093903, "DÜZENLENE": null }, "geometry": { "type": "MultiLineString", "coordinates": [ [ [ 4562393.54005038831383, 4600982.861854195594788 ], [ 4562383.771104887127876, 4601145.702780024148524 ], [ 4562370.44001751113683, 4601318.131858575157821 ] ] ] } },
{ "type": "Feature", "properties": { "fid": 1263, "OBJECTID": 1285, "TIP": 2, "AD": "DİYARBAKIR", "SHAPE_Leng": 44.888328825000002, "DÜZENLENE": null }, "geometry": { "type": "MultiLineString", "coordinates": [ [ [ 4562393.54005038831383, 4600982.861854195594788 ], [ 4562376.376871733926237, 4600986.345597653649747 ], [ 4562338.587989669293165, 4600997.819208450615406 ] ] ] } },
{ "type": "Feature", "properties": { "fid": 1264, "OBJECTID": 1286, "TIP": 1, "AD": "ENTEGRE_SİLVAN_CAMİİ", "SHAPE_Leng": 34.094583564700002, "DÜZENLENE": null }, "geometry": { "type": "MultiLineString", "coordinates": [ [ [ 4565078.178377124480903, 4599545.684147862717509 ], [ 4565121.286873389966786, 4599541.830591288395226 ] ] ] } },
{ "type": "Feature", "properties": { "fid": 1265, "OBJECTID": 1287, "TIP": 1, "AD": "ENTEGRE_SİLVAN_BAĞLAR", "SHAPE_Leng": 22.010993610100002, "DÜZENLENE": null }, "geometry": { "type": "MultiLineString", "coordinates": [ [ [ 4564785.646993392147124, 4600731.920947319827974 ], [ 4564810.214514346793294, 4600718.550900897011161 ] ] ] } },
{ "type": "Feature", "properties": { "fid": 1266, "OBJECTID": 1288, "TIP": 1, "AD": "ENTEGRE_SİLVAN_BAHÇELİEVLER", "SHAPE_Leng": 16.918974144900002, "DÜZENLENE": null }, "geometry": { "type": "MultiLineString", "coordinates": [ [ [ 4564102.5711126383394, 4599875.433148423209786 ], [ 4564122.632842600345612, 4599867.732826521620154 ] ] ] } },
{ "type": "Feature", "properties": { "fid": 1267, "OBJECTID": 1289, "TIP": 1, "AD": "ENTEGRE_SİLVAN_FERİDUN", "SHAPE_Leng": 49.289067715599998, "DÜZENLENE": null }, "geometry": { "type": "MultiLineString", "coordinates": [ [ [ 4565873.917967229150236, 4599797.631323604844511 ], [ 4565843.550319440662861, 4599742.699278956279159 ] ] ] } },
{ "type": "Feature", "properties": { "fid": 1268, "OBJECTID": 1290, "TIP": 1, "AD": "ENTEGRE_SİLVAN_KALE", "SHAPE_Leng": 38.159962006599997, "DÜZENLENE": null }, "geometry": { "type": "MultiLineString", "coordinates": [ [ [ 4564363.235130273737013, 4600059.233403421938419 ], [ 4564408.040580653585494, 4600040.742100366391242 ] ] ] } },
{ "type": "Feature", "properties": { "fid": 1269, "OBJECTID": 1291, "TIP": 1, "AD": "ENTEGRE_SİLVAN_KONAK", "SHAPE_Leng": 30.8714731492, "DÜZENLENE": null }, "geometry": { "type": "MultiLineString", "coordinates": [ [ [ 4565985.652685135602951, 4598693.036979902535677 ], [ 4566023.356981578283012, 4598682.325152446515858 ] ] ] } },
{ "type": "Feature", "properties": { "fid": 1270, "OBJECTID": 1292, "TIP": 1, "AD": "ENTEGRE_SİLVAN_MESCİT", "SHAPE_Leng": 4.0038148370800002, "DÜZENLENE": null }, "geometry": { "type": "MultiLineString", "coordinates": [ [ [ 4565461.543933906592429, 4599011.183312511071563 ], [ 4565466.625112826935947, 4599011.08649673871696 ] ] ] } },
{ "type": "Feature", "properties": { "fid": 1271, "OBJECTID": 1293, "TIP": 1, "AD": "ENTEGRE_SİLVAN_SELAHATTİN", "SHAPE_Leng": 75.087345093500005, "DÜZENLENE": null }, "geometry": { "type": "MultiLineString", "coordinates": [ [ [ 4563994.933247485198081, 4599178.37688125949353 ], [ 4564089.40027348138392, 4599165.666320595890284 ] ] ] } },
{ "type": "Feature", "properties": { "fid": 1272, "OBJECTID": 1294, "TIP": 1, "AD": "ENTEGRE_SİLVAN_TEKEL", "SHAPE_Leng": 94.916338529499996, "DÜZENLENE": null }, "geometry": { "type": "MultiLineString", "coordinates": [ [ [ 4564659.536661189980805, 4597883.805571081116796 ], [ 4564779.876297692768276, 4597878.27298107650131 ] ] ] } },
{ "type": "Feature", "properties": { "fid": 1273, "OBJECTID": 1295, "TIP": 1, "AD": "ENTEGRE_SİLVAN_YÜKSEK", "SHAPE_Leng": 62.7581, "DÜZENLENE": null }, "geometry": { "type": "MultiLineString", "coordinates": [ [ [ 4568440.041157966479659, 4598797.053629264235497 ], [ 4568519.679087745957077, 4598795.295101227238774 ] ] ] } },
{ "type": "Feature", "properties": { "fid": 1274, "OBJECTID": 1296, "TIP": 2, "AD": "SANAYİ", "SHAPE_Leng": 47.920736868600002, "DÜZENLENE": null }, "geometry": { "type": "MultiLineString", "coordinates": [ [ [ 4562711.043713709339499, 4601929.092184877954423 ], [ 4562659.918254500254989, 4601962.217598142102361 ] ] ] } },
{ "type": "Feature", "properties": { "fid": 1275, "OBJECTID": 1297, "TIP": 1, "AD": "964", "SHAPE_Leng": 111.533491657, "DÜZENLENE": null }, "geometry": { "type": "MultiLineString", "coordinates": [ [ [ 4566007.089884098619223, 4599965.179359920322895 ], [ 4565981.82799066323787, 4599825.287842362187803 ] ] ] } },
{ "type": "Feature", "properties": { "fid": 1276, "OBJECTID": 1298, "TIP": 1, "AD": "960", "SHAPE_Leng": 54.509702891899998, "DÜZENLENE": null }, "geometry": { "type": "MultiLineString", "coordinates": [ [ [ 4565912.536252868361771, 4599939.15461304038763 ], [ 4565900.602490026503801, 4599870.71160854306072 ] ] ] } },
{ "type": "Feature", "properties": { "fid": 1277, "OBJECTID": 1299, "TIP": 1, "AD": "962", "SHAPE_Leng": 100.33758722899999, "DÜZENLENE": null }, "geometry": { "type": "MultiLineString", "coordinates": [ [ [ 4565974.142004321329296, 4599970.239600482396781 ], [ 4565952.611480388790369, 4599844.178654689341784 ] ] ] } },
{ "type": "Feature", "properties": { "fid": 1278, "OBJECTID": 1300, "TIP": 1, "AD": "966", "SHAPE_Leng": 100.635453578, "DÜZENLENE": null }, "geometry": { "type": "MultiLineString", "coordinates": [ [ [ 4566079.351964795030653, 4599911.590320575982332 ], [ 4566047.7396045839414, 4599787.299589497968554 ] ] ] } },
{ "type": "Feature", "properties": { "fid": 1279, "OBJECTID": 1301, "TIP": 1, "AD": "566", "SHAPE_Leng": 173.15720673000001, "DÜZENLENE": null }, "geometry": { "type": "MultiLineString", "coordinates": [ [ [ 4560503.64445705153048, 4599979.288681274279952 ], [ 4560307.415616653859615, 4600078.76382196135819 ] ] ] } },
{ "type": "Feature", "properties": { "fid": 1280, "OBJECTID": 1302, "TIP": 1, "AD": "743", "SHAPE_Leng": 93.233090525500003, "DÜZENLENE": null }, "geometry": { "type": "MultiLineString", "coordinates": [ [ [ 4561739.960244287736714, 4601424.91867461334914 ], [ 4561893.620527299121022, 4601350.139579189941287 ], [ 4561999.814831828698516, 4601297.632319602183998 ], [ 4562063.944861703552306, 4601264.654207864776254 ], [ 4562088.680046929977834, 4601243.576033238321543 ], [ 4562119.835022040642798, 4601154.396628759801388 ], [ 4562136.333505134098232, 4601116.109533135779202 ], [ 4562172.249174823984504, 4601102.694043630734086 ], [ 4562252.215720318257809, 4601088.332196875475347 ], [ 4562307.077418659813702, 4601077.670293428003788 ] ] ] } },
{ "type": "Feature", "properties": { "fid": 1281, "OBJECTID": null, "TIP": null, "AD": null, "SHAPE_Leng": null, "DÜZENLENE": null }, "geometry": { "type": "MultiLineString", "coordinates": [ [ [ 4568525.844212615862489, 4598424.339185086078942 ], [ 4568491.496255117468536, 4598436.371646009385586 ], [ 4568451.795049193315208, 4598456.300669254735112 ], [ 4568457.92100768815726, 4598475.135151114314795 ] ] ] } },
{ "type": "Feature", "properties": { "fid": 1282, "OBJECTID": null, "TIP": null, "AD": "1154", "SHAPE_Leng": null, "DÜZENLENE": "DÜZENLENEN" }, "geometry": { "type": "MultiLineString", "coordinates": [ [ [ 4568448.369435653090477, 4598358.863833215087652 ], [ 4568452.337926502339542, 4598368.935318972915411 ], [ 4568476.785206504166126, 4598368.611397255212069 ], [ 4568527.472706950269639, 4598357.831738783046603 ], [ 4568529.800387348979712, 4598366.30638693459332 ] ] ] } },
{ "type": "Feature", "properties": { "fid": 1283, "OBJECTID": null, "TIP": null, "AD": "1134", "SHAPE_Leng": null, "DÜZENLENE": "DÜZENLENEN" }, "geometry": { "type": "MultiLineString", "coordinates": [ [ [ 4567298.880067560821772, 4598914.414536666125059 ], [ 4567258.478062480688095, 4598942.638930940069258 ] ] ] } },
{ "type": "Feature", "properties": { "fid": 1284, "OBJECTID": null, "TIP": null, "AD": "112", "SHAPE_Leng": null, "DÜZENLENE": "YENİ" }, "geometry": { "type": "MultiLineString", "coordinates": [ [ [ 4564589.348199214786291, 4599560.993676851503551 ], [ 4564584.0026850765571, 4599570.170991531573236 ], [ 4564561.419559296220541, 4599566.846824771724641 ] ] ] } },
{ "type": "Feature", "properties": { "fid": 1285, "OBJECTID": null, "TIP": null, "AD": "320", "SHAPE_Leng": null, "DÜZENLENE": "YENİ" }, "geometry": { "type": "MultiLineString", "coordinates": [ [ [ 4564732.583551066927612, 4599127.44618799816817 ], [ 4564740.286566275171936, 4599151.965469871647656 ], [ 4564764.878009455278516, 4599168.941627953201532 ] ] ] } },
{ "type": "Feature", "properties": { "fid": 1286, "OBJECTID": null, "TIP": null, "AD": "569", "SHAPE_Leng": null, "DÜZENLENE": "YENİ" }, "geometry": { "type": "MultiLineString", "coordinates": [ [ [ 4561254.459082087501884, 4600930.592546918429434 ], [ 4561030.501996332779527, 4600847.626241778023541 ] ] ] } },
{ "type": "Feature", "properties": { "fid": 1287, "OBJECTID": null, "TIP": null, "AD": "581", "SHAPE_Leng": null, "DÜZENLENE": null }, "geometry": { "type": "MultiLineString", "coordinates": [ [ [ 4561811.735430321656168, 4601109.814408075064421 ], [ 4561784.153784610331059, 4601023.331350779160857 ], [ 4561754.958204654976726, 4600924.638848109170794 ], [ 4561727.538534328341484, 4600654.486803727224469 ], [ 4561714.651210637763143, 4600546.547219377011061 ] ] ] } },
{ "type": "Feature", "properties": { "fid": 1288, "OBJECTID": null, "TIP": null, "AD": "582", "SHAPE_Leng": null, "DÜZENLENE": null }, "geometry": { "type": "MultiLineString", "coordinates": [ [ [ 4561656.747098064981401, 4601154.697423483245075 ], [ 4561652.152842778712511, 4601012.548261730000377 ], [ 4561646.646649189293385, 4600928.320348595269024 ], [ 4561636.101581119000912, 4600701.534706898964942 ], [ 4561619.597791972570121, 4600665.537461221218109 ] ] ] } },
{ "type": "Feature", "properties": { "fid": 1289, "OBJECTID": null, "TIP": null, "AD": "PROF.DR.AZİZ SANCAR", "SHAPE_Leng": null, "DÜZENLENE": null }, "geometry": { "type": "MultiLineString", "coordinates": [ [ [ 4561151.734962206333876, 4600718.509000624530017 ], [ 4561393.796077431179583, 4600697.006304234266281 ], [ 4561602.202597501687706, 4600685.742248466238379 ], [ 4561772.920602041296661, 4600474.178533673286438 ], [ 4561805.453184355981648, 4600449.774655343033373 ], [ 4561893.314690348692238, 4600436.827743557281792 ], [ 4561970.634429437108338, 4600446.232280312106013 ] ] ] } },
{ "type": "Feature", "properties": { "fid": 1290, "OBJECTID": null, "TIP": null, "AD": "607", "SHAPE_Leng": null, "DÜZENLENE": null }, "geometry": { "type": "MultiLineString", "coordinates": [ [ [ 4562984.456814536824822, 4600700.599560221657157 ], [ 4562905.043135283514857, 4600756.730502459220588 ] ] ] } },
{ "type": "Feature", "properties": { "fid": 1291, "OBJECTID": null, "TIP": null, "AD": "671", "SHAPE_Leng": null, "DÜZENLENE": null }, "geometry": { "type": "MultiLineString", "coordinates": [ [ [ 4563117.204604309052229, 4600509.311890036799014 ], [ 4563098.908487972803414, 4600509.026203386485577 ], [ 4563043.261936093680561, 4600536.074803163297474 ], [ 4562957.610599293373525, 4600585.537354042753577 ], [ 4562929.462939129211009, 4600599.748630537651479 ], [ 4562872.931645603850484, 4600680.554631732404232 ] ] ] } },
{ "type": "Feature", "properties": { "fid": 1292, "OBJECTID": 1135, "TIP": 1, "AD": "674", "SHAPE_Leng": 220.48106374, "DÜZENLENE": null }, "geometry": { "type": "MultiLineString", "coordinates": [ [ [ 4562984.935124914161861, 4600700.275471731089056 ], [ 4562958.77023705188185, 4600586.919659413397312 ], [ 4562958.161198577843606, 4600584.834762901999056 ] ] ] } },
{ "type": "Feature", "properties": { "fid": 1293, "OBJECTID": null, "TIP": null, "AD": "673", "SHAPE_Leng": null, "DÜZENLENE": null }, "geometry": { "type": "MultiLineString", "coordinates": [ [ [ 4562928.785837152041495, 4600599.76322023011744 ], [ 4562843.845613788813353, 4600476.430181920528412 ] ] ] } },
{ "type": "Feature", "properties": { "fid": 1294, "OBJECTID": null, "TIP": null, "AD": "612", "SHAPE_Leng": null, "DÜZENLENE": null }, "geometry": { "type": "MultiLineString", "coordinates": [ [ [ 4564099.099554280750453, 4600532.645237512886524 ], [ 4564073.531996756792068, 4600446.129721636883914 ], [ 4564007.476875661872327, 4600335.323417140170932 ] ] ] } },
{ "type": "Feature", "properties": { "fid": 1295, "OBJECTID": null, "TIP": null, "AD": "643", "SHAPE_Leng": null, "DÜZENLENE": null }, "geometry": { "type": "MultiLineString", "coordinates": [ [ [ 4563219.690762127749622, 4600415.653107643127441 ], [ 4563228.238326221704483, 4600403.564763096161187 ], [ 4563248.722192738205194, 4600395.300215159542859 ], [ 4563255.205447488464415, 4600397.541101922281086 ], [ 4563270.902142474427819, 4600402.984283725731075 ], [ 4563291.294813715852797, 4600406.285424468107522 ], [ 4563296.314763639122248, 4600403.456186983734369 ], [ 4563303.955743244849145, 4600396.48903626948595 ], [ 4563313.001823586411774, 4600391.872338167391717 ], [ 4563324.130095493979752, 4600389.591470795683563 ], [ 4563335.116311148740351, 4600396.496671655215323 ], [ 4563341.614138893783092, 4600399.417412942275405 ], [ 4563350.036762818694115, 4600401.27626361977309 ] ] ] } },
{ "type": "Feature", "properties": { "fid": 1296, "OBJECTID": null, "TIP": null, "AD": "555", "SHAPE_Leng": null, "DÜZENLENE": null }, "geometry": { "type": "MultiLineString", "coordinates": [ [ [ 4563512.017502198927104, 4599600.799342297948897 ], [ 4563409.355408322997391, 4599677.835557513870299 ] ] ] } },
{ "type": "Feature", "properties": { "fid": 1297, "OBJECTID": null, "TIP": null, "AD": "729", "SHAPE_Leng": null, "DÜZENLENE": null }, "geometry": { "type": "MultiLineString", "coordinates": [ [ [ 4564545.168335536494851, 4600927.391131672076881 ], [ 4564525.826304396614432, 4600942.825700622983277 ], [ 4564481.822806563228369, 4600982.50302027631551 ] ] ] } },
{ "type": "Feature", "properties": { "fid": 1298, "OBJECTID": null, "TIP": null, "AD": "KEMAL GEÇMEZ", "SHAPE_Leng": null, "DÜZENLENE": null }, "geometry": { "type": "MultiLineString", "coordinates": [ [ [ 4563209.067291868850589, 4601156.241294847801328 ], [ 4562719.539645665325224, 4601302.719135168008506 ], [ 4562518.598104555159807, 4601327.590596178546548 ], [ 4562203.402736563235521, 4601309.076510788872838 ], [ 4562170.397443500347435, 4601311.365939810872078 ] ] ] } },
{ "type": "Feature", "properties": { "fid": 1299, "OBJECTID": null, "TIP": null, "AD": "734", "SHAPE_Leng": null, "DÜZENLENE": null }, "geometry": { "type": "MultiLineString", "coordinates": [ [ [ 4562670.812074955552816, 4601158.357573586516082 ], [ 4562719.539645664393902, 4601302.719135168008506 ] ] ] } },
{ "type": "Feature", "properties": { "fid": 1300, "OBJECTID": null, "TIP": null, "AD": "732", "SHAPE_Leng": null, "DÜZENLENE": null }, "geometry": { "type": "MultiLineString", "coordinates": [ [ [ 4562861.863991094753146, 4601260.140116582624614 ], [ 4562747.055387096479535, 4600895.930778345093131 ] ] ] } },
{ "type": "Feature", "properties": { "fid": 1301, "OBJECTID": null, "TIP": null, "AD": "730", "SHAPE_Leng": null, "DÜZENLENE": null }, "geometry": { "type": "MultiLineString", "coordinates": [ [ [ 4562934.733835089020431, 4601061.002813631668687 ], [ 4562974.463969383388758, 4601226.102764473296702 ] ] ] } },
{ "type": "Feature", "properties": { "fid": 1302, "OBJECTID": 168, "TIP": 1, "AD": "747", "SHAPE_Leng": 330.25439666599999, "DÜZENLENE": null }, "geometry": { "type": "MultiLineString", "coordinates": [ [ [ 4561789.777148246765137, 4601332.67312231939286 ], [ 4561868.47821893915534, 4601293.597741782665253 ], [ 4561994.589686537161469, 4601229.938157510012388 ] ] ] } },
{ "type": "Feature", "properties": { "fid": 1303, "OBJECTID": 168, "TIP": 1, "AD": "746", "SHAPE_Leng": 330.25439666599999, "DÜZENLENE": null }, "geometry": { "type": "MultiLineString", "coordinates": [ [ [ 4561965.10602645855397, 4601166.558690932579339 ], [ 4561839.249220884405077, 4601224.972447788342834 ], [ 4561868.251524492166936, 4601293.499781102873385 ], [ 4561924.62355001270771, 4601422.806499493308365 ] ] ] } },
{ "type": "Feature", "properties": { "fid": 1304, "OBJECTID": null, "TIP": null, "AD": "748", "SHAPE_Leng": null, "DÜZENLENE": null }, "geometry": { "type": "MultiLineString", "coordinates": [ [ [ 4562054.276046963408589, 4601381.181396090425551 ], [ 4561994.393027480691671, 4601229.942377491854131 ], [ 4561967.876044414006174, 4601167.289529399015009 ], [ 4561942.747787426225841, 4601095.914273373782635 ] ] ] } },
{ "type": "Feature", "properties": { "fid": 1305, "OBJECTID": 5, "TIP": 2, "AD": "KEMAL GEÇMEZ", "SHAPE_Leng": 508.26086644200001, "DÜZENLENE": null }, "geometry": { "type": "MultiLineString", "coordinates": [ [ [ 4562171.784875879064202, 4601309.718854625709355 ], [ 4562171.145466239191592, 4601310.641808239743114 ], [ 4562141.455914479680359, 4601336.471571981906891 ], [ 4562062.37746705301106, 4601378.207068147137761 ], [ 4561990.556753902696073, 4601403.141412896104157 ], [ 4561911.522784846834838, 4601426.855763793922961 ] ] ] } },
{ "type": "Feature", "properties": { "fid": 1306, "OBJECTID": null, "TIP": null, "AD": "KEMAL GEÇMEZ", "SHAPE_Leng": null, "DÜZENLENE": null }, "geometry": { "type": "MultiLineString", "coordinates": [ [ [ 4560518.343875873833895, 4601172.307600499130785 ], [ 4560567.747980931773782, 4601201.186061820015311 ], [ 4560809.829025322571397, 4601335.111314083449543 ], [ 4561439.494072446599603, 4601634.609476170502603 ] ] ] } },
{ "type": "Feature", "properties": { "fid": 1307, "OBJECTID": 613, "TIP": 2, "AD": "KEMAL GEÇMEZ", "SHAPE_Leng": 814.46086644800005, "DÜZENLENE": null }, "geometry": { "type": "MultiLineString", "coordinates": [ [ [ 4561439.596235387958586, 4601634.585144468583167 ], [ 4561436.367457190528512, 4601635.621901186183095 ] ] ] } },
{ "type": "Feature", "properties": { "fid": 1308, "OBJECTID": 613, "TIP": 2, "AD": "KEMAL GEÇMEZ", "SHAPE_Leng": 814.46086644800005, "DÜZENLENE": null }, "geometry": { "type": "MultiLineString", "coordinates": [ [ [ 4561659.098221181891859, 4601554.668216277845204 ], [ 4561585.698322092182934, 4601582.641634833998978 ], [ 4561502.505831112153828, 4601614.384729533456266 ], [ 4561439.596235387958586, 4601634.585144468583167 ] ] ] } },
{ "type": "Feature", "properties": { "fid": 1309, "OBJECTID": null, "TIP": null, "AD": "744", "SHAPE_Leng": null, "DÜZENLENE": null }, "geometry": { "type": "MultiLineString", "coordinates": [ [ [ 4560606.056929806247354, 4601300.83337411750108 ], [ 4560455.644410342909396, 4601221.850542684085667 ] ] ] } },
{ "type": "Feature", "properties": { "fid": 1310, "OBJECTID": null, "TIP": null, "AD": "745", "SHAPE_Leng": null, "DÜZENLENE": null }, "geometry": { "type": "MultiLineString", "coordinates": [ [ [ 4560513.017302977852523, 4601255.400052082724869 ], [ 4560399.767885042354465, 4601631.621844975277781 ] ] ] } },
{ "type": "Feature", "properties": { "fid": 1311, "OBJECTID": null, "TIP": null, "AD": "749", "SHAPE_Leng": null, "DÜZENLENE": null }, "geometry": { "type": "MultiLineString", "coordinates": [ [ [ 4560489.820619005709887, 4601237.718051669187844 ], [ 4560517.59063193295151, 4601173.904200109653175 ] ] ] } },
{ "type": "Feature", "properties": { "fid": 1312, "OBJECTID": null, "TIP": null, "AD": "737", "SHAPE_Leng": null, "DÜZENLENE": null }, "geometry": { "type": "MultiLineString", "coordinates": [ [ [ 4560564.299981132149696, 4600889.204622969031334 ], [ 4560499.151234774850309, 4601083.416271993890405 ] ] ] } },
{ "type": "Feature", "properties": { "fid": 1313, "OBJECTID": null, "TIP": null, "AD": "768", "SHAPE_Leng": null, "DÜZENLENE": null }, "geometry": { "type": "MultiLineString", "coordinates": [ [ [ 4562109.543773366138339, 4602091.770876597613096 ], [ 4562228.290188169106841, 4602271.790538803674281 ] ] ] } },
{ "type": "Feature", "properties": { "fid": 1314, "OBJECTID": null, "TIP": null, "AD": "772", "SHAPE_Leng": null, "DÜZENLENE": null }, "geometry": { "type": "MultiLineString", "coordinates": [ [ [ 4562286.53610345069319, 4602234.973129403777421 ], [ 4562236.493146455846727, 4602139.626055273227394 ] ] ] } },
{ "type": "Feature", "properties": { "fid": 1315, "OBJECTID": null, "TIP": null, "AD": "750", "SHAPE_Leng": null, "DÜZENLENE": null }, "geometry": { "type": "MultiLineString", "coordinates": [ [ [ 4560414.274558704346418, 4601573.225366132333875 ], [ 4562074.522313282825053, 4602369.145605696365237 ] ] ] } },
{ "type": "Feature", "properties": { "fid": 1316, "OBJECTID": null, "TIP": null, "AD": "EYŞE ŞAN", "SHAPE_Leng": null, "DÜZENLENE": null }, "geometry": { "type": "MultiLineString", "coordinates": [ [ [ 4561286.545334438793361, 4600471.948616600595415 ], [ 4561361.136204383336008, 4601020.359489737078547 ], [ 4561322.777003522031009, 4601067.015332759357989 ] ] ] } },
{ "type": "Feature", "properties": { "fid": 1317, "OBJECTID": null, "TIP": null, "AD": "583", "SHAPE_Leng": null, "DÜZENLENE": null }, "geometry": { "type": "MultiLineString", "coordinates": [ [ [ 4561492.474316243082285, 4600756.766141688451171 ], [ 4561327.488779990002513, 4600769.779698605649173 ] ] ] } },
{ "type": "Feature", "properties": { "fid": 1318, "OBJECTID": null, "TIP": null, "AD": "578", "SHAPE_Leng": null, "DÜZENLENE": null }, "geometry": { "type": "MultiLineString", "coordinates": [ [ [ 4561362.675928748212755, 4601018.746025992557406 ], [ 4561649.006357956677675, 4601012.615672492422163 ] ] ] } },
{ "type": "Feature", "properties": { "fid": 1319, "OBJECTID": null, "TIP": null, "AD": "585", "SHAPE_Leng": null, "DÜZENLENE": null }, "geometry": { "type": "MultiLineString", "coordinates": [ [ [ 4561796.182164461351931, 4600457.875563154928386 ], [ 4560946.708136489614844, 4600477.630622555501759 ] ] ] } }
]
}
